:1000000000000220C9460100F1460100F34601004C
:10001000F5460100F7460100F94601000000000026
:10002000000000000000000000000000FB4601008E
:10003000FD46010000000000FF46010001470100ED
:100040000347010003470100694501002D450100F8
:100050004145010003470100AD390100034701009C
:100060000D420100154201001D420100034701003D
:100070000347010003470100034701000347010054
:100080000347010003470100034701000347010044
:100090000347010003470100034701000347010034
:1000A0000347010003470100254201002D420100E2
:1000B00003470100034701000000000000000000AA
:1000C00003470100034701000347010055450100B4
:1000D00003470100034701000347010003470100F4
:1000E0009145010000000000000000000000000039
:1000F0000000000003470100000000007D450100F2
:1001000000000000000000000000000000000000EF
:1001100000000000000000000000000000000000DF
:1001200000000000000000000000000000000000CF
:1001300000000000000000000000000000000000BF
:1001400000000000000000000000000000000000AF
:10015000000000000000000000000000000000009F
:10016000000000000000000000000000000000008F
:10017000000000000000000000000000000000007F
:10018000000000000000000000000000000000006F
:10019000000000000000000000000000000000005F
:1001A000000000000000000000000000000000004F
:1001B000000000000000000000000000000000003F
:1001C000000000000000000000000000000000002F
:1001D000000000000000000000000000000000001F
:1001E000000000000000000000000000000000000F
:1001F00000000000000000000000000000000000FF
:100200007CB0EE877CB0EE87FF00FF00FF00FF00B0
:10021000FF00FF00FF00FF00FF00FF00FF00FF00E6
:10022000FF00FF00FF00FF00FF00FF00FF00FF00D6
:10023000FF00FF00FF00FF002DE9F04F85B00391A4
:100240000778A7F10903042B044607F07F0200F1A9
:100250000100F5D9202AF3D02B2F04BF677804467C
:100260002D2F72D09FED427B8DED007B4FF000086B
:100270004FF000098FB34FF0000E4FF0000ADFF887
:1002800000B1754619E016F00DFF804689463046EC
:1002900016F0A2FE42464B4616F052FD52468046EC
:1002A00089465B46DDE9000135B317F025F8CDE955
:1002B0000001AE4614F8017F7FB1A7F13006092E88
:1002C00052465B4640464946DDD9C5B92E2F16D168
:1002D00014F8017F0125002FEFD142464B46DDE99E
:1002E000000116F0DFFE80468946039B40464946E2
:1002F0001C6005B0BDE8F08F4FF0010EDAE7BEF1EB
:10030000000F29D042464B46DDE9000116F0CAFE37
:1003100007F0DF07452F80468946E6D10399601C28
:100320000A2216F0F1FC16490246002017F01AFACC
:1003300002460B464046494616F0B4FE80468946C2
:100340004046494605B0BDE8F08F9FED0B7B6778CE
:100350008DED007B013489E7DFF828904FF000082D
:100360004046494605B0BDE8F08F00BFAFF30080BE
:10037000000000000000F03F000000000000F0BF9F
:10038000000024400000F87F2DE9F84F16460023B6
:10039000002204460D4617F0F7F8002840F09D8033
:1003A000002200232046294617F0E4F828B1302225
:1003B000002332707370BDE8F88F2046294615F08F
:1003C00073F917F01FF97BA3D3E90023814629466F
:1003D000204617F0D9F8002800F08680B9F1000F08
:1003E000C0F2BE804A4600206F4917F0BBF90246B2
:1003F0000B462046294616F07FFF04460D4666A1AF
:10040000D1E9000101274FF0000822462B4616F0E3
:1004100049FE0022654B16F093FC17F0DFF9002F20
:10042000CC464FF0FF3AC1464FF0000840F38580BC
:10043000DFF888E15E4C0122AEF1700945F6F32544
:100440004FF02E0BA94208BFA0424FF0300309D352
:10045000001B61EB0501A94208BFA04203F10103A3
:10046000F6D2DBB2337050EA010306F1010409D180
:10047000BA4210DACE4502F101020CD026467EE8DF
:100480000245DFE7BA4204BF86F801B0B41CCE458E
:1004900002F10102F2D1B8F1000F0DD02246302155
:1004A00002F8011BC2F1010353442344002BF7DC83
:1004B0002AEAEA7301331C44BCF1010F4CD06523D6
:1004C000BCF1000F2370C5BF2B236370611CA11CFE
:1004D0006046BDE8F84F0FF075B805F100431D46C2
:1004E0002D23337001365BE72DA3D3E9002320468B
:1004F000294617F067F800287FF470AFB9F10E0FA6
:1005000009F101073DDDA9F10E0842460020264908
:1005100017F028F902460B462046294616F0ECFE55
:100520000022224B16F00CFC17F058F9002FA9F10D
:100530000F0A4FF0010C3FF77BAF334630222E24D9
:1005400003F8022B74707FEA090618D01E4403F8E2
:10055000012BB342FBD16BE700232370BDE8F88F7A
:10056000C9F100020020104917F0FCF802460B46C2
:100570002046294616F096FD04460D463FE71E46E6
:1005800056E7C9F10E0200200749C84617F0EAF8FD
:100590004FF0010939E700BF0000901EC4BCD642ED
:1005A00050EFE2D6E41A4B44000024400000E03F44
:1005B00000407A108DEDB5A0F7C6B03E90820100E4
:1005C00070B54FF0FF3006F0B5F904466FF07F408C
:1005D00006F0B0F90646204616F0EEFC00220C4B61
:1005E00016F060FD044630460D4616F0E5FC06A305
:1005F000D3E9002316F080FE02460B46204629462A
:1006000016F09EFB70BD00BF0000E0DFFFFF6F43F0
:100610000000F03D0000000008B510F07FFADFEDAB
:100620000C7A07EE100A67EE277A17EE900A16F09A
:10063000E5FC05A3D3E9002316F05EFE16F0E2FF09
:1006400008BD00BFAFF30080EA2E4454FB211940DF
:100650000000B4430000000008B510F073FADFEDAD
:100660000C7A07EE100A67EE277A17EE900A16F05A
:10067000C5FC05A3D3E9002316F03EFE16F0C2FF29
:1006800008BD00BFAFF30080EA2E4454FB2119409F
:100690000000B44300000000494A21F000439342A7
:1006A0002DE9704304460D464BDC464A93420E4604
:1006B0000EDC3FA3D3E9002316F042FB0022424B9D
:1006C00016F080FF00284CD020462946BDE87083F4
:1006D0003E4A93423BDCB3F1804F42DD14F0DEFB37
:1006E0002246804689462B462046294616F0DAFCEB
:1006F0000022354B16F024FB15F094FA02460B4607
:100700004046494616F01CFB02460B4600202E4987
:1007100016F0F2FD424604460D464B464046494619
:1007200016F00EFB02460B462046294616F008FB43
:1007300002F06AF8002EC9DC01F100431946BDE859
:10074000708302460B4616F0FBFABDE8708314F086
:10075000A5FB02F059F818A3D3E9002316F0F0FA2C
:10076000E8E722462B462046294616F09BFC8046A9
:1007700089462046294614F091FB002204460D4686
:10078000114B4046494616F0DBFA15F04BFA0022B1
:100790000D4B16F0D5FA02460B464046494616F078
:1007A000ABFD22462B4616F0CBFA00F0C5FAC1E7A6
:1007B0009C7500883CE4377EEF39FAFE422EE63F16
:1007C000FFFFEF7FFFFF2F3E0000F03F0000B04132
:1007D0002DE9F84FC44B21F000469E4204460D46D9
:1007E0008A460EDDC14B9E4200F3AC8000F0A7802C
:1007F000BAF1000F40F3EA809FA1D1E90001BDE802
:10080000F88FBB4B9E4200F3B580A3F1DE739E428E
:1008100040F3A0804FF0FF3B22462B46204629465E
:1008200016F040FC02460B468046894616F03AFC1C
:1008300093A3D3E9002306460F4616F033FC92A398
:10084000D3E9002316F07CFA32463B4616F02AFC28
:100850008FA3D3E9002316F073FA32463B4616F015
:1008600021FC8DA3D3E9002316F06AFA32463B46F9
:1008700016F018FC8AA3D3E9002316F061FA324679
:100880003B4616F00FFC88A3D3E9002316F058FA74
:1008900042464B4616F006FC85A3D3E9002380466A
:1008A00089463046394616F0FDFB83A3D3E9002381
:1008B00016F044FA32463B4616F0F4FB80A3D3E927
:1008C000002316F03BFA32463B4616F0EBFB7EA3C4
:1008D000D3E9002316F032FA32463B4616F0E2FB2B
:1008E0007BA3D3E9002316F029FA32463B4616F0E3
:1008F000D9FBBBF1FF3F02460B466CD04046494650
:1009000016F01EFA22462B4616F0CCFB794E7A4B97
:100910004FEACB0B5E449B44DBE9002316F00EFA52
:1009200022462B4616F00AFA02460B46D6E900018B
:1009300016F004FABAF1000F43DBBDE8F88F002887
:100940003FF456AF22462B462046294616F0F8F9CA
:10095000BDE8F88F60A3D3E9002316F0F1F9002277
:10096000664B16F02FFE00283FF454AF2046294670
:10097000BDE8F88F14F092FA614B9E4204460D4692
:1009800039DCA3F550239E425EDC02460B4616F08E
:10099000D7F90022594B16F0D1F9002206460F462E
:1009A0004FF080432046294616F0CAF902460B460E
:1009B0003046394616F0A0FC4FF0000B04460D46B9
:1009C0002AE701F100431946BDE8F88F44A1D1E9B7
:1009D0000001BDE8F88F4046494616F0B1F92246BD
:1009E0002B4616F05FFB02460B462046294616F0C2
:1009F000A5F9BDE8F88F434B9E421ADC0022424B1A
:100A000016F09CF9002206460F463F4B2046294629
:100A100016F048FB0022394B16F092F902460B46BD
:100A20003046394616F068FC4FF0020B04460D467E
:100A3000F2E602460B460020344916F05DFC4FF00A
:100A4000030B04460D46E7E600222C4B16F076F920
:100A5000002206460F46294B2046294616F070F91B
:100A600002460B463046394616F046FC4FF0010B65
:100A700004460D46D0E600BF182D4454FB21F93F33
:100A800011DA22E33AAD903FEB0D76244B7BA93F80
:100A9000513DD0A0660DB13F6E204CC5CD45B73F4E
:100AA000FF8300922449C23F0D5555555555D53FFA
:100AB0002F6C6A2C44B4A2BF9AFDDE522DDEAD3FEE
:100AC0006D9A74AFF2B0B33F711623FEC671BC3F8E
:100AD000C4EB98999999C93F9C7500883CE4377E8E
:100AE000182D4454FB21F9BFFFFF0F440000F07F95
:100AF000FFFFDB3FA0820100C08201000000F03F49
:100B0000FFFFF23FFF7F03400000F83F0000F0BF0F
:100B10002DE9F843C1F30A59A9F2FF35132D024616
:100B20000B460C4606468846074622DC002D50DB65
:100B3000DFF8F09049FA05F901EA090E5EEA0606C7
:100B40001CD036A3D3E9002316F0FAF800220023C4
:100B500016F038FD48B1002C04DD4FF4801343FA41
:100B600005F5A84428EA0904002721463846BDE8CF
:100B7000F883332D06DDB5F5806F3DD0104619465C
:100B8000BDE8F883A9F213494FF0FF3E2EFA09F9A8
:100B900010EA090FF2D021A3D3E9002316F0D0F810
:100BA0000022002316F00EFD0028DED0002C09DD07
:100BB000142D2BD00127C5F1340507FA05F5AE1920
:100BC00028BFB844444626EA090721463846BDE80E
:100BD000F88312A3D3E9002316F0B2F80022002311
:100BE00016F0F0FC0028C0D0002C0BDB54EA0607FE
:100BF00006D00027084CB8E716F0A2F8BDE8F88345
:100C00003C46B2E700274FF00044AEE704F101088C
:100C1000D8E700BFAFF300800000F03F9C7500886C
:100C20003CE4377EFFFF0F002DE9F041C1F30A5786
:100C3000A7F2FF35132D02460B460C4688460646A2
:100C40001CDC002D3FDB3A4F2F41864601EA070CA2
:100C50005CEA0E0E17D034A3D3E9002316F070F827
:100C60000022002316F0AEFC20B1002C3FDB28EA66
:100C70000704002621463046BDE8F081332D06DD0D
:100C8000B5F5806F2FD010461946BDE8F081A7F268
:100C900013474FF0FF3E2EFA07F73842F3D022A356
:100CA000D3E9002316F04CF80022002316F08AFC4A
:100CB0000028DFD0002C20DB444626EA0706214628
:100CC0003046BDE8F08118A3D3E9002316F038F8C8
:100CD0000022002316F076FC0028CBD0002C17DB76
:100CE00000263446C6E716F02BF8BDE8F0814FF435
:100CF000801343FA05F5A844B9E7142D10D0012359
:100D0000C5F1340503FA05F5AE1928BF9844D3E7B9
:100D100024F00042074B324318BF1C460026A9E7C7
:100D200004F10108C8E700BF9C7500883CE4377EE9
:100D3000FFFF0F000000F0BF2DE9F04FD84B9942A4
:100D400087B0804689460E4613DCD64B21F000441E
:100D50009C4218DD0022D44B16F00CFC002879D000
:100D6000002200230020D14916F0C6FA07B0BDE8E2
:100D7000F08FCF4B99422FDD42464B4615F0E0FFF6
:100D800007B0BDE8F08FCB4B9C4270DDCA4B1E44D0
:100D90009E427ED80022C94B4046494615F0D0FFFE
:100DA0004FEA215AAAF2FF3ABAF1000F04460D4663
:100DB0000E4640F3DE8142464B4615F0BFFF024629
:100DC0000B460020BD4915F0B9FF22462B4616F010
:100DD00093FACDE902010BE0B94B9E42DADD9FEDBB
:100DE0009A7B8DED027B4FEA265A4446AAF2FF3ADF
:100DF000B44BC6F313069E4246F07F5500F3E780DE
:100E000045F44015204629460022AC4B15F096FFCC
:100E1000002204460D46AC4B16F044F922462B4600
:100E200016F040F9A046CDE90401A946CDE900013C
:100E3000002E3AD1002200232046294616F09AFBC4
:100E4000002800F0CE80BAF1000F40F0748100203D
:100E5000002195E742464B464046314615F06EFF6D
:100E600002460B4616F048FA07B0BDE8F08F0022A4
:100E7000964B15F065FF0022002316F0A3FB002817
:100E800000F0CC80924B9C4200F3C880404649461B
:100E900076E700228C4B16F005F942464B4616F0D9
:100EA00001F9CDE900014FF0000A00224FF0804324
:100EB0004046494615F044FF02460B464046494627
:100EC00016F01AFA02460B4606460F4616F0EAF8E6
:100ED0005FA3D3E9002304460D4616F0E3F85EA3B2
:100EE000D3E9002315F02CFF22462B4616F0DAF842
:100EF0005BA3D3E9002315F023FF22462B4616F00F
:100F0000D1F859A3D3E9002315F01AFF22462B4646
:100F100016F0C8F856A3D3E9002315F011FF2246B6
:100F20002B4616F0BFF854A3D3E9002315F008FFB1
:100F300022462B4616F0B6F851A3D3E9002315F04C
:100F4000FFFE22462B4616F0ADF804460D46BAF1D8
:100F5000000F00F0BF80504616F03EF84AA3D3E9D8
:100F6000002382468B4616F09DF8DDE90023CDE98B
:100F700004012046294615F0E3FE32463B4616F0B2
:100F800091F843A3D3E9002304460D465046594641
:100F900016F088F8DDE9022315F0D2FE02460B4672
:100FA0002046294615F0CCFE02460B46DDE900013D
:100FB00015F0C4FE42464B4615F0C0FE02460B46F5
:100FC000DDE9040115F0BAFE07B0BDE8F08F45F485
:100FD0000015C6F5801620462946B6100AF1010A0A
:100FE00012E72DA3D3E900232046294616F05AF82C
:100FF00002460B460020314915F0A0FEDDE904232E
:1010000016F050F806460F46BAF1000F73D10246AB
:101010000B462046294615F091FEB1E642464B4666
:101020004046494616F03EF80022274B16F03AF8A3
:1010300002460B464046494615F080FE07B0BDE823
:10104000F08F00BFAFF30080000000000000000040
:1010500044523EDF12F1C23F9FC678D0099AC33F87
:10106000DE03CB966446C73FAF788E1DC571CC3F7B
:10107000599322942449D23F04FA97999999D93FD8
:10108000935555555555E53F0000E0FE422EE63F8D
:10109000763C7935EF39EA3D555555555555E53F7F
:1010A0007982DA3FFFFFEF3F0000F0BF000050C33E
:1010B000FFFFEF7FFFFF1F3E3C412D400000F03F50
:1010C000FFFF3F439DA006000000E03F00005043AB
:1010D000FFFF8F3CDDE9004522462B4615F030FE30
:1010E00032463B4615F0DEFF02460B4620462946B7
:1010F00015F024FE9CE7504615F06EFF23A3D3E9BC
:10110000002382468B4615F0CDFF22A3D3E90023AE
:10111000804689465046594615F0C4FFDDE9022352
:1011200015F00EFE02460B463046394615F006FE17
:1011300022462B46DCE7504615F04EFF15A3D3E9B7
:10114000002306460F4615F0ADFFDDE9022315F03A
:10115000F7FD0EA3D3E9002304460D463046394679
:1011600015F0A0FF02460B462046294615F0E8FD83
:1011700006E60022044B15F0E1FD02460B46404610
:10118000494615F0DBFD20E60000F03F0000E0FEE0
:10119000422EE63F763C7935EF39EA3D000000000B
:1011A00008B514F001FA04A3D3E9002316F0A4F85B
:1011B00008BD00BFAFF30080EF39FAFE422EE63FD4
:1011C0002DE9F043DFF8B4808BB004460D4601F002
:1011D000F3F898F90030013306460F462BD022462B
:1011E0002B462046294616F0F7F9814618BB2046C3
:1011F000294613F053FE1FA3D3E9002316F0E2F9AA
:10120000C8B1194A98F90030CDF820900321CDE9F2
:101210000445CDE902458DE806008BB9134B4FF02C
:101220006042CDE90623684615F08AFB70B1089B41
:101230009BB9DDE90667304639460BB0BDE8F0835F
:101240000B490020022BCDE90601ECD115F004FD7D
:1012500022230360089B002BEBD015F0FDFC089BBC
:101260000360E6E7AFF3008000940100FFFFEF4763
:101270000000F07F7DF8B98FCE338640FB0100205F
:101280002DE9F043DFF8E4808BB004460D4601F011
:1012900043F998F90030013306460F4633D0204613
:1012A000294615F047FB70B32CA3D3E90023204651
:1012B000294616F087F9814650BB2AA3D3E90023BB
:1012C0002046294616F060F9E8B198F90030204A26
:1012D000CDF82090002600270421022BCDE90445FB
:1012E000CDE90245CDE906678DE8060029D06846BC
:1012F00015F026FB28B3089B1BB115F0ADFC089B2D
:101300000360DDE90667304639460BB0BDE8F0837F
:101310000F4A98F90030019203210022CDE90445DB
:10132000CDE90245009108922BB90A4B4FF060427B
:10133000CDE90623DBE708490020022BCDE90601B1
:10134000D5D115F089FC22230360D4E7AFF30080E8
:1013500008940100FFFFEF470000F07FEF39FAFE2D
:10136000422E864051302DD5104987C0FB01002008
:101370002DE9F04FDFF80C938DB006460F4614466A
:101380001D4601F0C5FC99F90080B8F1FF3FCDE999
:10139000000136D022462B462046294616F01CF97D
:1013A000834670BB32463B463046394616F014F948
:1013B0008246002840F0A2803046394600220023B1
:1013C00016F0D8F810B3002200232046294616F064
:1013D000D1F8834600286AD09FEDA17B0122A44B5F
:1013E000CDF828A00292CDE90467CDE906458DED40
:1013F000087B0393B8F1000F45D09FED9B7B8DEDEB
:10140000007BDDE900010DB0BDE8F08FDDE90001F2
:1014100015F090FA8046002800F08D804FF0000A09
:101420004FF0000BDDE9000152465B4616F0A2F8D2
:101430000028E6D03046394615F07CFA0028E0D086
:101440002046294615F076FA0028DAD099F90030BE
:10145000874A039204210022022BCDE90467CDE9DB
:101460000645CDE908AB02910A9203D002A815F017
:1014700067FA68B915F0F0FB2223036008E09FEDDE
:10148000787B8DED087B02A815F05AFA002830D041
:101490000A9B1BB115F0E0FB0A9B03609DED087BE6
:1014A0008DED007BDDE900010DB0BDE8F08F204639
:1014B000294615F03FFA0028A3D000220023204639
:1014C000294616F061F800289BD099F90030684A47
:1014D000CDF828B00121CDE90467CDE90645029198
:1014E0000392002BCBD063490020022BCDE90801E9
:1014F000C9D115F0B1FB21230360C9E70022002305
:101500002046294616F036F800283FF47AAF5A4BA9
:101510005749CDF828B000220120B8F1020FCDE9DB
:1015200004670290CDE90645CDE908230391AAD1CD
:10153000CDE9002365E73046394615F0FBF9002870
:101540003FF46CAF2046294615F0F4F900283FF42B
:1015500065AFDDE900231046194616F03DF8002876
:101560005FD1032399F900800293414B0A90CDE9A2
:101570000467CDE906450393B8F1000F2BD1DFF8DE
:1015800008B14FF0604A0022002330463946CDE9C9
:1015900008AB15F0F9FF00283FF468AF0022374B85
:1015A0002046294615F07EFD04460D4615F0D0F97B
:1015B00002460B462046294615F0DCFF70BB304B37
:1015C00099F900804FF06042CDE90823B8F1020F8D
:1015D0007FF44CAF4EE7DFF8B4B04FF0000A0022C2
:1015E000002330463946CDE908AB15F0CDFF002881
:1015F000ECD00022214B2046294615F053FD04462D
:101600000D4615F0A5F902460B462046294615F071
:10161000B1FF18B9174B0022CDE9082399F90080D2
:10162000D4E799F90090124BCDF828800122CDE93A
:101630000467CDE9064502920393B9F1000F3FF428
:101640001EAF002200231046194615F055FEB9F1D1
:10165000020FCDE908013FF44CAF14E7AFF300806F
:101660000000000000000000000000000000F03F4B
:10167000209401000000F0FF0000F03F0000E03F78
:10168000FFFFEFC7FB010020FFFFEF470000F07FE7
:101690002DE9F84FC44E21F00043B34204460D46F5
:1016A0000DDD03F1404303F58013034340F0B9809F
:1016B000002940F3408100200021BDE8F88FBB4E97
:1016C000B34240F3A6800029C0F2788102460B465F
:1016D0000020B74915F032FB0022B64B15F0E2FCB2
:1016E00004460D4614F09EFA95A3D3E900238946DB
:1016F00080462946204615F0D5FC93A3D3E9002364
:1017000015F01EFB22462B4615F0CCFC90A3D3E926
:10171000002315F013FB22462B4615F0C3FC8EA3C5
:10172000D3E9002315F00CFB22462B4615F0BAFC3A
:101730008BA3D3E9002315F001FB22462B4615F0BD
:10174000B1FC89A3D3E9002315F0FAFA22462B460F
:1017500015F0A8FC86A3D3E9002382468B462046D9
:10176000294615F09FFC84A3D3E9002315F0E6FA7F
:1017700022462B4615F096FC81A3D3E9002315F0F1
:10178000DFFA22462B4615F08DFC7FA3D3E9002318
:1017900015F0D4FA22462B4615F084FC0022844B27
:1017A00015F0CEFA02460B465046594615F0A4FDF8
:1017B00042464B4615F076FC002682468B46324662
:1017C0004B463046494615F06DFC02460B46204616
:1017D000294615F0B3FA324604460D464B464046BC
:1017E000494615F0ADFA02460B462046294615F04B
:1017F00083FD02460B465046594615F0A1FA324683
:101800004B4615F09DFA02460B4615F099FABDE8D5
:10181000F88F694A93420EDC5DA1D1E90001BDE871
:10182000F88F02460B4615F089FA02460B4615F072
:1018300063FDBDE8F88F02460B4615F033FC40A36C
:10184000D3E9002306460F4615F02CFC3EA3D3E94E
:10185000002315F075FA32463B4615F023FC3CA3F5
:10186000D3E9002315F06AFA32463B4615F01AFC1C
:1018700039A3D3E9002315F063FA32463B4615F04D
:1018800011FC37A3D3E9002315F058FA32463B4642
:1018900015F008FC34A3D3E9002315F051FA3246C1
:1018A0003B4615F0FFFB32A3D3E90023804689466F
:1018B0003046394615F0F6FB2FA3D3E9002315F087
:1018C0003DFA32463B4615F0EDFB2DA3D3E900234C
:1018D00015F036FA32463B4615F0E4FB2AA3D3E96D
:1018E000002315F02BFA32463B4615F0DBFB0022B5
:1018F0002F4B15F025FA02460B464046494615F097
:10190000FBFC22462B4615F0CDFB02460B4622A1DE
:10191000D1E9000115F012FA02460B46204629468D
:1019200015F00CFA02460B4619A1D1E9000115F099
:1019300005FABDE8F88F1AA1D1E90001BDE8F88FDA
:1019400009F7FD0DE13D023F88B20175E0EF493F27
:101950003B8F68B52882A43F5544880E55C1C93FC6
:101960007D6FEB0312D6D43F555555555555C53FA0
:1019700082922EB1C5B8B33F59018D1B6C06E63F6C
:10198000C88A599CE52A00404B2D8A1C273A0340FF
:10199000182D4454FB21F93F075C143326A6913CD3
:1019A000182D4454FB210940FFFFEF3FFFFFDF3FAD
:1019B0000000F03F0000E03F0000603C00225C4B74
:1019C00015F0BEF900225B4B15F06CFB40A3D3E988
:1019D000002304460D4615F065FB3FA3D3E9002321
:1019E00015F0AEF922462B4615F05CFB3CA3D3E97B
:1019F000002315F0A3F922462B4615F053FB3AA31A
:101A0000D3E9002315F09CF922462B4615F04AFB3A
:101A100037A3D3E9002315F091F922462B4615F0A0
:101A200041FB35A3D3E9002315F08AF922462B4662
:101A300015F038FB804689462046294614F0F2F816
:101A40002FA3D3E9002306460F462046294615F06A
:101A500029FB2DA3D3E9002315F070F922462B466C
:101A600015F020FB2AA3D3E9002315F069F92246DB
:101A70002B4615F017FB28A3D3E9002315F05EF9D8
:101A800022462B4615F00EFB0022294B15F058F983
:101A900002460B464046494615F02EFC32463B4670
:101AA00015F000FB1EA3D3E9002315F047F93246D9
:101AB0003B4615F045F902460B4615F041F9024642
:101AC0000B4619A1D1E9000115F038F9BDE8F88FEE
:101AD00009F7FD0DE13D023F88B20175E0EF493F96
:101AE0003B8F68B52882A43F5544880E55C1C93F35
:101AF0007D6FEB0312D6D43F555555555555C53F0F
:101B000082922EB1C5B8B33F59018D1B6C06E63FDA
:101B1000C88A599CE52A00404B2D8A1C273A03406D
:101B2000075C143326A6913C182D4454FB21094030
:101B30000000F03F0000E03F434A91422DE9F843A6
:101B400004460D4639DD414A914209DD02F17952E0
:101B5000914240DD02460B4615F0F2F8BDE8F883ED
:101B600001F1404202F58012024330D0B1F1804FC2
:101B70003ADC0022364B15F0E1F802460B460446EB
:101B80000D4615F0DDF8224606460F462B46204648
:101B9000294615F087FA02460B463046394615F0BD
:101BA000CFF814F03FF80B4602462946204615F0C0
:101BB000C7F8BDE8F843FFF7BFB802460B4615F07B
:101BC000BDF802460B4615F097FBBDE8F8830020F0
:101BD0000021BDE8F88300F017FE19A3D3E9002324
:101BE00015F0AEF8BDE8F88302460B4615F05AFA38
:101BF0000022174B15F0A2F814F014F82246804684
:101C000089462B462046294615F09AF84246064654
:101C10000F464B462046294615F092F802460B46E1
:101C200000200B4915F068FB0B460246394630464A
:101C300015F084F8BDE8F84300F0E6BDAFF300808E
:101C4000EF39FAFE422EE63FFFFFEF3FFFFFAF41C5
:101C50000000F03F000000002DE9F047BE4B21F0EE
:101C60000048984584B004460D4612DD08F140480E
:101C700008F58018034658EA030321D002460B46B4
:101C800015F05CF802460B4615F036FB04B0BDE8D3
:101C9000F087B24B98458A4629DCB8F1795F80F22B
:101CA000658191A3D3E9002315F04AF80022AC4BDB
:101CB00015F088FCD8B12046294604B0BDE8F0876D
:101CC0008BA3D3E9002315F0EDF98BA3D3E900230F
:101CD00006460F462046294615F0E4F902460B4613
:101CE0003046394615F02CF804B0BDE8F0872046A0
:101CF000294613F0D3F802460B460020984915F008
:101D00001DF80022974B15F0CDF97DA3D3E90023F0
:101D100004460D4615F0C6F97BA3D3E9002315F060
:101D20000FF822462B4615F0BDF979A3D3E900231D
:101D300015F004F822462B4615F0B4F976A3D3E942
:101D4000002314F0FDFF22462B4615F0ABF974A3D7
:101D5000D3E9002314F0F2FF22462B4615F0A2F936
:101D600071A3D3E9002314F0EBFF22462B4615F0B4
:101D700099F96FA3D3E90023CDE900012046294654
:101D800015F090F96CA3D3E9002314F0D7FF224695
:101D90002B4615F087F96AA3D3E9002314F0D0FF8E
:101DA00022462B4615F07EF967A3D3E9002314F0F1
:101DB000C5FF22462B4615F075F9694B002214F039
:101DC000BFFFCDE902012046294613F02BFF664BE9
:101DD000984506460F4666DCDDE90223DDE9000191
:101DE00015F08AFA3246CDE900013B4630463946C5
:101DF00014F0A6FF02460B46DDE9000115F052F98A
:101E00004FF00008CDE9000142463B4640463946C6
:101E100015F048F902460B462046294614F08EFF7D
:101E2000424604460D463B463046394614F088FF8C
:101E300002460B462046294615F05EFA02460B463E
:101E400014F07EFF02460B462BA1D1E9000114F0ED
:101E500075FF02460B46DDE9000114F06FFF4246B4
:101E600004460D463B464046394614F069FF02469B
:101E70000B4637A1D1E9000114F060FF02460B4682
:101E80002046294614F05AFF02460B4630A1D1E9FC
:101E9000000114F053FFBAF1000F3FF7F7AE01F164
:101EA00000431946F2E6DDE90223DDE9000115F001
:101EB00023FA32463B4615F0F5F832463B4614F01D
:101EC0003FFF02460B4614F03BFF0BA3D3E9002370
:101ED00014F034FF02460B4605A1D1E9000114F0CD
:101EE0002DFFD8E7AFF300809C7500883CE4377E77
:101EF000182D4454FB21F93F075C143326A6913C6E
:101F000009F7FD0DE13D023F88B20175E0EF493F61
:101F10003B8F68B52882A43F5544880E55C1C93F00
:101F20007D6FEB0312D6D43F555555555555C53FDA
:101F300082922EB1C5B8B33F59018D1B6C06E63FA6
:101F4000C88A599CE52A00404B2D8A1C273A034039
:101F5000182D4454FB21E93FFFFFEF3FFFFFDF3F18
:101F60000000F03F0000E03F3233EF3F02460B46F7
:101F700015F098F837A3D3E9002306460F4615F06D
:101F800091F836A3D3E9002314F0DAFE32463B463B
:101F900015F088F833A3D3E9002314F0CFFE3246BE
:101FA0003B4615F07FF831A3D3E9002314F0C8FEB7
:101FB00032463B4615F076F82EA3D3E9002314F001
:101FC000BDFE32463B4615F06DF82CA3D3E9002345
:101FD00014F0B6FE32463B4615F064F829A3D3E967
:101FE0000023804689463046394615F05BF827A322
:101FF000D3E9002314F0A2FE32463B4615F052F816
:1020000024A3D3E9002314F09BFE32463B4615F08F
:1020100049F822A3D3E9002314F090FE32463B4650
:1020200015F040F800220A4B14F08AFE02460B46D7
:102030004046494615F060F922462B4615F032F825
:1020400022462B4614F07CFE04B0BDE8F08700BFAA
:102050000000F03F09F7FD0DE13D023F88B2017538
:10206000E0EF493F3B8F68B52882A43F5544880E76
:1020700055C1C93F7D6FEB0312D6D43F5555555519
:102080005555C53F82922EB1C5B8B33F59018D1B3E
:102090006C06E63FC88A599CE52A00404B2D8A1CF5
:1020A000273A0340000000002DE9F84F1D46534237
:1020B000134325F0004ADFF8E0E14AEAD3737345A1
:1020C000144606460F4647D8C0F1000848EA000803
:1020D00021F0004343EAD878F0458B463CD805F11F
:1020E000404808F5801858EA020850D04FEAA57811
:1020F00008F0020848EAD17850EA030134D052EAE5
:102100000A023CD0F24557D0734538D0A3EB0A03FE
:102110001B153C2B42DC002D70DB22462B46304643
:10212000394615F0E9F812F0B9FEFEF751FBB8F1A7
:10213000010F5FD0B8F1020F4ED0B8F1000F62D09E
:1021400043A3D3E9002314F0F9FD43A3D3E900230B
:1021500014F0F4FDBDE8F88F32463B462046294690
:1021600014F0EEFDBDE8F88FB8F1020F1AD0B8F107
:10217000030F10D13AA1D1E90001BDE8F88FBBF1FE
:10218000000F14DB38A1D1E90001BDE8F88FBDE8EC
:10219000F84FFEF71DBB3946BDE8F88F32A1D1E9F3
:1021A0000001C4E72CA1D1E90001BDE8F88F30A1FE
:1021B000D1E90001BDE8F88F534526D0B8F1020FF0
:1021C000F0D0B8F1030FD5D0B8F1010F4FF00000F7
:1021D00029D00021BDE8F88F1DA3D3E9002314F016
:1021E000ADFD02460B461CA1D1E9000114F0A6FD8D
:1021F000BDE8F88F01F10041BDE8F88F3C338CDA7F
:102200000020002193E7BDE8F88FB8F1020F18D045
:10221000B8F1030F10D0B8F1010F08D016A1D1E921
:102220000001BDE8F88F4FF00041BDE8F88F14A120
:10223000D1E90001BDE8F88F13A1D1E90001BDE8A3
:10224000F88F13A1D1E90001BDE8F88FAFF300804A
:10225000075C143326A6A13C182D4454FB210940E9
:10226000182D4454FB2109C0182D4454FB21F93F7B
:10227000182D4454FB21F9BF182D4454FB21E93F8C
:10228000182D4454FB21E9BFD221337F7CD902C0F1
:10229000D221337F7CD902400000F07F0000000093
:1022A00043422DE9F047034321F000463E4A46EA07
:1022B000D373934204460D4613D896423DD03B4B10
:1022C0009E428A4617DC36A3D3E9002314F038FD7A
:1022D0000022002315F076F9A8B320462946BDE870
:1022E000F08702460B4614F029FD02460B4615F016
:1022F00003F8BDE8F0872E4B9E42354624DD334679
:102300000246314614F01CFD224606460F462B4677
:102310000020254914F012FD02460B46304639468E
:1023200014F0EAFFFEF708FD0022224B14F0BAFE7B
:10233000BAF1000F2FDBBDE8F0870022002314F074
:10234000DBFFBDE8F087354622462B46204629466E
:1023500014F0F6FC22462B4606460F4614F0A2FE69
:102360002246804689462B4600200F4914F0E6FCA1
:1023700002460B464046494614F0BEFF32463B46F5
:1023800014F0DEFCFEF7D8FC00220A4B14F08AFEA3
:10239000BAF1000FCFDA01F100431946BDE8F0872A
:1023A0009C7500883CE4377E0000F03FFFFF2F3E25
:1023B000FFFFDF3F0000E03F2DE9F8434E4B21F0E7
:1023C00000449C4206460F461BDC4C4B9C4222DDDF
:1023D0004B4B9C4263DD4B4B9C427BDD4A4B9C420A
:1023E00046DD01339C4240D041A3D3E9002310468F
:1023F000194614F057FE06460F4630463946BDE8EA
:10240000F88302460B4614F04DFE06460F46304652
:102410003946BDE8F88312F041FD02F0B1FC00221C
:102420003A4B8046894614F08BFCB4F1725F064645
:102430000F46ECDB42464B464046494614F032FE1E
:1024400032463B4604460D463046394614F078FC89
:1024500002460B462046294614F04EFF00222B4B25
:1024600014F06EFC06460F46D1E7294B9842BBD8C4
:102470003046394612F012FD0022264B14F012FEAF
:1024800000F04AF8002204460D46224B14F00AFEE2
:1024900022462B4614F006FE06460F46B7E712F01A
:1024A000FDFC00F039F800221A4B06460F4614F0E6
:1024B000F9FD32463B4604460D460020154914F00E
:1024C0001BFF02460B462046294614F039FC0646FF
:1024D0000F469CE712F0E2FC00F01EF800220D4BC4
:1024E00014F0E0FD06460F4691E700BFAFF3008011
:1024F0009C7500883CE4377EFFFFEF7F422ED63F7D
:10250000FFFF3540412E8640CD3386400000F03F2E
:102510007DF8B98F0000E03F2DE9F04FB04E21F07B
:102520000042B24283B004460D464FEAD1770DD93E
:10253000AC4EB24225D9C1F31303034340F0EC8003
:102540000FB10020002103B0BDE8F08FA64B9A42E6
:1025500000F2CB80A54B9A4200F2DC808AA3D3E93B
:10256000002314F0EDFB0022A14B15F02BF80028FE
:1025700000F006812046294600229D4B14F0E0FB26
:10258000E1E783A3D3E9002315F01CF8002840F00D
:10259000C88081A3D3E900232046294614F0F4FF24
:1025A0000028CED1934E7EA3D3E9002306EBC706C5
:1025B0002046294614F076FDD6E9002314F0C0FB2E
:1025C00015F020F8064614F007FD77A3D3E90023A1
:1025D0008046894614F066FD02460B462046294691
:1025E00014F0ACFB72A3D3E90023CDE9000140460F
:1025F000494614F057FD82468B4652465B46DDE95C
:10260000000114F09BFB04460D4622462B46204653
:10261000294614F047FD68A3D3E900238046894684
:1026200014F040FD66A3D3E9002314F087FB424673
:102630004B4614F037FD64A3D3E9002314F080FB6C
:1026400042464B4614F02EFD61A3D3E9002314F05B
:1026500075FB42464B4614F025FD5FA3D3E90023EA
:1026600014F06EFB42464B4614F01CFD02460B462E
:102670002046294614F062FB80468946002E58D039
:102680002046294642464B4614F00CFD424604467D
:102690000D464B4600204FF0804114F04FFB0246A0
:1026A0000B462046294614F027FE02460B465046AC
:1026B000594614F043FBDDE9002314F03FFB0B46C1
:1026C00002464B49002014F039FB6FF47F739E42A1
:1026D00051DA06F57A7601EB065100224FF0B87315
:1026E00014F0E0FC03B0BDE8F08F434B9A423FF694
:1026F00059AF424BFC002344D3E9002314F01EFBE6
:102700003F4BC7F101062344CDE90001D3E900ABFB
:10271000F61B72E7002678E702460B4614F010FB22
:1027200011E719A3D3E900231046194614F0BAFCA7
:1027300009E702460B462046294614F0B3FC002266
:1027400006460F464FF080434046494614F0F6FADD
:1027500002460B463046394614F0CEFD22462B4643
:1027600014F0ECFA02460B460020214914F0E6FA78
:1027700003B0BDE8F08F01EB065103B0BDE8F08F68
:10278000064642E7AFF300809C7500883CE4377E44
:10279000EF39FAFE422E864051302DD5104987C0C0
:1027A000FE822B654715F73F0000E0FE422EE63F14
:1027B000763C7935EF39EA3DD0A4BE726937663E82
:1027C000F16BD2C541BDBB3E2CDE25AF6A56113F31
:1027D00093BDBE166CC1663F3E5555555555C53F18
:1027E000412E8640FFFFEF7F422ED63FFFFF2F3E58
:1027F0000000F03FE0820100B1A2F03FF082010052
:1028000000830100000000002DE9F04FB1F5801FAA
:1028100085B006460F460B465ADA024621F00044C0
:10282000224300F0F8800029C0F27A810022D64BC2
:1028300014F038FCD54A0B46934206460F466FF01B
:10284000350C4ADCC3F3130505F5152E0EF6647E30
:102850000EF4801E8EF07F5282F440121C1542EA64
:102860000507A4F2FF3464440022C94B30463946C0
:1028700004EB1E5414F062FAAB1CC3F31303022BD7
:1028800082468B464FF0000230DC002314F072FECB
:10289000002800F0C980002C00F04B81204614F085
:1028A0009BFBA5A3D3E9002306460F4614F0FAFBD1
:1028B000A3A3D3E9002304460D463046394614F05D
:1028C000F1FB02460B462046294614F039FA0AE08D
:1028D000AE4A93424FF0000CB4DD32463B463046E0
:1028E000394614F02DFA05B0BDE8F08F4FF0804363
:1028F00014F026FA02460B465046594614F0FCFCEA
:10290000064620460F4614F067FB3246CDE900012B
:102910003B4630463946CDE9026714F0C3FB024618
:102920000B468046894614F0BDFB87A3D3E90023FC
:1029300006460F4614F0B6FB85A3D3E9002314F036
:10294000FFF932463B4614F0ADFB83A3D3E90023E5
:1029500014F0F6F932463B4614F0A4FB80A3D3E909
:10296000002314F0EDF942464B4614F09BFB7EA386
:10297000D3E90023804689463046394614F092FB5D
:102980007BA3D3E9002314F0DBF932463B4614F075
:1029900089FB79A3D3E9002314F0D2F932463B46F0
:1029A00014F080FB0B4602464946404614F0C8F935
:1029B000A5F5C223C5F5D725A3F27A4351351D43AA
:1029C000002D8046894656DD0022724B50465946FE
:1029D00014F068FB52465B4614F064FB06460F4653
:1029E000002C68D132463B464046494614F0A8F9CF
:1029F000DDE9022314F056FB02460B463046394609
:102A000014F09CF902460B465046594614F096F9CC
:102A100005B0BDE8F08F0022002300205E4914F0CD
:102A20006BFC05B0BDE8F08F55A3D3E900235046F9
:102A3000594614F037FB02460B460020554914F066
:102A40007DF9524606460F465B465046594614F0FD
:102A500029FB02460B463046394614F023FB064656
:102A60000F46002C40F09A8002460B4650465946CD
:102A700014F064F937E7002C00F0A4802EA3D3E90A
:102A80000023DDE9000114F00DFB42464B460446ED
:102A90000D465046594614F051F9DDE9022314F071
:102AA00001FB27A3D3E9002306460F46DDE9000119
:102AB00014F0F8FA21E020A3D3E90023DDE90001B6
:102AC00014F0F0FA32463B4604460D46404649466D
:102AD00014F036F9DDE9022314F0E4FA18A3D3E97F
:102AE000002380468946DDE9000114F0DBFA024646
:102AF0000B464046494614F023F902460B46304641
:102B0000394614F01BF952465B4614F017F9024699
:102B10000B462046294614F011F905B0BDE8F08FA8
:102B200002460B4614F00AF90022002314F0E4FBDD
:102B3000D9E600200021D6E60000E0FE422EE63F66
:102B4000763C7935EF39EA3D44523EDF12F1C23F1F
:102B5000DE03CB966446C73F599322942449D23F63
:102B6000935555555555E53F9FC678D0099AC33FB3
:102B7000AF788E1DC571CC3F04FA97999999D93FCA
:102B8000555555555555D53F00005043FFFFEF7F34
:102B90000000F03F0000E03F000050C3204614F06A
:102BA0001BFA0FA3D3E900238046894614F07AFA72
:102BB0000DA3D3E9002304460D464046494614F0D0
:102BC00071FA9AE702460B465046594614F0B6F899
:102BD000DDE9022314F066FA14E700BFAFF30080CA
:102BE0000000E0FE422EE63F763C7935EF39EA3DC3
:102BF000B1F5801F2DE9F84304460D460B461ADA5D
:102C0000024621F00046324359D000295FDB002202
:102C10003B4B14F047FA3B4A0D462B469342044681
:102C20006FF035010CDD22462B462046294614F074
:102C300087F8BDE8F883334A93424FF00001F2DC95
:102C40001815A0F2FF3008444FEAD0794844C3F386
:102C5000130814F0C1F9C9F57F73033348EA03552B
:102C600006460F4620462946FFF7CEFD1EA3D3E9B0
:102C70000023804689463046394614F013FA1CA3D7
:102C8000D3E9002304460D464046494614F00AFAAB
:102C900002460B462046294614F052F816A3D3E903
:102CA000002304460D463046394614F0FBF902462F
:102CB0000B462046294614F043F8BDE8F88300226D
:102CC00000230020104914F017FBBDE8F8830246EA
:102CD0000B4614F033F80022002314F00DFBBDE87E
:102CE000F88300BFAFF30080362BF111F3FE593D9E
:102CF0000EE526157BCBDB3F00609F501344D33F8E
:102D000000005043FFFFEF7F000050C300000000B1
:102D10002DE9F04F23F0004757EA020493B037D073
:102D2000674C21F00046A64283460D4629DC9A46B0
:102D3000964625D0A74224DC614CA74279D0002DCD
:102D400080468946CDE9002377DB0024BEF1000FE1
:102D50002CD15B4B9F4200F08B805A4B9F4261D03D
:102D6000BAF1804F00F0C383574B9A451ED1002D16
:102D70001CDB4046494613B0BDE8F04F12F052BF8D
:102D800058B106F1404606F5801656EA0B0306D107
:102D90004C49002013B0BDE8F08FB742CCDD4B4862
:102DA00013B0BDE8F04F13F0CDBD002440464946B6
:102DB00012F074F8BBF1000F19D126B1414B25F088
:102DC00040429A4213D1BAF1000FC0F2CA83002DDB
:102DD000E0DA06F1404606F5801656EA040300F0F4
:102DE000A584012CD6D101F100431946D2E7ED0F9D
:102DF000013D54EA05034ED0354B9F426EDD03F191
:102E000004739F4240F3FE83324B9E424EDDBAF183
:102E1000000F4EDD28A3D3E900231046194614F015
:102E200041F9B7E7BAF1000FC0F252844046494673
:102E3000B0E7BEF1000F82D0A3E7274B9F4228DC0A
:102E4000A3F154739F4280DD3B15A3F2FF33142B93
:102E500040F35484C3F134032EFA03F202FA03F36D
:102E60009E457FF472AF02F00102C2F102046DE7E9
:102E700006F1404303F5801353EA0B0388D0154B4A
:102E80009E4240F33B83BAF1000F12DBDDE9000103
:102E900080E702245AE742464B461046194613F093
:102EA0004DFF02460B4614F027FA73E7BAF1000F04
:102EB000B0DB002000216DE79C7500883CE4377E84
:102EC0000000F07F0000F03F0000E03FF08A0100CA
:102ED0000000E041FFFFEF3FFFFF3F43B6F5801FDB
:102EE0004FF0000205DAD84B14F0DCF86FF0340232
:102EF0000E463315D54FC6F31306A3F2FF33134422
:102F000046F07F5ABE421A460D934AF4401A40F3E7
:102F10002F83CF4B9E4240F30D849FEDB57B8DED0B
:102F2000087B8DED0E7B9FEDB47B13468DED067B0C
:102F300001330D93AAF5801A0027DDE906235146D7
:102F4000CDE90A0113F0FAFEDDE906238046894641
:102F5000DDE90A0113F0F4FE02460B460020BD49EC
:102F600014F0CAF90A460146CDE910121346494643
:102F70000246404614F096F84FEA6A0343F00053C5
:102F80008C46834603F50023CDE904BCDA468B4624
:102F9000D9190023CDE902AB0293DDE902AB002091
:102FA00006460F4602460B465046594614F07AF83C
:102FB00002460B464046494613F0C0FEDDE90623B3
:102FC000804689463046394613F0B8FE02460B4625
:102FD000DDE90A0113F0B2FE52465B4614F062F8D6
:102FE00002460B464046494613F0A8FEDDE9102391
:102FF00014F058F8DDE90467CDE9060132463B4696
:103000003046394614F04EF87DA3D3E90023064636
:103010000F4614F047F87CA3D3E9002313F090FE89
:1030200032463B4614F03EF879A3D3E9002313F06F
:1030300087FE32463B4614F035F877A3D3E90023E8
:1030400013F07EFE32463B4614F02CF874A3D3E90D
:10305000002313F075FE32463B4614F023F872A3AA
:10306000D3E9002313F06CFE3246804689463B4686
:103070003046394614F016F802460B46404649469B
:1030800014F010F8524606460F465B46DDE904018F
:1030900013F056FEDDE9062314F004F832463B46F1
:1030A00013F04EFE5246804689465B4650465946CE
:1030B00013F0F8FF0022684BCDE90A0113F040FE3F
:1030C00042464B4613F03CFE02980F4606463246F7
:1030D0003B465046594613F0E5FF002282468B4698
:1030E0005D4B3046394613F029FEDDE90A2313F023
:1030F00025FE02460B464046494613F01FFEDDE919
:10310000042313F0CFFF3246804689463B46DDE973
:10311000060113F0C7FF02460B464046494613F02E
:103120000FFE8046894602460B4650465946CDE979
:1031300004AB13F005FEDDE902AB3DA3D3E90023A8
:1031400050460F4613F0AEFFDDE90423CDE902013E
:103150003946504613F0F2FD02460B4640464946BA
:1031600013F0ECFD34A3D3E9002313F09BFF34A349
:10317000D3E90023804689465046394613F092FF32
:1031800002460B464046494613F0DAFDDDE90E23C0
:1031900013F0D6FD80460D98894613F01DFF424678
:1031A00006460F464B46DDE9020113F0C9FDDDE995
:1031B000082313F0C5FD32463B4613F0C1FD3246ED
:1031C0003B4650468B4613F0B9FDDDE9082313F06A
:1031D000B5FDDDE9022313F0B1FD02460B46404682
:1031E000494613F0ABFD8046894637E0AFF30080D7
:1031F0000000000000000000000000000000F03FA0
:10320000EF4E454A287ECA3F65DBC9934A86CD3FCB
:1032100001411DA96074D13F4D268F515555D53FB1
:10322000FFAB6FDBB66DDB3F033333333333E33F49
:10323000000000E009C7EE3FFD033ADC09C7EE3F9E
:10324000F5015B14E02F3EBE000040438E98030062
:1032500079B60B000000F03F00000840013C54EA42
:10326000050300F079819FEDC87B8DED047BDDE9DE
:1032700000120B461446CDE9023400230293DDE927
:10328000024508462B461146224613F057FD52468A
:103290005B4613F007FFDDE9002306460F46404674
:1032A000494613F0FFFE02460B463046394613F0FE
:1032B00047FD2246804689462B4650465946CDE971
:1032C000008913F0EFFE0B46024606460F464046C5
:1032D000494613F035FDC64B994204460D468A46D1
:1032E00040F3168101F13F4303F5E003034340F04F
:1032F000F781A7A3D3E90023DDE9000113F020FD46
:103300003246804689463B462046294613F016FD44
:1033100002460B464046494614F054F9002840F056
:10332000DF81A8464FEA28534FF48012A3F2FE3300
:1033300042FA03F35344C3F30A52AE4DA2F2FF32F2
:103340001541C3F3130423EA05010020C2F1140B55
:1033500044F48014BAF1000F02460B4644FA0BFB0A
:1033600030463946B8BFCBF1000B13F0E7FC0246FC
:103370000B4606460F46DDE9000113F0E1FC4FEA7B
:103380000B5A0D46002484A3D3E900232046294686
:1033900013F088FE3246804689463B462046294641
:1033A00013F0CCFC02460B46DDE9000113F0C6FC2D
:1033B0007BA3D3E9002313F075FE7BA3D3E900239D
:1033C00006460F462046294613F06CFE02460B4681
:1033D0003046394613F0B4FC06460F4602460B460B
:1033E0004046494613F0ACFC42464B4604460D4667
:1033F00013F0A4FC02460B463046394613F09EFCFF
:103400002246804689462B462046294613F04AFE2E
:1034100067A3D3E9002306460F4613F043FE66A3D5
:10342000D3E9002313F08AFC32463B4613F03AFE00
:1034300063A3D3E9002313F083FC32463B4613F029
:1034400031FE61A3D3E9002313F078FC32463B46FA
:1034500013F028FE5EA3D3E9002313F071FC32467B
:103460003B4613F01FFE02460B462046294613F04A
:1034700065FC06460F4602460B462046294613F0D9
:1034800011FE0022CDE900014FF08043304639465D
:1034900013F054FC02460B46DDE9000113F02CFF4B
:1034A000424606460F464B462046294613F0FAFD93
:1034B00042464B4613F044FC02460B463046394622
:1034C00013F03CFC22462B4613F038FC02460B4618
:1034D0000020494913F032FC8A44BAF5801FC0F23B
:1034E00039815146DDE9042313F0DCFD52E4424604
:1034F0004B464046494613F0D5FD4BE4BAF1000F68
:10350000BFF6D7ACDDE90034184604F1004141E4D0
:103510003A4B21F00048984540F3FF80384B0B446C
:1035200003430CD132463B4613F008FC02460B46DF
:10353000DDE9000114F032F800283FF4F3AEDDE9D4
:10354000040125A3D3E9002313F0ACFD22A3D3E9A2
:10355000002313F0A7FD1DE49FED217B8DED047B7F
:1035600085E602460B460020234913F0C5FE2EE4F3
:103570009FED1D7B8DED087B8DED0E7B9FED027B1E
:1035800000278DED067BD8E4000000000000F03F2E
:10359000FE822B654715973C00000000432EE63F56
:1035A000EF39FAFE422EE63F396CA80C615C20BE72
:1035B000D0A4BE726937663EF16BD2C541BDBB3E39
:1035C0002CDE25AF6A56113F93BDBE166CC1663F17
:1035D0003E5555555555C53F59F3F8C21F6EA501C7
:1035E000000000000000F0BF00000000000000002C
:1035F000FFFF8F40FFFF0F000000F03FFFCB904028
:1036000000346F3F684B9E427FF750AC674B9E4241
:103610003FF7FDAB0022654B13F090FB52A3D3E9BB
:10362000002306460F4613F03DFD51A3D3E90023C6
:10363000804689463046394613F034FD00228246E2
:103640008B465B4B3046394613F02CFD02460B4649
:1036500049A1D1E9000113F071FB32463B4613F05A
:1036600021FD02460B460020524913F067FB32460B
:10367000CDE902013B463046394613F013FD0246C0
:103680000B46DDE9020113F00DFD3DA3D3E9002354
:1036900013F008FD02460B465046594613F04EFB08
:1036A00002460B4606460F464046494613F048FB85
:1036B00042464B46002082468B4613F03FFB0246B3
:1036C0000B463046394613F039FB80468946C5E53E
:1036D00042464B460020354913F00EFEFFF75ABB19
:1036E000DDE9040128A3D3E9002313F0DBFC26A3C2
:1036F000D3E9002313F0D6FCFFF74CBBBEF1000F5B
:103700007FF453ABC3F1140347FA03F202FA03F355
:103710009F4223D07446FFF720BB264B98453FF7C6
:1037200001AEDDE90223924693462BE602460B46A4
:10373000FFF7B3BB9FED167B8DED087B9FED167BEE
:103740008DED0E7B9FED167B4FF480278DED067B74
:10375000FFF7F3BB5A4601F04FFDC3E602F001024A
:10376000C2F10204FFF7F9BA000000604715F73F05
:1037700044DF5DF80BAE543E555555555555D53F74
:10378000FE822B654715F73F9C7500883CE4377E29
:103790000000004003B8E23F06D0CF43EBFD4C3EB3
:1037A000000000000000F83FFEFFEF3F0000F03F88
:1037B0000000D03F0000E03F2DE9F0479C4B21F096
:1037C00000479F4290B08046894640F38E80994BD7
:1037D0009F420C46924626DC00298BA3D3E90023A6
:1037E00040F3B08113F0AAFA934B9F4204460D4672
:1037F00000F0908086A3D3E9002313F09FFA0246DD
:103800000B46CAE900232046294613F097FA80A305
:10381000D3E9002313F092FA0125CAE902012846F0
:1038200010B0BDE8F087854B9F4240F39080844BF9
:103830009F4265DC3D15A5F21645A7EB05531946D9
:103840001F46064613F0DEFE13F0C6FB804689468F
:1038500042464B4630463946CDE90A8913F06EFAA6
:103860000022784B13F01EFC8946804613F0CAFEF6
:1038700013F0B2FB06460F4632463B4640464946E9
:10388000CDE90C6713F05AFA00226E4B13F00AFCD4
:1038900000220023CDE90E0113F06CFE002800F099
:1038A0006F81002330463946002213F063FE002862
:1038B00014BF01230223644A019202212A46009187
:1038C0000AA8514600F08CFB002C054614DADAF801
:1038D0000420DAF80C3002F1004203F100434542C3
:1038E000CAF80420CAF80C3006E000200021C2E922
:1038F0000089C2E902010025284610B0BDE8F08722
:1039000002460B4613F01AFA0025CAE90201CAE979
:103910000001F1E740A3D3E9002313F00FFA40A31D
:10392000D3E900230D46044613F008FA02460B467D
:10393000CAE900232946204613F000FA38A3D3E948
:10394000002313F0FBF90125CAE90201D4E711F0C5
:10395000A5FA35A3D3E900238046894613F0A2FBDC
:1039600000223A4B13F0ECF913F04CFE054613F02D
:1039700033FB25A3D3E90023CDE9060113F092FB25
:1039800002460B464046494613F0D8F920A3D3E936
:103990000023CDE90201DDE9060113F083FB1F2DB1
:1039A00080468946CDE9048954DC294B6A1E53F8C8
:1039B00022309F424ED002460B46DDE9020113F051
:1039C000BDF980468946CAE9008942464B46DDE991
:1039D000020113F0B3F9DDE9042313F0AFF9002C71
:1039E000CAE9020188DA09F1004401F100436D429D
:1039F000CAF80080CAF80440CAF80800CAF80C30B7
:103A00007AE700BFAFF3008000004054FB21F93F8C
:103A10003163621A61B4D03D0000601A61B4D03DD8
:103A20007370032E8A19A33B83C8C96D305FE43FCE
:103A3000FB21E93F7BD90240FB21F93FFB213941C2
:103A4000FFFFEF7F00007041BC9401000000E03FE9
:103A50003C940100DDE90423DDE9020113F06EF975
:103A60003F15C1F30A53FB1A80468946102BCAE959
:103A70000089AADD58A3D3E90023DDE9060113F08C
:103A800011FB8046894602460B46DDE9020113F030
:103A900055F902460B46DDE90201CDE9082313F092
:103AA0004DF942464B4613F049F94DA3D3E90023A3
:103AB00080468946DDE9060113F0F4FA42464B469A
:103AC00013F03CF90B46CDE904010246DDE908019B
:103AD00013F034F9C1F30A53FF1A80468946312F97
:103AE000CAE900896CDD41A3D3E90023DDE90601C1
:103AF00013F0D8FADDE9088906460F4602460B4660
:103B00004046494613F01AF902460B4640464946DC
:103B1000CDE9022313F012F932463B4613F00EF9B9
:103B200034A3D3E9002306460F46DDE9060113F06E
:103B3000B9FA32463B4613F001F902460B46CDE98D
:103B400004233AE713F0FCF8274B9F4204460D4646
:103B500018D01FA3D3E9002313F0F2F802460B4656
:103B6000CAE900232946204613F0E8F818A3D3E950
:103B7000002313F0E5F84FF0FF35CAE90201BBE678
:103B8000032398E614A3D3E9002313F0D9F814A370
:103B9000D3E900230D46044613F0D2F802460B4643
:103BA000CAE900232946204613F0C8F80CA3D3E93C
:103BB000002313F0C5F84FF0FF35CAE902019BE678
:103BC0009DED087B8DED027BFFE600BFAFF300802B
:103BD0003163621A61B4D03D0000601A61B4D03D17
:103BE0007370032E8A19A33BFB21F93F0000002EBE
:103BF0008A19A33BC14920259A837B390000000024
:103C0000594A2DE9F84F21F00048904506460F46E5
:103C10002BDC564B0029B4BF554D564D98454FF0FF
:103C2000000410DC544B984570DC4DA3D3E900230D
:103C300013F086F80022514B13F0C4FCD8B1304683
:103C40003946BDE8F88F4E4B98457CDD4D4B984585
:103C500044DD013398453ED03046394640A3D3E990
:103C6000002313F01FFABDE8F88F02460B4613F04D
:103C700067F8BDE8F88F3046394611F00FF901F0CA
:103C80007FF806460F4632463B463046394613F02B
:103C900057F8324682468B463B463046394613F04B
:103CA00001FA002280468946344B3046394613F0EB
:103CB00047F802460B464046494613F01DFB0246B4
:103CC0000B465046594613F039F822462B4613F05E
:103CD000E9F9BDE8F88F2C4B9842BDD830463946FB
:103CE00011F0DCF80022234B13F0DCF9FEF714FC92
:103CF00006460F4602460B462046294613F0D2F9E7
:103D000032463B4613F0CEF9BDE8F88F11F0C6F805
:103D100001F036F81D4B984506460F46B3DD0022EC
:103D2000164B13F00DF802460B463046394613F099
:103D3000E3FA32463B4613F003F822462B4613F0D3
:103D4000B1F9BDE8F88F11F0A9F8FEF7E5FB0246DE
:103D50000B462046294613F0A5F9BDE8F88F00BFB1
:103D60003374AC3C1F7BAC7FFFFFEF7FFFFF354020
:103D70000000E0BF0000E03FFFFF2F3E0000F03FEB
:103D8000412E8640CD3386407DF8B98FFFFFEF3F4F
:103D90002DE9F04F21F00048B8F1795F85B0064673
:103DA0000F4692469B466BDA13F02CFC002800F07D
:103DB000EA8032463B463046394613F073F974A325
:103DC000D3E9002304460D4613F06CF972A3D3E93E
:103DD000002312F0B5FF22462B4613F063F970A3BF
:103DE000D3E9002312F0AAFF22462B4613F05AF91A
:103DF0006DA3D3E9002312F0A3FF22462B4613F054
:103E000051F96BA3D3E9002312F098FF22462B4609
:103E100013F048F968A3D3E9002312F091FF22467A
:103E20002B4613F03FF9CDE900010022664B2046F6
:103E3000294613F037F9DDE90023804689462046FC
:103E4000294613F02FF9524604460D465B4630468C
:103E5000394613F027F902460B462046294612F050
:103E60006DFF02460B464046494612F067FF024688
:103E70000B460020554912F061FF05B0BDE8F08FF8
:103E800002460B4613F00EF941A3D3E90023044682
:103E90000D4613F007F940A3D3E9002312F050FFB9
:103EA00022462B4613F0FEF83DA3D3E9002312F07F
:103EB00045FF22462B4613F0F5F83BA3D3E9002338
:103EC00012F03EFF22462B4613F0ECF838A3D3E95C
:103ED000002312F033FF22462B4613F0E3F836A3FB
:103EE000D3E9002312F02CFF2B46224613F0DAF818
:103EF000374B9845CDE9000197DD364B984539DCC5
:103F0000A8F500130022002030499046994612F08F
:103F100015FFCDE9020100222B4B2046294613F064
:103F2000C1F842464B4612F009FFDDE90023804606
:103F300089462046294613F0B5F8524604460D46F8
:103F40005B463046394613F0ADF802460B46204634
:103F5000294612F0F3FE02460B464046494612F04F
:103F6000EDFE02460B46DDE9020112F0E7FE05B068
:103F7000BDE8F08F9FED127B4FF000088DED027BC6
:103F8000DFF85490C7E71149002005B0BDE8F08F75
:103F9000D43888BEE9FAA8BDC4B1B4BD9EEE213EB6
:103FA000AD529C804F7E923E9015CB19A001FA3EF7
:103FB0007751C1166CC1563F4C5555555555A53FC7
:103FC000000000000000E73F0000E03F0000F03F7D
:103FD0003233D33F0000E93F0000D23F0000000031
:103FE0002DE9F04FADF51B7D9F4CA49E9F4D54F8DD
:103FF000264007942646D41E85FB0475E417C4EBBF
:10400000A50424EAE4741D460A93631CA3EB83030E
:10401000013D02EBC30306932B460B940395651BEE
:10402000F418049008911AD42C4400260027013477
:104030000DF18808DDF8949208E059F8250012F097
:10404000CBFF0135A542E8E8020108D0002DF4DAE3
:10405000013530463946A542E8E80201F6D1079B12
:10406000002BC0F2DF83079B03F1010B0A9B22A9FF
:10407000DB001A4601EB03090093049B0DF5E47A7B
:1040800019460AEBCB0B01EB0208039B002BC0F295
:10409000F582049C4D460026002775E90223F4E8CA
:1040A000020112F0FFFF02460B463046394612F07D
:1040B00047FE444506460F46EFD1EAE80267DA4577
:1040C00009F10809E1D107990098049C009101F1D8
:1040D0008043013B9B0020441A1F83460EA80244E4
:1040E00003440C920D93009A9AA901EBC203002A93
:1040F00053E9284529DD0DF5E47A0AEBC2080DF1F4
:10410000340900225A4B2046294612F0CBFF13F007
:1041100079FA12F061FF0022564B06460F4612F064
:10412000C1FF02460B462046294612F007FE13F057
:1041300069FA78E9022349F8040F3946304612F04B
:10414000FFFDD04504460D46DBD1DDF81890204632
:1041500029464A4601F050F800224FF07F530446AA
:104160000D4612F09FFFFCF75FFD0022424B12F05C
:1041700099FF02460B462046294612F0DFFD0D4608
:10418000044613F03FFA804612F026FF0B46024623
:104190002946204612F0D2FD4B46002B06460F461C
:1041A00040F3F980009A0EA9013AC9F1180351F8B9
:1041B000225045FA03F101FA03F30EA8EB1A40F876
:1041C0002230C9F11705884443FA05F5002D6DDD4D
:1041D000009B002B08F1010840F36F820E9C002C1D
:1041E00040F01683009B012B40F38F820EAA01231F
:1041F00052F8044F002C00F08382581C0EAAC4F120
:10420000807442F82340009A824219DD0EAA0EAC57
:1042100052F820106FF07F42511A44F82010009994
:10422000023399420CDD1046009A0EA901EB83037C
:1042300001EB82011A68821A43F8042B8B42F9D1F0
:10424000069B002B1ADD069B012B4FF0010440F06A
:104250003C82009B5A1E0EAB0EA953F82230C3F3CA
:10426000160341F822303CE25C990100ABAAAA2A6D
:104270000000703E0000704100002040022D15D16A
:1042800032463B460020924912F058FD06460F4642
:10429000069A8F49002000F0AFFF02460B463046D9
:1042A000394612F04BFD022506460F460022002338
:1042B0003046394613F05EF9002800F03782009A44
:1042C000079B501E83420FDC02F18043013B0EAA84
:1042D0000D9C02EB8303002253F80419A34242EA27
:1042E0000102F9D1002A67D1079B0EAA013B52F8BF
:1042F0002330002B40F018820C9A012352F8041945
:1043000001330029FAD0009AD31802F1010A9A4524
:1043100009933DDC009B0A990B9A0B4409990AEB1F
:104320000208994622AB08F1804803EBC9098B18B3
:10433000A59A08F1FF3802EB880872AA02EBCA0AB4
:10434000A59A02EB8303009358F8040F12F044FE81
:10435000039B002BE9E802014FF000064FF0000735
:1043600011DB049C4D4675E90223F4E8020112F0CA
:1043700099FE02460B463046394612F0E1FC5C4598
:1043800006460F46EFD1009B9845EAE80267DBD16D
:10439000099B0093A7E606D1009B0EAA013B52F8A9
:1043A0002350ED1512E700224A4B13F001F90028C3
:1043B00040F06E81054679E70EA9039551F820304B
:1043C0000699CDF8248018390246009006916BB901
:1043D00000F18043013B0EA800EB830353F804096E
:1043E000013A18390028F9D000920691069A384906
:1043F000002000F001FF009B002B04460D46C0F298
:10440000F781DA0072A901EB020B06920EAA02EB09
:104410008306DFF8C4904FF000080BF1080704365C
:1044200056F8040D12F0D8FD22462B4612F03AFE43
:104430004B4667E9020142462046294612F032FE09
:104440000EAB9E4204460D46EAD14AACDDF81C9004
:1044500004944FF0000AB9F1000FC0F22B81DFF88D
:104460007C805D4618A1D1E90001002600270024C8
:1044700003E0544510DCF8E80201F5E8022312F0ED
:1044800011FE02460B463046394612F059FC013403
:10449000A14506460F46ECDA049B03EBCA03ABF1D9
:1044A000080BC3E9006770AB9B450AF1010AD2D142
:1044B000A49B049C032B00F28980DFE803F0C58EE7
:1044C0008E1100BFAFF3008000000040FB21F93FD8
:1044D0000000F03F0000E03F0000703E2883010034
:1044E000009B002B40F38181069A04EB020ADAE973
:1044F000008902F1080525440DF5987B1AED027B31
:1045000042464B4651EC170B8DED047B12F018FC24
:1045100006460F4602460B46DDE9040112F00EFC8A
:1045200042464B4612F00CFC65E902015D45B0467F
:10453000B9466AE90267E1D1009B012B40F355813E
:10454000069BE518D5E9008903F1080B04EB0B0A7B
:1045500015ED027B42464B4651EC170B8DED007B6F
:1045600012F0EEFB06460F4602460B46DDE900015F
:1045700012F0E4FB4B46424612F0E2FB6AE902010C
:104580004EAB5345B046B94665E90267E0D100201D
:10459000002104EB0B0575E9022312F0D1FBAA45BB
:1045A000F9D1039B002B00F00A816268E368089F41
:1045B0002568A4683D6002F1004203F1004301F167
:1045C00000417A60FB60BC6038617961099B03F04F
:1045D00007000DF51B7DBDE8F08F069D08352544CD
:1045E0000020002175E9022312F0AAFBA542F9D1AF
:1045F000039B002B00F0D280089E024601F100438D
:1046000086E80C000B460246D4E9000112F096FB46
:10461000009B002B0BDD4CAD0124F5E8022312F0CA
:104620008FFB009B0134A342F7DA039B13B101F126
:1046300000431946089BC3E90201099B03F00700E8
:104640000DF51B7DBDE8F08F069D0835002000218B
:10465000254475E9022312F073FBAC42F9D1039BA8
:1046600013B101F100431946089BC3E90001099BFE
:1046700003F007000DF51B7DBDE8F08F0026002735
:10468000EAE80267DA4509F108097FF4FEAC1AE5A9
:10469000009B002B08F10108C8BF02253FF79EAD23
:1046A00032463B460020614912F048FB022506468F
:1046B0000F46FBE500260027EEE6069B002B27DDD4
:1046C0000024069B012B3FF4C4AD022B09D1009BB3
:1046D0005A1E0EAB0EA953F82230C3F3150341F84E
:1046E0002230022D7FF4E2AD32463B4600204F4996
:1046F00012F024FB06460F46002C3FF4D7ADC7E569
:104700000099013399427FF473AD069B002BD8DCEE
:10471000022D7FF4CBAD32463B460020434912F0D8
:104720000DFB06460F46C1E50123ECE53946069F21
:1047300003957A423046CDF8248000F05DFD0022DA
:104740003B4B04460D4612F033FF002843D00022B5
:10475000384B2046294612F0A5FC12F053FF0646BE
:1047600012F03AFC0022324B12F09CFC02460B463F
:104770002046294612F0E2FA12F044FF00990B4657
:1047800001331A4600933B46183306930B460EA995
:1047900041F82300134641F8236027E6089B0246B0
:1047A000C3E900010B46D4E9000112F0C7FA009BEF
:1047B000002B3FF730AF089BC3E902013DE7D4E986
:1047C0000067D4E90223089DC5E90401C5E9006733
:1047D000C5E90223FAE62946204612F013FF009AA3
:1047E0000EA941F8220001E64AAC00200021D8E6DB
:1047F000A49B032B3FF6EAAE01A252F823F000BFC0
:104800001F4800001748000017480000E947000053
:1048100001200023F2E4002000214AACE8E6002059
:1048200000211CE70A9BDB0000934CE40000F03FF2
:10483000000070410000703E2DE9F04F21F000466D
:10484000B6F1795F85B004460D469046994604DA84
:1048500012F0D8FE002800F0858022462B46204624
:10486000294612F01FFC06460F4602460B4620461C
:10487000294612F017FC41A3D3E9002382468B4658
:104880003046394612F00EFC3EA3D3E9002312F065
:1048900055FA32463B4612F005FC3CA3D3E900230F
:1048A00012F04EFA32463B4612F0FCFB39A3D3E934
:1048B000002312F043FA32463B4612F0F3FB37A3D3
:1048C000D3E9002312F03CFA0E9BCDE900019BB323
:1048D0000022294B4046494612F0E4FBDDE9002363
:1048E000CDE902015046594612F0DCFB02460B4668
:1048F000DDE9020112F022FA32463B4612F0D2FB09
:1049000042464B4612F01AFA19A3D3E90023064691
:104910000F465046594612F0C5FB02460B4630463C
:10492000394612F00DFA02460B462046294612F08F
:1049300005FA05B0BDE8F08F02460B463046394611
:1049400012F0B0FB0AA3D3E9002312F0F7F95246A4
:104950005B4612F0A7FB22462B4612F0F1F905B098
:10496000BDE8F08F2046294605B0BDE8F08F00BFB6
:10497000495555555555C53F0000E03F7CD5CF5AA8
:104980003AD9E53DEB9C2B8AE6E55A3E7DFEB157D0
:10499000E31DC73ED561C119A0012A3FA6F8101139
:1049A0001111813F000000002DE9F04FBE4C21F0B5
:1049B000004687B0A64282468B460F46CDE90023CB
:1049C0001BDC12F01FFE002837D153461E43109BFC
:1049D0000133334300F0B381109B012B00F0C881F9
:1049E00052465B460020B14912F086FC04460D4653
:1049F0002046294607B0BDE8F08FAD4B9E421CDD36
:104A00000029C0F2A98152465B4687A1D1E9000185
:104A100012F094F9DDE9002304460D4684A1D1E9A2
:104A2000000112F08BF99FED847B22462B468DED21
:104A3000007B12F085F982468B4652465B46504613
:104A4000594612F02FFB02460B468046894612F06B
:104A500029FB424604460D464B465046594612F045
:104A600021FB77A3D3E90023CDE9020120462946A3
:104A700012F018FB74A3D3E9002312F061F9224667
:104A80002B4612F00FFB72A3D3E9002312F058F962
:104A900022462B4612F006FB6FA3D3E9002312F047
:104AA0004FF922462B4612F0FDFA6DA3D3E90023FD
:104AB00012F046F922462B4612F0F4FA6AA3D3E923
:104AC000002312F03DF942464B4612F0EBFA68A380
:104AD000D3E90023CDE904012046294612F0E2FA89
:104AE00065A3D3E9002312F02BF922462B4612F0DE
:104AF000D9FA63A3D3E9002312F022F922462B4608
:104B000012F0D0FA60A3D3E9002312F019F922467B
:104B10002B4612F0C7FA5EA3D3E9002312F010F976
:104B200022462B4612F0BEFA5BA3D3E9002312F013
:104B300007F902460B46DDE9040112F001F9DDE94F
:104B4000022312F0AFFADDE9004522462B4612F0AF
:104B5000F7F842464B4612F0A5FA02460B462046AD
:104B6000294612F0EDF84EA3D3E9002304460D4682
:104B7000DDE9020112F096FA22462B4612F0E0F827
:104B80000B460246804689465046594612F0D8F8F0
:104B9000474B9E4204460D4600F38E80109B012B2E
:104BA0003BD002460B460020404912F0A5FB0024F2
:104BB00006460F462046294652465B46CDE9006729
:104BC000CDE90201009412F0B9F8DDE900AB02462C
:104BD0000B464046494612F0B1F852465B4612F089
:104BE00061FA524604460D465B46DDE9020112F0C9
:104BF00059FA00222F4B12F0A3F802460B4620462A
:104C0000294612F09DF832463B4612F04BFA5246C6
:104C10005B4612F095F804460D462046294607B03B
:104C2000BDE8F08FAFF30080182D4454FB21E93F1D
:104C3000075C143326A6813C000000000000000041
:104C4000D47ABF74702AFB3EE9A7F0320FB8123F46
:104C500068108D1AF726303F1583E0FEC8DB573FFA
:104C600093846EE9E326823FFE41B31BBAA1AB3FBA
:104C7000735360DBCB75F3BEA69237A0887E143FDA
:104C80000165F2F2D844433F280356C9226D6D3FB7
:104C900037D60684F464963F7AFE10111111C13F95
:104CA000635555555555D53FFFFF2F3E0000F0BFCA
:104CB0002794E53F0000F03F109812F08DF922464E
:104CC000CDE900012B462046294612F0EBF9DDE93B
:104CD0000023CDE902012046294612F031F80246B0
:104CE0000B46DDE9020112F007FB42464B4612F08B
:104CF00025F802460B465046594612F01FF8024668
:104D00000B4612F01DF802460B46DDE9000112F0D9
:104D100015F80446B81700F00200C0F101000D4676
:104D200012F05AF902460B462046294612F0BAF90B
:104D300004460D462046294607B0BDE8F08F504690
:104D4000594610F0ABF802460B4600200A4912F013
:104D5000D3FA04460D4660E7DDE9004501F1004164
:104D6000224605F1004382468B46CDE900234AE600
:104D700054465D4651E700BF0000F03F00000000D0
:104D80002DE9F04FD24A21F00043934285B082468C
:104D90008B460C462DD9CF4A93421AD8002C80F26C
:104DA0001681B5A3D3E900235046594611F0C8FF38
:104DB0000022002312F0E8FBC0B9B1A3D3E900231D
:104DC0005046594612F06EF902460B460020C24981
:104DD00008E1C24A934240F2D0800346C1F3130275
:104DE000134340F0F481002980F2C4800020BC49C4
:104DF000C0E0BC4A934200F22981BB4A934240F290
:104E0000DE80002301930022B84B5046594612F031
:104E100049F906460F4602460B465046594612F0DF
:104E200041F999A3D3E9002304460D4612F03AF95B
:104E300097A3D3E9002311F083FF22462B4612F0FB
:104E400031F995A3D3E9002311F078FF22462B46D0
:104E500012F028F992A3D3E9002311F071FF224642
:104E60002B4612F01FF990A3D3E9002311F066FF3F
:104E700022462B4612F016F900229D4B11F060FFDE
:104E80008046894602460B463046394612F00AF9FA
:104E900002460B460020974911F050FF0646024695
:104EA0000B460F464046494611F048FF32468046C1
:104EB00089463B465046594612F0F4F802460B46E6
:104EC00000208D4911F03AFF02460B464046494604
:104ED00012F012FA22462B4612F0E4F8019E024626
:104EE0000B46002E38D0DDE9026732463B4611F012
:104EF00025FF52465B4612F0D5F832463B4611F08C
:104F00001DFF2B46224611F019FF019B0133064677
:104F10000F4600F00F81019B012B00F0F180019BF7
:104F20000133392B39D8019B132B40F31281019C9B
:104F3000C4F57F75033500222B0511F001FF0246F1
:104F40000B465046594611F0F9FE0022684B11F00D
:104F5000F7FE01EB04510DE05046594612F0A2F85D
:104F600022462B4611F0EAFE02460B4650465946B1
:104F700011F0E4FE05B0BDE8F08F4DA3D3E90023A6
:104F800012F020FB00283FF409AF4BA3D3E9002324
:104F90001046194612F086F8ECE752465B4611F0CF
:104FA000CDFE02460B460020514911F0C7FE019A82
:104FB0004F4B01EB0251002211F0C0FEDAE73EA395
:104FC000D3E9002311F0BCFE02460B46CAE72CA32E
:104FD000D3E900235046594612F064F80B46434982
:104FE0000246002011F0ACFE12F00CFB019011F013
:104FF000F3FF33A3D3E9002306460F4612F052F81D
:1050000002460B465046594611F098FE2EA3D3E9AE
:105010000023804689463046394612F043F806465A
:105020000F4632463B464046494611F087FE02464F
:105030000B4682468B464046494611F07FFE32467B
:105040003B4611F07BFECDE90201DCE62B4A9342A0
:1050500000F2958000291AA3D3E90023C0F2AC80A6
:1050600011F06CFE012380468946019316A7D7E90B
:105070000067D6E7AFF3008059F3F8C21F6EA501B1
:10508000FE822B654715F73F2DC3096EB7FD8ABE1B
:105090003952E686CACFD03EB7DBAA9E19CE143F5E
:1050A0008555FE19A0015A3FF41011111111A13FAD
:1050B000EF39FAFE422E86409C7500883CE4377E2C
:1050C0000000E0FE422EE63F763C7935EF39EA3DBE
:1050D00079684340412E86400000E0BFFFFFEF7F2C
:1050E0000000F0BF422ED63FFFFF8F3C0000E03FA4
:1050F0000000F03F0000084000001840B1A2F03F5F
:105100000022394B5046594612F03EFA002844D04E
:10511000504659460022354B11F012FE02460B460E
:105120003046394611F00AFE00224FF0404311F09C
:10513000B9FF1FE702460B465046594611F0FEFDE7
:1051400000222A4B11F0AEFF0022284B11F0F6FD91
:1051500010E7019C4FF400132341C3F17F575246DF
:105160005B4611F0EBFD002607F5401702460B46A3
:105170003046394611F0E2FD01EB0451FAE616A380
:10518000D3E9002311F08EFF002C02460B464FF0AE
:105190000000FFF61CAE154924E732463B46504658
:1051A000594611F0CBFD02460B4611F0C9FD002215
:1051B0000F4B11F0C5FDDDE611F0C2FD4FF0FF33DE
:1051C00080468946019306A7D7E9006729E702468A
:1051D0000B4611F0B5FDCDE6FE822B654715F73F76
:1051E000763C7935EF39EABD0000D0BF0000E03FE2
:1051F0000000F03F00000000F8B5C1F30A56044675
:105200000D460B4617460EBB21F00043034386466E
:1052100025D00022344B11F045FF344A9742044612
:105220000D460B462ADBC1F30A56363E3E4440F299
:10523000FE72964228DC002E12DD23F0FF4323F499
:10524000E00343EA065520462946F8BD40F2FF72C6
:105250009642EBD102460B4611F072FDF8BDF8BD47
:1052600016F1350F1DDA4CF250339F4222462B4681
:1052700025DC19A1D1E9000111F0D2FC16A3D3E974
:10528000002311F00FFFF8BD22462B4614A1D1E9EF
:10529000000111F0C5FC12A3D3E9002311F002FFB5
:1052A000F8BD23F0FF4323F4E003363643EA065506
:1052B0002046294600220E4B11F0F4FEF8BD08A14D
:1052C000D1E9000111F0ACFC05A3D3E9002311F0F2
:1052D000E9FEF8BDAFF3008059F3F8C21F6EA501D7
:1052E0009C7500883CE4377E00005043B03CFFFFD3
:1052F0000000903C10B5054C237833B9044B13B132
:105300000448AFF300800123237010BD1005002076
:1053100000000000B49A01000C4B43B10C480D4949
:1053200010B5AFF300800C48036823B910BD0A48DC
:10533000036833B97047094B002BF7D0BDE8104024
:105340001847064B002BF5D0184700BF000000009F
:10535000B49A010014050020100200200000000093
:10536000154B002B08BF134B9D46A3F5803A002137
:105370008B460F461348144A121A07F0F3FF0F4BDF
:10538000002B00D098470E4B002B00D098470020F0
:10539000002104000D000D48002802D00C48AFF396
:1053A000008011F073FC2000290005F06BF911F06A
:1053B00059FC00BF000008000000022000000000AF
:1053C0000000000000040020800C0020000000000D
:1053D0000000000070B504460E4600F0D1F888B118
:1053E0000368DB6A05469847082C0CD0A4F1090332
:1053F000012B14D93246214610230D20BDE8704000
:1054000004F094B870BD2B6828465B6A9847022860
:10541000F0DC2B6828461B6A04219847EAE72B68D2
:1054200028465B6A98470528E4DC2B6828461B6AF7
:1054300008219847DEE700BF30B52DED028B83B021
:10544000054600F09DF8044640B10368DB6A9847C2
:10545000032D50D8DFE805F0373F47080190019849
:1054600003B0BDEC028B30BD20460BF0CFFA07EE47
:10547000900A2046F8EEE78A0BF0D8FA07EE900A79
:105480002046B8EEE78A0BF0E1FA68EE087A07EEFC
:10549000100AE8EEA87AB8EEC77AE7EE077AF5EEDA
:1054A000407AF1EE10FAB1EEE78A03D517EE900AD2
:1054B00010F040FAFDEEC87ACDED017A019803B004
:1054C000BDEC028B30BD204603B0BDEC028BBDE8C5
:1054D00030400BF09BBA204603B0BDEC028BBDE818
:1054E00030400BF0A3BA204603B0BDEC028BBDE800
:1054F00030400BF0ABBA00230193B0E738B5054656
:1055000000F03EF858B10368DB6A0446984745B19D
:10551000012D04D12046BDE83840FBF79DB800209E
:1055200038BD2046BDE83840FBF776B810B50446D4
:1055300000F026F828B1036821461B6ABDE8104038
:10554000184710BD0048704716FCFFFF704700BFAA
:1055500010B5034B036004460BF038F8204610BD2D
:105560002890010010B5054B036004460BF02EF89F
:10557000204612F0D9FA204610BD00BF2890010045
:105580002DE9F043C04C236885B01BB1986805B085
:10559000BDE8F0834FF0FF31012001F0FFFCC0B205
:1055A00004F014FB002800F0ED800C2012F0BEFA8D
:1055B00003210646512001F0F1FCDFF8FCE2B34B79
:1055C000054605F00F07C5F3031815F4807518BFDD
:1055D0007346AF48394642460AF0F6F92A1C18BF0E
:1055E00001223946434630460DF076F90023A9489A
:1055F000B3600AF0E9F94FF0FF31032001F0CEFC6F
:10560000C0B204F0E3FA4FF0FF310546022001F08A
:10561000C5FCC0B204F0DAFA002D00F09A80002830
:1056200000F097800146284604F062F807460028FB
:1056300000F0A4804FF0FF31462001F0AFFC32288B
:1056400080462BD028DD382869D068283FD14FF01C
:10565000FF31012001F0A2FCC0B204F0B7FA81468C
:105660004C2012F063FA0523054601934A46CDF813
:105670000080394633460CF0FFF82846B0600368D6
:105680009B6A9847B0680368DB6A984782480AF0CB
:105690009BF92660B0687AE7302818D14FF0FF31C7
:1056A000012001F07BFCC0B204F090FA81464C204E
:1056B00012F03CFA1FFA88F1054605234A4600918C
:1056C0000193394633460BF0B9FE2846D6E73A68CF
:1056D0000125002301950095D2F82080B3600F22A8
:1056E0000DF10F0332213846C047002856D14FF044
:1056F0003208414669480AF067F94FF0FF3101204E
:1057000001F04CFCC0B204F061FA81464C2012F06A
:105710000DFA052305464A46CDF80080D0E74FF044
:10572000FF31012001F03AFCC0B204F04FFA81468B
:10573000442012F0FBF9052305464A46CDF80080C7
:105740003946019333460BF0EFFF554B2B6028464B
:1057500094E754480AF038F94FF0FF31192001F06E
:105760001DFCC0B204F032FA4FF0FF31054618209C
:1057700001F014FCC0B204F029FA53E74A480AF0D9
:1057800023F986E74FF0FF31032001F007FCC0B298
:1057900004F01CFA00287FF408AFF8E63B68019596
:1057A0000095D3F820800F220DF10F0330213846E9
:1057B000C04718B94FF0300841469BE73B68019558
:1057C0000095D3F820800D220DF10F0338213846C3
:1057D000C047C0B9382131480AF0F6F84FF0FF3120
:1057E000284601F0DBFBC0B204F0F0F9804644200B
:1057F00012F09CF94FF0050E382305464246394613
:105800008DE808409EE73A6801950095D2F820801F
:105810000DF10F03752268213846C047E0B96821B1
:105820001E480AF0D1F84FF0FF31284601F0B6FBD0
:10583000C0B204F0CBF980464C2012F077F94FF05B
:10584000050E682305468DE8084042463946334632
:105850000CF012F8284611E714480AF0B5F8B068C1
:1058600000287FF40CAF4FF0FF31032001F096FBCE
:10587000C0B204F0ABF918B10D480AF0A5F808E77A
:105880000C480AF0A1F804E72C050020B4830100BD
:10589000BC830100DC830100748401009884010052
:1058A00078830100EC8301000084010084840100FE
:1058B0001884010054840100AC83010008B501F094
:1058C00095FCFBF76DFCBDE8084001F0FDB900BF99
:1058D00008B501F08BFCFBF7D3FCBDE8084001F0F4
:1058E000F3B900BF08B501F081FC0FF04DFBBDE836
:1058F000084001F0E9B900BF08B501F077FC0FF0EE
:1059000055FFBDE8084001F0DFB900BF08B501F060
:105910006DFCFBF755FCBDE8084001F0D5B900BFB0
:1059200008B501F063FC0FF06DFDBDE8084001F023
:10593000CBB900BF08B501F059FCFAF7ADFEBDE8E0
:10594000084001F0C1B900BF08B501F04FFC0FF0ED
:10595000ADFCBDE8084001F0B7B900BF70B5049ECA
:1059600096420C4628DB15466BB1002A00EB02017B
:1059700007DD2046A21811F8013D00F8013B9042D6
:10598000F9D1002070BD042A0FD0022A02D110F0F4
:10599000010306D001462A46204606F0F3FA00200D
:1059A00070BD02880A80184670BD10F00303F1D163
:1059B00002680A60184670BD0846002107F0D2FC54
:1059C0004FF0FF3070BD00BF0830704740B1002974
:1059D00005DB4368994202DA0844007A70470020E8
:1059E000704700BF30B1002904DB43689942BCBF57
:1059F00040180272704700BF40B1002905DB4368C0
:105A0000994202DA0844007A70470020704700BFCC
:105A1000830705D120B1030F0CBF01200020704780
:105A20000120704730B1002904DB43689942BCBFB4
:105A300040180272704700BF002B23DB002921DBD6
:105A400070B54668B1421ADC5568761A1446EA1AEF
:105A5000B242A8BF3246002A11DB84420D4607D06D
:105A6000083408300844E11806F08CFA002070BDB4
:105A70000834E118601912F087F8002070BD4FF06B
:105A8000FF3070BD4FF0FF30704700BF4068704777
:105A900010B4141E10DB426894420DDC33EA230379
:105AA00028BF1346121B08309A422044A8BF1A464A
:105AB0005DF8044B07F056BC5DF8044B704700BF1F
:105AC00043688B4210B400F108041846A8BF08468A
:105AD00032EA220128BF19461B1A99422044A8BF66
:105AE00019465DF8044B00F0F3BE00BF002BBCBFAD
:105AF00043689B1A002A70B50E4620DB446899184B
:105B0000A1421CDC8A421ADCCBB136F0004116D02F
:105B100059428E4214DDB34212DD0830002E00EBF4
:105B2000020515DB9C1B2246A919284612F02CF809
:105B3000324628190021BDE8704007F013BC70BD43
:105B4000002211464FF0FF33BDE87040FFF7A0BFC1
:105B500074429A192946281912F016F82246284646
:105B60000021BDE8704007F0FDBB00BF03460830D0
:105B7000596800F02DBE00BF70B504460020616872
:105B8000490000F0A7FD6668002E11DD094D04F103
:105B9000080100EB4606034611F8012B141102F030
:105BA0000F022C5DAA5C9C71DA7102339E42F3D124
:105BB00070BD00BFAC840100002BBCBF43689B1AC2
:105BC000002A2FDB70B445689C18AC4229DCA24245
:105BD00027DC33B331F0004423D00029B8BF01EBF8
:105BE000032191FBF3F603FB1616002E00F10800CB
:105BF000B8BFF61802441644B242134411D03046DE
:105C000004E0B24208460ED090420AD00146147811
:105C100011F8015B02F8015B8B420470F1D1304650
:105C2000F2E770BC70470E46EEE700BF00B583B0E8
:105C30004FF0FF3300930023FFF7FEFE03B05DF843
:105C400004FB00BF10B50C1E0EDD4168083002F0E9
:105C5000F5F81F2C09DC0123A34020FA04F4013BD2
:105C6000444004EA030010BD002010BD014600209E
:105C700000F02EBE38B50021054600F0D7FD0146E4
:105C8000002000F025FE044600F10801284600F03F
:105C9000CDFD204638BD00BF30B5013A83B0044683
:105CA0000D460F2A16D8DFE802F01717838D9417D8
:105CB0002E08081F424D5C367462184601F02AFB1C
:105CC000012DADF8000005DD9DF800209DF80130A4
:105CD0002370627003B030BD184601F01BFB002D2D
:105CE000F8DD207003B030BD184601F013FB032D22
:105CF0000090EFDD6A46231D12F8011B03F8011D19
:105D00009C42F9D1E6E7184601F004FB002DC0B231
:105D1000E0DD2070E6E7184601F068FA072DCDE9CE
:105D20000001D7DD6B4603CB20606160D2E71846E7
:105D300001F084FA032DCDDDA3070CBF20602060A5
:105D400003B030BD184601F079FA032D0090C1DD93
:105D50006A46231D12F8011B03F8011D9C42F9D16C
:105D6000B8E7184601F06EFB032DE5DCB2E71846F4
:105D700001F03CFA072DCDE90001ABDD0DF1FF325A
:105D800004F1080312F8011F03F8011DA342F9D121
:105D9000A0E7184601F056FB032D00909ADD6A46F5
:105DA000231D12F8011B03F8011DA342F9D191E74D
:105DB000184601F0AFFA012D8CDDE20754BF2080B8
:105DC000208087E7184601F0A5FA012D82DD80B218
:105DD000F3E7184601F09EFA032DADDC7AE700BF29
:105DE00030B4141E07DB456808300A462044291BDE
:105DF00030BCFFF751BF30BC704700BF00B5013A5F
:105E000085B00F2A00F28880DFE802F01623303DCB
:105E10004A56595C5F626571748083080091012362
:105E200008220DEB0201FFF799FDDDE9020100F008
:105E30004BFF05B05DF804FB00910023012202A98D
:105E4000FFF78CFD9DF9080001F044F805B05DF8FE
:105E500004FB00910023012202A9FFF77FFD9DF8BA
:105E6000080001F037F805B05DF804FB009100234D
:105E7000022202A9FFF772FDBDF9080001F02AF81D
:105E800005B05DF804FB00910023022202A9FFF790
:105E900065FDBDF8080001F01DF805B05DF804FBD4
:105EA00000910023042202A9FFF758FD029801F097
:105EB00011F805B05DF804FB01230091BEE7012352
:105EC0000091C8E700910123D2E700910123DCE7AC
:105ED00000910123E6E700910023042202A9FFF7C5
:105EE0003DFD029801F000F805B05DF804FB00915B
:105EF0000123F2E700910023042202A9FFF72EFDFF
:105F0000029800F0DFFF05B05DF804FB009100236C
:105F100086E700910123EFE700208AE7131E09DBE3
:105F200010B4446808300A461844E11A5DF8044B7E
:105F3000FFF764BF002000F0CDBF00BF03F0ECB955
:105F400008B503F0EDF920F0404008BD03F0EEBACB
:105F50000EF002BAC11703F0A3B900BF03F0B4B941
:105F600003F0C4B900B583B003F0D4F902AB63E920
:105F700002010821184601F061FF20F0404003B003
:105F80005DF804FB00B583B003F0C4F902AB63E92C
:105F900002010821184600F09BFC03B05DF804FBE9
:105FA00081B138B50B680C4608461B6A98472368D0
:105FB00005465B6A2046984701462846BDE83840BA
:105FC00004F08AB9704700BF01F05ABE012002F008
:105FD000FBB800BF08B5022002F0F6F840F293309B
:105FE000BDE8084007F096BF014B1860704700BF3E
:105FF00030050020704700BF00207047002A2DE9BF
:10600000F04340F3BB8000242546ED27DFF8CCE1C8
:1060100009E07F2B04F1010415D8013508B10370A4
:106020000130A24221DD0B5D1E06F2D503F0E00631
:10603000C02E1DD003F0F006E02E33D003F0F8069A
:10604000F02E51D0013402350028EAD04FEA931CDB
:1060500006466CF03F0C06F802CB03F03F0363F0FA
:106060007F03A24243703046DDDC2846BDE8F08362
:10607000661CB242DEDD01EB040C9CF801C00CF0A2
:10608000C008B8F1800FD5D14FEA83180CF03F0C4F
:1060900008F4F86848EA0C0CBCF17F0F70DD634629
:1060A0000234D0E7A61CB242C8DD0E1996F801C032
:1060B0000CF0C008B8F1800FC0D196F8028008F04B
:1060C000C006802EBAD11E0308F03F084FEA8C1C90
:1060D000B6B20CF47C6C46EA080646EA0C06B6F545
:1060E000006FAFDB033430E0E61CB242AADD0E19CC
:1060F00096F801C00CF0C008B8F1800FA2D196F854
:10610000028008F0C009B9F1800F9BD196F8039086
:1061100009F0C006802E95D19E0409F03F094FEA90
:106120000C3C06F4E0160CF47C3C4FEA881846EA76
:10613000090646EA0C0608F47C6846EA0806A6F555
:10614000803CF4453FF67EAF0434B6F5803F1DD267
:10615000033500283FF465AF4FEA163CC6F38513BC
:1061600006F03F066CF01F0C63F07F0366F07F06BD
:1061700080F800C043708670033052E7002574E752
:106180000235344600287FF461AF4CE7A6F580362F
:10619000B30A063503F5584300283FF442AFC6F36F
:1061A000090606F55C46C6F38518C3F3851C06F0A0
:1061B0003F0603F03F0368F07F0866F07F066CF04F
:1061C0007F0C63F07F030770C77080F8048046710E
:1061D00080F801C08370063023E700BFFFFF0F0087
:1061E0000378024618461B0600D4704700F0E0030F
:1061F000C02B10D000F0F003E02B00D07047537894
:10620000927800039B0103F47C6380B2184302F090
:106210003F03184370475378800103F03F0300F4B5
:10622000F8601843704700BF704700BF70B4C5885E
:106230008D422BD30B0962BB826886882D0902EB45
:1062400045054BB103F10040013832F81030F61A21
:10625000B6B21D4401F00F010022134602E00133E3
:106260009E4213DB0132914205EB0300EC5C0EDB36
:106270002006F4D504F0E000C02804F0F00414D0A7
:10628000E02C08BF023301339E42EBDA002070BCE1
:1062900070472D0900F1080202EB45058688002BA6
:1062A000DAD000EB4300C388D1E70133D7E700BF62
:1062B00080880A30800870470630704780887047B1
:1062C00083888B4226BF063040180020704700BFED
:1062D00080880A3080087047063070478088704791
:1062E0008188E1B130B4841D0020034602E001330F
:1062F000994210DDE25C150600F10100F7D502F0CD
:10630000E005C02D02F0F00207D0E02A08BF0233FA
:1063100001339942EEDC30BC70470133E7E70846B1
:10632000704700BF70B400228688851D134602E0C6
:1063300001339E4213DB0132914205EB0300EC5C1A
:106340000EDB2006F4D504F0E000C02804F0F004D1
:1063500008D0E02C08BF023301339E42EBDA002064
:1063600070BC70470133E3E7C38880681B0900EB0A
:10637000430070470022FFF759BF00BFC3888088E1
:106380001B0900EB43000C3080087047704700BFCA
:10639000C38800F108021B0902EB4300704700BFED
:1063A00080887047C08870470122FFF73FBF00BF59
:1063B0000320704740680B30800870472DE9F84390
:1063C00004460B46002A4FD0C788B0F804803F0926
:1063D00000F1080606EB470721B14246384605F0B2
:1063E000D1FD002307F80830E3881B09D3B306EB7F
:1063F0004309B8443846B8EB00041BD40278102196
:10640000002307E001339C4200EB030512DB013956
:10641000C25C1ED01506F5D502F0E005C02D02F0D5
:10642000F00214D0E02A08BF023301339C4200EB93
:106430000305ECDA4FF45C7007F06CFD002318469E
:10644000DB1B26F8023BB145D5D1BDE8F88301330B
:10645000D8E72B46DB1B26F8023BB1452846CAD1BC
:10646000BDE8F883BDE8F8831546C2888768B0F8B0
:106470000480120907EB420729B907F80810C388FE
:106480001B09A668B2E74246384605F07BFD07F8CF
:106490000850E3881B09F4E7806808B101F06EBD7D
:1064A000704700BF10B50446406801F093FDA06836
:1064B000BDE8104001F08EBD2DE9F04F414D83B095
:1064C000A9880090002970D13E48009ADFF8FC901E
:1064D000064602F0BBFB0027B846AB8830468BB1BE
:1064E00002F0C8FB03684B45044647D09B6A9847B7
:1064F000236880445B6A20469847AB88074430464F
:10650000002BEDD14FEA18146400781C204402F0EF
:1065100073F9A9880190044400294CD12948009AB4
:10652000DFF8A8A0814602F091FBAA884846BAB1DC
:1065300002F0A0FB0268524583462AD0526A904777
:10654000DBF800200646136A584698473246014653
:10655000204605F017FDAA8834444846002AE7D1B2
:1065600000980199184B816011468780A0F8068039
:10657000036003B0BDE8F04FFFF720BF8268A98831
:10658000304602F063FB6268A988304602F05EFB89
:10659000A3E78268A988484602F058FBDBF804208C
:1065A000A988484602F052FBBFE740F2713007F07D
:1065B000B1FCA98888E740F2713007F0ABFCA988EC
:1065C000ACE700BF38050020648501001C85010090
:1065D00010B50446FFF770FFE08810BD10B5044603
:1065E000FFF76AFFA08810BD10B50446FFF764FFEF
:1065F000E388A0681B0900EB430010BD38B50D46C9
:106600000446FFF759FF294620460022BDE83840DE
:10661000FFF70CBE0320704703207047704700BF90
:1066200080887047C0887047704700BF8088704777
:1066300060B143688B4200D02BB9531C06D08368ED
:106640009A4203D013B100680028F2D1704700BF0E
:10665000084B1B685BB15A68904201D0002AF8D100
:106660004A1C04D09A68914201D0002AF1D1184600
:10667000704700BF34050020F0B5154E336883B075
:1066800013B90AE01B6843B15C688442FAD19C6884
:106690008C42F7D1DA6003B0F0BD044610201746F3
:1066A0000D4602F0BBF8034620B100221A605A6082
:1066B0009A60DA6018463268019383E83400012159
:1066C00040F80C7F02F05AF9019B336003B0F0BD33
:1066D00034050020F8B50C1E064625DB4CB3002E11
:1066E00063D0002C0CDD96F90030002B23DB731CEB
:1066F000311903E013F9012B002A1CDB9942F9D16F
:10670000E01D01F0D7FF0546002856D02C4B2B602A
:10671000AC8026B131462246A81D05F033FC2C443E
:106720000023A3712846F8BD11F072FA0446002C2C
:10673000D5D12448F8BD132C2EDD00210B4602E0F4
:1067400001339C4210DDF25C100601F10101F7D526
:1067500002F0E000C02802F0F00224D0E02A08BFD6
:10676000023301339C42EEDC8FB20029B8BF0F31F7
:10677000091104F1090000EB410001F09BFF0546FF
:1067800008B1114B03602846AC80EF8031460122EE
:10679000FFF714FE2846F8BDE01D01F08BFF05460B
:1067A00058B10A4BB3E70133CAE7E01D01F082FF9D
:1067B00005460028AAD1B480B1E7AC80AAE700BFA3
:1067C000C4850100EC860100F48501009485010078
:1067D000F8B50C1E054603DB3CB9134C2046F8BD4A
:1067E00011F016FA0446002CF7D022462946002064
:1067F000FFF704FC8442064610D002F00FF8224650
:1068000007462946FFF7FAFB31463846FFF762FF95
:106810000446384601F032FF2046F8BD214628469E
:10682000BDE8F840FFF756BFEC8601002DE9F843BC
:10683000036804461B6A0F469847236806465B6A4E
:10684000204698470146002840D000242546335D65
:10685000ED2B06EB040008D007B17B550135013460
:106860008C42F4D32846BDE8F88304F10508884536
:10687000F2D2FFF7B5FC8146E01C3044FFF7B0FCD4
:10688000A9F55843B3F5806FE9D2A0F55C42B2F5A3
:10689000806FE4D200F5105000EB83239FB1981471
:1068A00060F00F0078557A19C3F30534C3F38510EF
:1068B00003F03F0364F07F0460F07F0063F07F0328
:1068C00054709070D37004354446C8E7BDE8F8832F
:1068D00070B50D1E12DD064605F1080001F0EAFE56
:1068E000044608B1084B036065602A46314604F14E
:1068F00008002EB105F046FB204670BD034870BD70
:1069000006F030FD204670BD60860100E086010083
:10691000014B1860704700BF04000020034A044B7D
:10692000116803FB00F0484010607047040000202D
:10693000CB5725CA30B40E4D2A68044621460020A4
:10694000930983EAD273534083EA121383EA9203D2
:106950005208534042EAC37202F00103490843EA75
:106960004000EDD18442E9D32A6030BC704700BFBB
:106970000400002000487047EC86010000B583B297
:106980007F2B83B02CDDB3F5006F17DB00F03F00E9
:106990001A1360F07F00C3F3851362F01F0263F0E7
:1069A0007F038DF80600032101A88DF804208DF8DF
:1069B0000530FFF78FFE03B05DF804FB00F03F00E9
:1069C00060F07F009B1163F03F038DF8050002210A
:1069D00001A88DF80430FFF77DFE03B05DF804FBDD
:1069E000012101A88DF80430FFF774FE03B05DF8B3
:1069F00004FB00BF2DE9F0470C46002876D0054681
:106A0000444B002976D098427CD09C4218D02B6809
:106A1000414EB34217D05B6A284698472368074621
:106A20005B6A20469847C619322E804631D90C2021
:106A300001F040FE08B1384B0360456084600546B4
:106A40002846BDE8F0872368B342F0D0A868036801
:106A5000B342ECD05B6A9847236807465B6A2046DE
:106A6000984738443228E2D80C2001F023FE07462C
:106A700000B10660384601F09BFF6B687B602146E1
:106A8000A868FFF7B7FFB860384601F0A1FF3D46A0
:106A9000D6E72B6828461B6A9847236882461B6AFC
:106AA00020469847314681460020FFF713FE0368D1
:106AB0001B6A054698473A460446514605F062FA75
:106AC00042464946E01905F05DFA002EB8D094F927
:106AD0000030002B07DB3219631C9342B0D013F94E
:106AE000011B0029F9DA0D4B2B60A9E70C4D59B1B8
:106AF000084B8AE798420AD00368074E084CB34215
:106B000089D1A3E70D469BE7064B2C4683E7044D4E
:106B100096E700BFEC8601001C850100948501000A
:106B200040870100C4850100884228D0F8B5036879
:106B30000D465B6A044698472B6807465B6A284601
:106B40009847236806461B6A204698472B680446E8
:106B50001B6A28469847BE4228BF3E46621E03462F
:106B600013F8011B12F8014F8C42A3EB000503D16F
:106B7000B542F5D90020F8BD03DB0120F8BD0020A7
:106B800070474FF0FF30F8BD03689B6A184700BF9D
:106B9000F8B5161E21DD03689B6A0C46054698472A
:106BA000002CBCBF241824EAE474001B864212DACD
:106BB0002B682146DB6A284698472B68A1190746AF
:106BC000DB6A28469847044658B1E11B3846BDE8C1
:106BD000F840FFF77FBD002801DC0448F8BD0646F9
:106BE000E6E740F2723007F095F9EEE7EC86010037
:106BF000002859D0002957D003682DE9F0471B6AB7
:106C0000054614460E4698472B6824EAE4718046F0
:106C1000DB6A284698472B6804465B6A28469847F3
:106C20003368A4EB0805451B5B6A30469847074666
:106C30009CB3854231D3336830461B6A98478146FE
:106C400090F800A002E0BD42344626D32378534595
:106C500005F1FF3504F10106F5D13A4649462046D3
:106C600010F083FF0028EED1A4EB0804002C0346AB
:106C700003DC14E00130844211DD18F80020110615
:106C800003F10103F6D502F0E001C02902F0F002A1
:106C900008D0E02A08BF0230ECE74FF0FF33184677
:106CA000BDE8F0870130E5E74FF0FF331846704745
:106CB00008B5FFF79DFF013018BF012008BD00BFD8
:106CC00080F00100704700BF38B50C1E034612D19A
:106CD000002845D002460B4604460D4610F07CFCC9
:106CE00000283FD10C2001F0E5FC08B11E4B0360E9
:106CF0004460856038BDC4F30A55A5F2FF321D2AF1
:106D000025D8142A0DDC0028E4D1A5F2F33514FAB5
:106D100005F3DFD1E002C2F11F0240F00040D04095
:106D20000EE0A5F2134510FA05F5D3D1E002C2F149
:106D30001F0140F00040C2F13402C840D340184364
:106D4000002CB8BF4042400040F0010038BD1E2A70
:106D5000C0D10028BED1054B9C42BBD1044838BDF0
:106D6000012038BD0E2038BD908601000000D0C142
:106D7000010000802DE9F041036882B01B6A98474A
:106D800001A9F9F759FA0022002306460F4610F030
:106D9000F1FB68BB27F00045304629464FF0FF3233
:106DA0001D4B34464FF0010810F016FC38B94FF077
:106DB000FF32194B3046294610F004FCF8B118F0A8
:106DC000FF0F20D100224FF48013204629464FF0B8
:106DD000010810F001FC40B92046294600224FF47A
:106DE000801310F0D1FB00B9804618F0FF0F0AD1D4
:106DF00030463946FFF768FF02B0BDE8F0818046B3
:106E000018F0FF0FDED0054F002630463946FFF759
:106E10005BFF02B0BDE8F081FFFFEF7F0000F87F6D
:106E200008B510F0D9F8BDE80840FFF74DBF00BF26
:106E3000F8B50368DB6A04469847E0B10646FFF7F9
:106E4000CFF9054638B14300B0EB630F10D0BDE871
:106E5000F840FFF7E5BF236820461B6A9847236880
:106E600007465B6A204698473844864203D02B4643
:106E700043F00100F8BD0E20F8BD00BF08B1FFF7D8
:106E8000D7BF0E20704700BFB8B110B5FFF7D0FFD5
:106E90000E2804460FD0C30704D56010BDE810408B
:106EA000FFF76CBD40F2713007F034F86010BDE8B8
:106EB0001040FFF763BD024810BD0148704700BF96
:106EC000EC86010008B510F099F8BDE80840FFF71E
:106ED000FBBE00BF4300B0EB630F01D0FFF7A0BFC4
:106EE00043F00100704700BFB0F1804F08B503D2F6
:106EF000400040F0010008BD10F05EF8BDE8084019
:106F0000FFF7E2BE002814BF42200A20704700BFEE
:106F100008B5F9F755FBBDE80840FFF7D5BE00BF3F
:106F200001FB00F0704700BF90FBF1F0704700BF1D
:106F300010B50C2001F0BEFB044608B101F0A2FF21
:106F4000204610BD00897047043001F009BF00BF22
:106F500003460A460430198901F0E2BE043001F00C
:106F600011BF00BF03894268994234BF52F8210023
:106F700000207047043001F0D3BE00BF043001F0A0
:106F80000FBF00BF043001F031BF00BF024B1B68D0
:106F9000588CC000704700BF7805002038B5184BEA
:106FA0001B688BB15C6A7CB12368984223D05BB1CB
:106FB000002300E042B1023354F823208242F9D189
:106FC00001339B00E05838BD0D46044603F00EF92E
:106FD00078B103689C4210D05BB1002300E042B15D
:106FE000023350F823209442F9D101339B00C0585A
:106FF00038BD284638BD0423E4E70423F7E700BF83
:1070000078050020406870474160704710B508203F
:1070100001F050FB044608B101F03EFF204610BDD0
:1070200070B50C1E054616460EDB83889C420BDAB3
:1070300005EB8404E36823B10B2140F2863001F0B4
:107040008DFFE660284670BD0A2140F2863001F0CF
:1070500085FFEDE706F05EBF18B1024B984208BF0E
:1070600000207047EC860100003018BF01207047F7
:1070700010B5142001F01EFB044608B101F014FF06
:10708000204610BD10B5044601F01AFF002806DBAB
:10709000238AE268984202D252F8200010BD0020F4
:1070A00010BD00BF214B1B68DB6A9A682DE9F041D7
:1070B0001C68904204F1FF3503F104081ED358F810
:1070C000253098421AD8002D14DD641058F8243069
:1070D000984210D0012203E058F8243098420AD098
:1070E00098428CBF621C04F1FF355419AA424FEA42
:1070F0006404F1DD00242046BDE8F081002DF9DDB7
:107100000746012605E0B4BF661C04F1FF35B54211
:10711000F0DB74196410394658F82400FFF704FDB9
:107120000028F0D12046BDE8F08100BF780500209E
:10713000034B1B680131DB6A53F82110FFF7A2BF34
:107140007805002070B50E461546044601F0B8FEDD
:10715000011E06DB2A4604F10C00BDE8704001F078
:10716000DFBD32462189201D01F0DAFD2A46218A41
:1071700004F10C00BDE8704001F0D2BD034B1B6868
:107180000131DB6A53F82110FFF7DCBF78050020DE
:10719000014B1868704700BF74050020704700BF9E
:1071A000820708B508D1E0B1036823F00103DA785B
:1071B000F92A14D0042008BDB0B1C30701D50220BC
:1071C00008BD0E28FBD042280CD00A280AD0062879
:1071D000F0D040F2213006F09DFE042008BD9878E2
:1071E00008BD08BD012008BD08BD00BF0E2820D085
:1071F00010B5044678B916E02046FFF7D1FF0346E4
:10720000022B204612D0032B0DD1FFF7B3FD0E2821
:10721000044608D03CB1A307EED0204600F00EF89B
:107220000FF0DAFE10BD0020034910BD6068A168B0
:1072300010BD0020004970470000F87FC1070346D9
:1072400001D540107047820749D4002853D02DE95A
:10725000F041FFF7CBFF21F000450F464FF0FF3222
:1072600029462A4B064604464FF0010810F0B4F9AF
:1072700038B94FF0FF32254B3046294610F0A2F9BD
:1072800090B318F0FF0F33D100224FF48013204643
:1072900029464FF0010810F09FF940B920462946D1
:1072A00000224FF4801310F06FF900B9804618F0F7
:1072B000FF0F1DD1304639460DF0DAFE0022144B87
:1072C0000EF014F90022002304460D4610F05CF97C
:1072D00098B92046294610F0BDF9BDE8F0819B0918
:1072E00014BF012000207047804618F0FF0FCBD05C
:1072F0000020BDE8F081002070472046294600228A
:10730000034B0FF01DFD04460D46E2E7FFFFEF7F44
:107310000000F041FFF792BF38B50D46FFF78EFF32
:1073200004462846FFF78AFF00F01F0004FA00F029
:107330004300B0EB630F03D0BDE83840FFF770BDEA
:1073400043F0010038BD00BF38B50D46FFF776FFAA
:1073500004462846FFF772FF00F01F0044FA00F0D1
:107360004300B0EB630F03D0BDE83840FFF758BDD2
:1073700043F0010038BD00BF38B50D46FFF75EFF92
:1073800004462846FFF75AFF60404300B0EB630F06
:1073900003D0BDE83840FFF743BD43F0010038BDDE
:1073A00038B50D46FFF74AFF04462846FFF746FF6B
:1073B00020434300B0EB630F03D0BDE83840FFF734
:1073C0002FBD43F0010038BD08B5FFF737FFC043BC
:1073D0004300B0EB630F03D0BDE80840FFF720BDCA
:1073E00043F0010008BD00BF38B50D46FFF726FF8A
:1073F00004462846FFF722FF20404300B0EB630F0E
:1074000003D0BDE83840FFF70BBD43F0010038BDA5
:1074100038B50D46FFF712FF04462846FFF70EFF6A
:1074200000F01F0024FA00F0B0F1804F03D24000BA
:1074300040F0010038BD0FF0BFFDBDE83840FFF758
:1074400043BC00BF0E2816D008B50346C0B19B0749
:1074500008D1FFF7CBFE10F01DF907EE900A17EEEA
:10746000900A08BDFFF7EAFE07EE900AF8EEE77A09
:1074700017EE900A08BDDFED047A17EE900A704708
:10748000DFED017AEBE700BF0000C07F70B50E466C
:10749000FFF7ACFE044630460D46FFF7A7FE024656
:1074A0000B46204629460FF04BFCBDE87040FFF725
:1074B0000BBC00BF70B50E46FFF798FE0446304681
:1074C0000D46FFF793FE02460B46204629460FF075
:1074D00035FCBDE87040FFF7F7BB00BF01F00103CA
:1074E000184203D0C3130133012B12D9D0B50C4677
:1074F000FFF77CFE064620460F46FFF777FE024662
:107500000B46304639460FF0CDFDBDE8D040FFF7C1
:10751000DBBBCB130133012BE8D84310481000FB31
:1075200003F04300B0EB630F01D0FFF779BC43F0E9
:1075300001007047032912D0D0B50C46FFF756FE64
:10754000064620460F46FFF751FE02460B463046E0
:1075500039460FF0D1FEBDE8D040FFF7B5BB70470C
:10756000F8B50C46C107034615D5E20713D56208E6
:1075700011D0FFF763FE05462046FFF75FFE95FB3F
:10758000F0F303FB10504300B0EB630F15D0BDE8E0
:10759000F840FFF745BC1846FFF728FE0646204690
:1075A0000F46FFF723FE0B460246394630460DF0E4
:1075B0009DFFBDE8F840FFF787BB43F00100F8BD31
:1075C00070B50E46FFF712FE044630460D46FFF733
:1075D0000DFE02460B4620462946F9F7C9FEBDE8D6
:1075E0007040FFF771BB00BFC2072DE9F8430C469E
:1075F0001CD4FFF7FBFD064620460F46FFF7F6FDBD
:1076000004460D4602460B46304639460FF0DAFF77
:1076100088BB22462B46304639460FF0ABFF20B3DD
:1076200030463946BDE8F843FFF74EBBCB07E0D5FF
:1076300040106410844208DB04D1600040F0010077
:10764000BDE8F883234604461846001BFFF772F98D
:1076500020444400B0EB640F03D0BDE8F843FFF7CB
:10766000DFBB44F00100BDE8F88322462B463446D8
:107670003D4616461F46F8F7A3FF22468046894638
:107680002B46304639460FF059FB42464B460FF029
:1076900009FD22462B460FF053FBBDE8F843FFF7E8
:1076A00013BB00BF08B5FFF7A1FD0DF07DFFBDE8DE
:1076B0000840FFF709BB00BF08B5FFF797FD0DF0C5
:1076C000F3FFBDE80840FFF7FFBA00BF08B5FFF7BA
:1076D0008DFDF9F7A9FABDE80840FFF7F5BA00BF3C
:1076E00008B5FFF783FDF9F713FABDE80840FFF787
:1076F000EBBA00BF08B5FFF779FD0DF0B9FCBDE8A6
:107700000840FFF7E1BA00BF08B5FFF76FFD054B72
:1077100000220FF015FBF9F787FABDE80840FFF7E4
:10772000D3BA00BF0000E03F0E2830D00E292ED083
:107730008842F8B505462CD001F00102104201D074
:107740000020F8BD0C46FFF72BFD06462046FFF74C
:1077500027FD8642F4D145EA04039B07F0D1032EAE
:1077600019D0022EECD12846FFF740FD06462046F0
:107770000F46FFF73BFD0B460246394630460FF0F9
:10778000F9FE4FF0010300B90346D8B2F8BD00205E
:1077900070470120F8BD21462846FFF7C5F9B0FA29
:1077A00080F04009F8BD00BF08B5FFF7BDFF002815
:1077B00014BF42200A2008BD08B5FFF7B5FF002816
:1077C0000CBF42200A2008BD0E285CD00E29F8B557
:1077D0000C4614D00628054646D0422848D00A2830
:1077E00030D00629034600F08180422C09D00A2CB3
:1077F00042D09C423ED004F001031D4204D0002040
:10780000F8BD0322934235D02846FFF7C9FC06464F
:107810002046FFF7C5FC032E30D0032816D0012EDA
:107820003DD0012831D08642E9D145EA04039B07C7
:10783000E5D1032852D0022836D0601BB0FA80F080
:107840004009F8BD0123062CDED0CEE7022E2BD056
:10785000012ED4D1062DD2D0422D4FF002063BD0BE
:107860000A2DDED10125DCE7062903D00023BCE781
:107870000323E8E70120F8BD0122C3E7022813D063
:107880000328CED1D1E700207047062C4FF002002C
:107890001ED0422C1ED00A2CC5D10124C3E7062DD0
:1078A000DAD102260025BCE72846FFF79FFC0646F2
:1078B00020460F46FFF79AFC02460B4630463946F3
:1078C0000FF058FE4FF0010400B90446E0B2F8BDD5
:1078D0000024A8E70324A6E70325A2E721462846BB
:1078E000FFF722F9B0FA80F04009F8BD002289E7DD
:1078F000FFF76ABF08B5FFF767FF002814BF4220F3
:107900000A2008BD08B5FFF75FFF00280CBF422022
:107910000A2008BDF8B5078945687FB10E46043DC9
:10792000002402E00134A74208D0314655F8040F84
:10793000FFF74AFF0028F5D02046F8BD4FF0FF3092
:10794000F8BD00BF10B500220446FFF7E3FF011E9B
:1079500004DB201D01F024FA012010BD002010BD21
:1079600038B58307044608D1B0B1FFF719FC0328E6
:107970000FD0022812D0012038BD0A280CD05CB1EB
:107980000E2C09D0062C07D014F1FF3018BF0120AF
:1079900038BD0D4B9C42EED1002038BD2046FFF78C
:1079A00025FC02460B4604460D460FF015FE002846
:1079B000F2D120462946002200230FF0DBFDB0FA69
:1079C00080F0400938BD00BFEC860100422805D098
:1079D0000A2801D0FFF7C4BF00207047012070477C
:1079E0000E2847D00E2945D0F8B50C460546FFF7BE
:1079F000D7FB06462046FFF7D3FB032E2AD0A5422D
:107A000030D02846FFF7F2FB064620460F46FFF728
:107A1000EDFB324604460D463B46304639460FF0F4
:107A2000DBFD08BB22462B46204629460FF0D4FD3D
:107A3000D0B922462B46304639460FF0A5FDB0B9E5
:107A400022462B46304639460FF0BCFD003018BFA9
:107A50000120F8BD0328D2D121462846BDE8F840D0
:107A6000FFF762B80020F8BD6FF00100F8BD4FF0DD
:107A7000FF30F8BD6FF00100704700BF38B501F06E
:107A8000010313EA000405D1FFF7AAFF831C06D007
:107A9000C00F38BD8842ACBF0020012038BD204651
:107AA00038BD00BF10B501F00104204207D1FFF737
:107AB00097FF831C01D0002803DD0A2010BD8842F7
:107AC000FBDC422010BD00BF10B501F001042042D4
:107AD00007D1FFF785FF831C01D0002803DB0A20B4
:107AE00010BD8842FBDA422010BD00BF10B501F086
:107AF0000104204205D1FFF773FF002803DB422079
:107B000010BD8842FBDA0A2010BD00BF10B501F09D
:107B10000104204205D1FFF763FF002803DD422066
:107B200010BD8842FBDC0A2010BD00BFF0B591B04B
:107B30000446FFF735FB032847D0022810D005285C
:107B400035D0002C59D00A2C59D00E2C40D0422CC4
:107B500057D02D4B2D48062C08BF184611B0F0BD4C
:107B6000E30727D40E2C33D02046FFF73FFB21F04C
:107B700000450F464FF0FF322946254B06460FF0D1
:107B80002BFD38BB304629464FF0FF32204B0FF01B
:107B900005FDF8B900233046394600220FF0F4FC09
:107BA0001C4C1D4B002814BF20461846D6E71B4826
:107BB00011B0F0BD6946601007F004FD68464FF053
:107BC000FF31FEF787FD11B0F0BD204611B0F0BDCA
:107BD0001348C3E732463B46304639460FF0FCFCBB
:107BE0000028F5D1304639466A46F8F7CDFB68469D
:107BF0004FF0FF31FEF76EFDB0E70A48AEE70A48E6
:107C0000ACE70A48AAE700BF40870100648701008B
:107C1000FFFFEF7F308701001487010074870100A8
:107C200024870100D0860100588701004C8701009D
:107C300008B5FFF7B5FA052810D8DFE800F003050E
:107C400007090B0D084808BD084808BD084808BDCD
:107C5000084808BD084808BD084808BD40F2223061
:107C600006F058F9002008BD04870100C086010015
:107C700088870100A887010098870100F486010029
:107C800070B50446FFF78CFA042816D02046FFF79B
:107C90004DFF05462046FFF7CBFF03681B6A984758
:107CA0002B6806461B6A28469847224603463146FB
:107CB0000F48BDE8704007F087BE0CB1A30705D0A0
:107CC00021460C48BDE8704007F07EBE21680A4896
:107CD00021F001025369834203D02046BDE8704081
:107CE0001847138805481289BDE8704007F06CBE3C
:107CF0004486010054860100817C00002486010036
:107D000010B504460A461248214607F05DFE1CB134
:107D1000A3070AD0062C15D02046FFF741FABDE88C
:107D2000104000F5757006F0F5B8216821F00101EA
:107D3000CB78F92BEED10B898A78064807F044FE00
:107D4000062CE9D140F2DD30BDE8104006F0E2B883
:107D5000C0840100E084010008B50146044807F032
:107D600033FE4FF46470BDE8084006F0D3B800BF9E
:107D70004C85010010B501F0D5FA0446102000F042
:107D80004DFD22690260206110BD00BF38B501F0D1
:107D9000C9FA0469054634B123682B612046BDE861
:107DA000384000F06BBC40F2533006F0B3F8F3E714
:107DB000F0B585B0074601F0B5FA0469064684B10E
:107DC00094E80F0030618DE80F00204600F056FC6B
:107DD000094B77611B68684631469B6B984705B035
:107DE000F0BD064807F0F0FD3846FFF749FF40F2C6
:107DF000E73006F08FF8E3E7780500200085010002
:107E000010B501F08FFA446912239C42436101D0FE
:107E1000204610BD40F2533006F07CF8204610BDDD
:107E200008B501F07FFA4369122B05D0FFF7E8FF90
:107E3000BDE80840FFF7BCBF08BD00BF79B110B472
:107E4000084B094C014410F8012B04FB03F3884252
:107E500083EA0203F7D118465DF8044B7047014BE3
:107E600018467047C59D1C819301000138B5046810
:107E700034F0030405460FD0A30F11D0C4F39905C5
:107E800025B1B5F5004F05D9002C03DB40F2493090
:107E900006F040F8284638BD40F2513006F03AF876
:107EA0002846E36998470546EAE700BF38B5144B12
:107EB0009A881B6892B1551E53F8251088421AD033
:107EC000023A03EB82032A4602E0216881420BD08A
:107ED000013A511C1C46A3F10403F6D14FF4527031
:107EE000BDE8384006F016B8954204D0044800F0CA
:107EF000C1FE206038BD0248BDE8384000F0BABE7F
:107F00004C05002018210148FEF7E2BC5405002072
:107F1000036823F0010318888008704768B338B5F8
:107F2000C5680446ADB155F8043C2A686868A9687C
:107F300062605A0F032AA060E16005D040F2493028
:107F400005F0E8FF55F8043C43F0004345F8043CD5
:107F500038BD50F8043C5A0F032A05D040F249308E
:107F600005F0D8FF54F8043C43F0004344F8043CC7
:107F70000020BDE8384001F0DDB9704738B550F851
:107F8000043CDB070546A0F104041CD4104B1B681D
:107F900073B103F108029442F9D359680A44944238
:107FA000F5D255F8043C43F0010345F8043C38BDD4
:107FB00040F24A3005F0AEFF55F8043C43F00103AF
:107FC00045F8043C38BD40F24F3005F0A3FFDDE733
:107FD00040050020820700D0704730B338B5030F4A
:107FE00000D138BD0568114B1D42FAD1EB78F92B51
:107FF000F7D10F4B04461B688BB103F108018C428B
:10800000F9D35A6811448C42F5D20A4845F001056B
:10801000256022468188BDE8384000F017BE40F256
:108020004A3005F077FF2568EFE77047030000400E
:108030004005002038050020002955D02DE9F04FDB
:1080400083B0DFF8B090DFF8B080284F01908B4606
:10805000061F002556F804AF1AF0030F0DD1BAF130
:10806000000F0AD05FEA1A7307D0DAF8000010EAAE
:10807000090F02D1C378F92B05D00135AB45E9D101
:1080800003B0BDE8F08FD8F8003053B103F1080415
:10809000A24503D359680C44A24508D31B68002BA2
:1080A000F4D140F24A3005F035FFDAF80000B98823
:1080B00040F00100CAF8000052460C4800F0C6FD2E
:1080C000BB88642BD9D90C2008F09AF9084A019B87
:1080D00011681060013503EB8503ABEB050580E803
:1080E0002A0003B0BDE8F08F704700BF38050020BC
:1080F00044050020030000404005002038B5056815
:108100004DB104462846FFF739FFA1882846BDE84F
:108110003840FFF791BF38BD830703D1002849D00D
:10812000030F00D170472DE9F041234B05681D4234
:1081300001D0BDE8F081EB78F92BFAD11F4B044652
:108140001B68002B30D003F108029442F8D3596821
:108150000A449442F4D225F0030345F001059B69DB
:1081600025600BB120469847154F164CB846BB8882
:108170007BB923681846002BDBD093E864002260AB
:1081800008F064F931462846FFF756FFBB88002BFC
:10819000EFD0404600F06EFD036823F003039B69B7
:1081A000002BE4D09847E2E740F24A3005F0B2FEF7
:1081B0002568D0E7704700BF03000040400500205D
:1081C00038050020440500202DE9F04F924B85B082
:1081D0001B780390980705D54FF4527005F09AFE6E
:1081E0008D4B1B788C498D4A43F002030B70039B27
:1081F0001568978813F0020640F0F38077B1043DCC
:10820000002455F8040F20F0010310F0010F18BFEF
:1082100018680134FFF780FFA742F2D1804D039820
:1082200001F08EF82B68A3B17E4B1B685C8D00F0CB
:10823000AFFE2D68071B05EB8405002E40F0DA80A9
:108240003FB10024013455F8040BFFF765FFA74246
:10825000F8D1754A754B16781D683EB1002401347B
:1082600055F8040BFFF758FFA642F8D1704B714A3E
:108270001B686F4812680192013303606E4B114610
:1082800000221A60002900F0C280904617469146ED
:108290000292019A536802F108059B08029A05EBC5
:1082A00083061A44B542029246D22B6813F00101AC
:1082B0007FD11A0F062A7CD0AE4240F28A802C462B
:1082C00000E02368002B4FEA13720FDBD90714D4A8
:1082D000062A12D05A0009D4DB78F92B40F2493033
:1082E00001D005F017FE204600F09AFC2046FFF76B
:1082F000BDFD04EB8004A642E3D8A4EB050A4FEAD7
:10830000AA0AD0454FEA8A024FF0FF01284642F000
:10831000004BB8BFD04605F025F8BAF1010FD144A3
:10832000C5F800B04EDD00236B60002F4CD07D609F
:108330002F462546AE42B8D8019B1B680193002BFF
:10834000A7D13E48036847469BB13B4B1B684FEAA9
:10835000590473B11968C1F399018C4206D24FE0F8
:108360001A68C2F3990211448C424AD35B68002B0D
:10837000F6D1029B4FEA89019A00BF002C4B2C4892
:108380005B69C16007618BB18B420FD8039BDB0730
:1083900003D53B462A4807F017FB1F4B1E4A1B78A4
:1083A00023F00203137005B0BDE8F08F204B596134
:1083B000ECE723F001032B602846FFF757FD05EBA0
:1083C0008005B7E72546B5E71B4B2F461D602546C0
:1083D000B0E74FF00043B8F1000F2B60AADA8846EF
:1083E000A8E7184807F0F0FA3A462946164807F079
:1083F000EBFA03E73A462946144807F0E5FA1FE787
:108400000A462244511A03EB81030360B1E7019F3E
:108410003A463946B2E700BF720C00204C050020F6
:108420007405002078050020730C00206C050020E6
:10843000540500204005002070050020480500205C
:10844000D8870100B8870100C0870100CC870100F0
:10845000F8B5444E336843B11968002974D002203E
:10846000FFF7B2FE152005F055FD0021CF20FEF7E5
:1084700095FD4FF480510746CE20FEF78FFD05464F
:10848000002007F059FF451B002F42D1284607F076
:10849000B7FFA5F1080104468761416022463248D2
:1084A00007F092FA6268930746D13049DFF8C4E0DA
:1084B0008D684868DFF8C0C03768D31C23F00043DC
:1084C000154423F00303013043F000438D604860FE
:1084D00004F1080101EB9202A360DEF80030E360D2
:1084E000CEF80010CCF800201FB3A74221D83A687C
:1084F0000AB1944207D213463A4623601460F8BD8D
:10850000A342FAD81A461368002BF9D123601460ED
:10851000F8BD00F5FF407F3020F4FF4323F07F03D8
:10852000A3EB872000280DDD2D1A07F069FF074611
:10853000ACE727603460F8BD4FF4527005F0EAFCF8
:108540006268B2E70027A1E7CD20FEF727FDA0F57E
:108550000130031F002B82DD054CA0F10C0161608E
:108560009CE700BF40050020F4870100540500206F
:10857000000402207005002048050020F0B1104BD7
:108580001B68CBB103F108029042F9D359680A4441
:108590009042F5D250F8043C5A0F032A10B5044615
:1085A00005D040F2493005F0B5FC54F8043C43F0E6
:1085B000004344F8043C10BD07F048BF704700BFBB
:1085C00040050020072955DD002853D02DE9F04152
:1085D0000646002001F10308FFF7F6FD264B28F0C0
:1085E00003081D6808F10708043E4FEA9807B5B96B
:1085F0003DE005F08FFC2C68002C40F24B3001DB95
:1086000005F088FC721B9310C4F39904E41B072B3C
:10861000A4EB030401DD072C09DC6D683DB315F004
:10862000030F40F25130E4D12B0FE2D0E3E71F44B7
:1086300028F0C04805EB870628F00308A40022F0C4
:108640000302686848F0C04142F0004244F0004430
:1086500045F82740706005EB830485E8440000205E
:1086600045F82310FFF7B0FD201DBDE8F081002084
:10867000BDE8F081002070477005002050F8043CF0
:108680005A0F032A10B5044605D040F2493005F0D0
:1086900041FC54F8043C43F0004344F8043C2046B9
:1086A00010BD00BF024A137843F0040313707047F3
:1086B000720C00202DE9F84FB0F5003F00F10306E1
:1086C0004FEA960600F38380474BDFF820915B6802
:1086D000C3F30803BBBB99F80030190733D143F04B
:1086E000010389F8003000F01DFE10B14368002B33
:1086F00074D0DFF8FCA0DFF8FC800025DAF800B0C9
:108700000027BBF1000F25D01DB9D8F800305B451C
:108710004FD31BF0030F25D040F2513005F0FAFB88
:10872000DBF80040002C03DB40F24B3005F0F2FB9D
:10873000C4F39904A41B002CDBF8043016DA5F465E
:1087400043B19B46E0E740F2923005F0E3FB99F835
:108750000030C4E76DB3012D36D0152005F0DAFBEB
:108760000135CBE75FEA1B73D6D0D9E70AD0A20068
:1087700042F000424BF826200BEB8606012C1CBF72
:10878000736033463FB37B600022CBF800203BB1DF
:108790005B682BB19A0710D04FF4547005F0BAFB08
:1087A00099F8003023F0010389F800305846BDE8FD
:1087B000F88F0020FFF708FDD2E71B0FF0D14FF430
:1087C000547005F0A7FBEBE7FFF742FEC8E7162061
:1087D00005F0A0FB78E7CAF80030D5E740F24E304C
:1087E00005F098FB85E700BF00ED00E0720C00206B
:1087F0007005002048050020033010B520F0030468
:10880000201DFFF757FFE31D23F0804323F00303F0
:1088100043F0804340F8043B10BD00BF08B540B1B1
:10882000FFF7EAFF50F8042C42F0005240F8042C05
:1088300008BD08BDF8B5204B5B68C3F308030546C7
:108840000F46FBB900F06EFD1C4E1D4AEB1B9B1042
:10885000337004461760D0B10C20FFF7CDFF50F8FD
:10886000043CE2686768A168416043F00053076018
:1088700040F8043C8260E06000233370A5606360D0
:108880002046F8BD40F2923005F044FBDAE71820AC
:10889000FFF7B2FF0B4A50F8043C1268C46043F083
:1088A000005312210746046140F8043C0260416114
:1088B00000F040FD3C46DFE700ED00E0730C0020D7
:1088C0006C0500207405002008B50D4B5B68C3F3F0
:1088D0000803024673B90B4B1B785BB940B1FFF735
:1088E0008BFF50F8043C43F00053024640F8043C30
:1088F000104608BD1046BDE8084007F081BD00BF26
:1089000000ED00E0720C00201B4B1B6893B370B5A8
:1089100003F10804A04203D35D682C44A04206D3AF
:108920001B68002BF4D1BDE8704007F0BFBD0446C2
:1089300008460D46FFF7C8FF0646CCB1C6B154F84D
:10894000042C530F032B05D040F2493005F0E2FA16
:1089500054F8042C22F0704222F00302AA4228BFED
:108960002A462146304603F00DFB2046FFF706FE5F
:10897000304670BD07F09ABD4005002061B1012965
:1089800038B50ADD4C1E013C0121051DFFF7F6FF3D
:10899000631C2846F7D138BD7047044B40F00102F4
:1089A00099881846BDE8384000F050B94C050020C1
:1089B000830702D140B1030F00D17047034B024639
:1089C0009988184600F042B9704700BF4C05002056
:1089D0008207034602D120B11B0F00D17047FFF779
:1089E00065BA70474068FFF7F5BA00BF0430FFF77B
:1089F00085BB00BF03460C309988FFF71DBB00BF45
:108A00004068FFF7E7BA00BF10B504460430FFF72F
:108A100075FB04F10C00BDE81040FFF76FBB00BF11
:108A200050F8043B23F00103198804398908FFF743
:108A300003BB00BF0320704703207047808880007D
:108A40000F308008704700BF022070470520704734
:108A50000449054A00230B608B80CB801360938010
:108A6000D38070474C0500203805002000F01ABC68
:108A7000002801DB00F012BC704700BF00234381D7
:108A800003814360704700BF704700BF00234381EC
:108A90000381436043820382C3607047054B10B477
:108AA0001A68846883880146A21A03485DF8044B5B
:108AB00006F08ABF78050020F08801000146426870
:108AC000014806F081BF00BF088801000146028905
:108AD000014806F079BF00BFA0880100F8B5C3883F
:108AE0008B4205460E4618D223BB0424B442B8BFBD
:108AF0003446A00007F084FCEB8807464BBBE21A23
:108B0000920007EB8300002104F02CFC286807F09A
:108B10009DFC2F60EC80AE80F8BD82889142FAD235
:108B20000068521A00EB81009200002104F01AFC48
:108B3000AE80F8BD3F2B12DDB3F5007F11DB03F5EE
:108B400080734FF6FE724FF6FF74934298BF1C4637
:108B5000CCE79A00296803F015FAEB88CFE75C00B0
:108B6000C4E7044C03EB830384FB0324A4EBE3740A
:108B7000BCE700BF56555555704700BF704700BF52
:108B80000B6823F0010370B51B89042B0C460546C6
:108B900009D01048012240F2853106F015FF40F25D
:108BA000853005F0B7F90DB9204670BDE81C80008E
:108BB000FFF780FD064608B1074B0360A368B3606A
:108BC000AAB2B5809200002106F10C0004F0CAFBA5
:108BD000304670BDE08801005488010038B5026954
:108BE0000D4B9A42054609D00C4803224FF462719E
:108BF00006F0EAFE4FF4627005F08CF92888FFF762
:108C000059FD044600B105602A880021043A201D60
:108C100004F0A8FB204638BD798B0000E0880100F5
:108C2000036823F001031B69184700BF036823F0A2
:108C300001031B69184700BF036823F001030146C5
:108C40001A88014806F0C0BE388801004FF6FE734E
:108C500099420DD88388994270B5054616460C4650
:108C600002D30131FFF73AFF2B6843F8246070BD4F
:108C7000704700BF83884BB1013B9BB20268838081
:108C8000002152F8230042F823107047184670471D
:108C9000F8B5C38805460C46A3B903290E4629DC5E
:108CA000042634461020FFF7A7FDEB8807467BBB60
:108CB000F21A920007EB8300002104F053FB2F60AF
:108CC000EC80F8BD3F2B20DDB3F5007F14DB03F50E
:108CD00080724FF6FE718A4295BF91B24FF6FF72D5
:108CE0000A46114694422646BCBF0C462646B3426D
:108CF00000DBF8BDA000D6E7084A03EB830182FB46
:108D00000102A2EBE17291B2ECE75A0091B2E9E7FD
:108D10009A00296803F036F9EB88C9E7565555558E
:108D200030B5C3888B4283B005460C4609D9036829
:108D300043F82120AB889C4224BF0134AC8003B0AF
:108D400030BD4FF6FE739942F9D8013189B20192D4
:108D5000FFF79EFF2B68019A43F82420EAE700BF43
:108D600038B5C3888B42054602D28AB29A4202DAEB
:108D70008CB2AC8038BD14461146FFF789FFAC8039
:108D800038BD00BF83884BB1013B9BB20268838032
:108D9000002152F8230042F823107047184670470C
:108DA000F8B583888B421DD905684A1C8F00934211
:108DB000044655F8216005EB070007D8013B9BB23C
:108DC0000022A380304645F82320F8BD5A1A02F14C
:108DD0008042013A391D294492000EF0D5FEA38845
:108DE0002568EBE700263046F8BD00BF83888B423C
:108DF0001CD970B50E461546591CC28889B29142DD
:108E000004460FDA701C216880009B1B061F9A0025
:108E1000084431440EF0B8FEA3882268013395510E
:108E2000A38070BDFFF734FFA388EBE7FFF778BF9F
:108E300070B505460A48EB88AA88296806F0C4FD83
:108E4000EB885BB1074E00242B68304653F82410A2
:108E500006F0BAFDEB880134A342F5D870BD00BF1F
:108E6000B4880100D888010010B501460446028983
:108E7000034806F0A9FD201DBDE81040FFF7D8BF4C
:108E80001C880100034A0260002242600281428184
:108E9000704700BF6C890100024A026000224260F4
:108EA000704700BF3C890100044A02600022426012
:108EB00002814281C2600282428270470C890100B5
:108EC0002DE9F843068947680C46002E34D03B68EC
:108ED0008B423DD03B46002003E053F8042FA242D2
:108EE00028D00130B042F8D1236820465B6A984709
:108EF000236880461B6A20469847043F8146002429
:108F000002E00134B4421FD057F8045F2B682846B2
:108F10005B6A98474045F4D12B6828461B6A9847FE
:108F20004246014648460EF020FE0028E9D1204680
:108F3000BDE8F883BDE8F8830B6808465B6A98478C
:108F4000236820461B6A98474FF0FF30BDE8F8833E
:108F50000020BDE8F88300BF704700BF10B504468D
:108F60000A460448214606F02FFD2046BDE8104081
:108F700004F0D0BFE0880100014B1B6818697047FE
:108F800078050020014B1B68986970477805002020
:108F9000014B1B68188C704778050020014B1B683B
:108FA000D86B7047780500200268F8B544F21023AA
:108FB0009A4200D0FEE741681B4B0A681B4F9A4259
:108FC0000446396025D0088C194E8000FFF726FC36
:108FD0003B6830601A8C0021920004F0C3F93D68B0
:108FE000144B2A6831689A420E6000D0FEE7A368ED
:108FF0002A699A42FAD100F02FFA3A680023146BDA
:1090000005F140001A461946A047BDE8F84000F0B7
:1090100043B90948103106F0D7FC40F29F30BDE853
:10902000F84004F077BF00BF718E3B9278050020B6
:1090300074050020708E3B92848801000148FFF780
:10904000B3BF00BF807D010048B110F003030ED113
:10905000026822F00102D178F92901D01846704740
:109060001089A0F10600B0FA80F040097047002096
:10907000704700BF70B505460C20FFF71BFB044688
:1090800028B1164B036000234360038143813DB147
:10909000AB0705D12B6823F00103DA78F92A01D058
:1090A000204670BD0E4A9342FAD12E89002EF7D089
:1090B0002046FFF77DFC63899E4204D903DB3146DD
:1090C000201DFFF7E5FD2681B2006968606802F0A7
:1090D00059FF2046FFF77CFCE2E700BF6C890100E6
:1090E0000C89010038B50D46044608B1830714D039
:1090F00040F29B3004F00EFF29462046FFF7E0FEC9
:10910000051E08DB2946201DFFF74AFE294604F10B
:109110000C00FFF745FE422038BD036823F0010331
:10912000DA78F92AE4D1024A9342E5D0E0E700BFB9
:109130000C89010070B50E46FEF758F8044630461B
:109140000D46FEF753F802460B46204629460CF022
:1091500057F9BDE87040FDF7B7BD00BF08B5FEF791
:1091600045F80BF0E3FEBDE80840FDF7ADBD00BFDC
:1091700008B5FEF73BF80BF095FEBDE80840FDF79B
:10918000A3BD00BF08B5FEF731F80BF03FFEBDE808
:109190000840FDF799BD00BF08B5FEF727F8F7F7BF
:1091A00017FBBDE80840FDF78FBD00BF08B5FEF70F
:1091B0001DF80CF0D1F8BDE80840FDF785BD00BFF3
:1091C00008B5FEF713F80CF01DF8BDE80840FDF7F0
:1091D0007BBD00BF08B5FEF709F80CF04DFBBDE8FC
:1091E0000840FDF771BD00BF054B1A6810B4146B41
:1091F0000023A4461A4619465DF8044B604700BF99
:10920000780500202DE9F04385B08DE80F009DE83A
:109210000F00BDF80260124CBDF8007084E80F002A
:1092200038463146FDF714FA04463046FDF752FE43
:1092300094B1DFF830908046D9F80030E0681D6BBB
:1092400000231A464146A847206832463946FDF7B2
:10925000EFF904460028EFD105B0BDE8F08300BF68
:10926000000500207805002008B5FFF7B1FBBDE838
:10927000084006F085BF00BF08B5064E05463268B7
:109280000023146B19461A462846A047142006F0FE
:1092900041FFF4E77805002006F072BF06F03ABF00
:1092A00007F088B950B110B50446FFF781FB21469D
:1092B000034A0448BDE8104006F01EBE704700BFD8
:1092C0000D0201007992000050B110B50446FFF77D
:1092D0006FFB2146034A0448BDE8104006F00CBE6F
:1092E000704700BF69920000E991000089B280B226
:1092F00006F034BF064B10B51C68FDF747FE04F6B8
:10930000FF74204420F47F6020F00F0010BD00BFE8
:10931000780500200BF012B808B507F089FD08BDEC
:1093200007F096BD024B186800B1006A704700BF95
:109330000C0B0020014B1B68186270470C0B0020BF
:109340002DE9F04FDFF8F080D8F8003087B0002B1F
:1093500066D08246002006F063FB0446029080003F
:1093600007F04EF8039006F05BFB844203D04FF405
:109370004B7004F0CFFD029B002B3DDD00230093DA
:109380009946039B043B0AF0020A0193019B53F8A0
:10939000047F01933E6A4EB37069FEF7BDFE04364A
:1093A000D8F8003034689F422CD03868BD680BF084
:1093B0000FF8D8F80030281A9F420444756807D087
:1093C0003868D7F808B00BF003F8ABEB00000544A1
:1093D000BAF1000F1AD1A54205D954F8040BFEF7D3
:1093E0009BFEAC42F9D3B668002ED9D1009B029AFD
:1093F00001339A420093C9D1039807F027F807B0C8
:10940000BDE8F08F7568BAF1000FE4D02B1B494618
:109410009B102246074806F0D7FA09F10109DAE75E
:10942000012006F0EDFF0590059807F00FF807B052
:10943000BDE8F08FAC8901000C0B002010B500F0E6
:1094400027FE044630200EF071FB21460123002246
:10945000BDE8104007F04ABD70B5FFF7EFFF00F020
:10946000C7FE1E4B1B681C8D3CBB1D4C1D481E4E71
:1094700006F01CFC04F5807501E0AC420AD054F8FB
:10948000040F0028F9D003681B68B342F5D0984751
:10949000AC42F4D100F01CFF4FF0FF310D20FDF77E
:1094A0007DFDC0B200F092FB18B1036800211B687B
:1094B0009847BDE8704000F047BE21464FF020209D
:1094C000FFF780F8214605460246084806F07CFA78
:1094D000002DCAD1142004F01DFDC6E77805002038
:1094E000040600207C050020455500009C890100F1
:1094F00010B5084C084809F08BFA204608F0F0FC3B
:10950000064A074920460EF022FB064B064A1A601F
:1095100010BD00BF7C0500200005002000000020D9
:10952000751F0100A0050020E88D01002DE9F04F16
:109530008DB016461F4604460D46FDF789F838B132
:10954000324629462046FDF797F80DB0BDE8F08F6A
:109550000F2CBFB242D028200EF0E8FAA1B280460C
:109560000097214BAAB206F0B9FF41461F4808F008
:10957000BBFA50BB002DE3D14FF0FF312046FDF781
:1095800067F807460028DBD0DFF85CB0DFF85CA0A6
:109590001FFA84F94FF010083A89CDF800805B4635
:1095A000494602A806F09AFF02A9504608F05EFA62
:1095B00002A806F0ABFF38684FF0FF322146FDF7F6
:1095C00037F807460028E7D1BAE7404606F09EFF85
:1095D00040460EF0A9FA002DB2D1CDE7C02FBAD087
:1095E000002DADD1C8E700BF059200007C0500202A
:1095F00000B585B08AB2012381B2684609F0E8F966
:1096000005B05DF804FB00BF4FF0FF310148FDF7E6
:10961000DFB800BFB889010008B508F029FC08BD13
:1096200008B503681B6A9847BDE808400146014831
:1096300006F0CAB9C0890100036810B51B6A0C4660
:10964000984722460146BDE81040014806F0BCB9E3
:10965000C8890100014820F06040704700000220E6
:10966000F8B538B30E46054621B31D4F3C6814B912
:109670000CE0A46954B123689D42FAD163689E420C
:10968000F7D1184806F0A0F92046F8BD164806F0B4
:109690009BF91C200EF04AFA044632462946002364
:1096A00084E86000083009F04BFB3B68A3613C6034
:1096B0002046F8BD0D4806F087F94FF0FF3119201C
:1096C000FDF76CFCC0B200F081FA4FF0FF310546A7
:1096D0001820FDF763FCC0B200F078FA0646C4E734
:1096E000A40500200C8A0100F0890100D489010042
:1096F00008B5FFF7B5FF083008BD00BF2DE9F04100
:10970000074682B00C460020114616469846FDF7E3
:10971000DFF80546FFF74CF9610089B2334605F1E1
:109720000802CDF8008007F1080009F0BBFB0446F1
:109730002846FFF74DF9002C0CBF2846002002B048
:10974000BDE8F08110B5546882B04900009389B239
:1097500023460832083009F05DFB02B010BD00BF9F
:10976000002070470020704700207047002070479D
:109770006FF47D70704700BF6FF47D70704700BF5D
:109780006FF47D70704700BF38B5094D286800B18F
:1097900038BD4FF486700EF0C9F9064B04462146D9
:1097A00040F8043B07F084FD2C60204638BD00BF24
:1097B000A80500202C8A0100FFF7E6BF08B5FFF7D7
:1097C000E3FF002008BD00BFFFF7DEBFFFF7DCBFEF
:1097D0002DE9F041036804461B6882B00E46002163
:1097E000174698472648237C0168264C202B4FF0CB
:1097F000010203F01F03B4BF4FF0A048A04611F0D0
:10980000010102FA03F209D11F4CE36843F08073AF
:10981000E3604160036843F001030360184C616832
:1098200063685B1AB3F5C85FFAD301920AF07CFD56
:1098300060681349019A4FF0000E8025C8F808258A
:1098400016F80E302B4214BF00F1340400F1190455
:109850006D0800F1500004BF0EF1010E80254B6829
:109860009C42FCD8BE45C8F80C2503DA4B689842E8
:10987000FCD8E3E702B0BDE8F0410AF047BD00BF05
:10988000001000E000030050F0ED00E02DE9F0478B
:1098900002EB8207F03782B08046384615460E4606
:1098A0000EF05AF93A460021044603F05BFD80228F
:1098B000114678234FF0000EAE4525DAE05C1043E8
:1098C000E054501004EB030938D016F80EA09210A3
:1098D00011EA0A0F5FFA80FCD0B23BD099F800A0E1
:1098E0004CEA0A0A89F800A0002A3ED1013310226E
:1098F000E05C60F07F00E05449101DD10EF1010ED4
:10990000AE454FF08001D9DB00221146404600F001
:10991000A9FC03681C491B68054698472968002371
:1099200000933A462846CD682146A847204602B013
:10993000BDE8F0470EF0F8B8C9B2BDE716F80E2042
:10994000114203F101030AD14020420815D101332D
:109950004022D1E7002AF8D101332022CCE7E25C93
:1099600062F03F02E2542020EFE740EA0A0089F863
:1099700000005FEA9C00EFD0E7E78010C2B2002849
:10998000BAD101338022B7E700093D00182A01D976
:10999000FFF77CBFFFF71CBF02682DE9F047126894
:1099A000089E0C46002107469946904720252368CB
:1099B00001211B6820469847236800211B68204628
:1099C0009847013DF3D109EB060AE6B119F8018B7E
:1099D000082680253B6818EA050F14BF01210021E5
:1099E0001B6838469847236801211B682046984722
:1099F000236800211A6820469047013E4FEA55052A
:109A0000E8D1CA45E2D13B6838461B680121984736
:109A10002025236801211B682046984723680021E0
:109A20001B6820469847013DF3D1BDE8F08700BF91
:109A30002DE9F04383B00A4600211E460A9F00F03C
:109A400011FC0024036800940546D3F80C801449E7
:109A500023460422C0472B68009431463A46DE680C
:109A600028462346B0472B680094DE680C492346FD
:109A700028460422B047FF080ED0DFF82890A04601
:109A80002B68CDF80080DE6820340023042249468C
:109A90002846B047BC42F3D303B0BDE8F08300BF13
:109AA000AC0500200800002070B4039C38B131B12F
:109AB0002BB124B1182C04D970BCFFF7B9BF70BC0E
:109AC0007047039470BCFFF767BF00BFA0B19BB1A4
:109AD00030B55C6883B06CB1042A07D0224603F12C
:109AE000080103B0BDE83040FFF750BF00940833D1
:109AF000FFF7DAFF03B030BD704700BF2DE9F84330
:109B000085B22F2D3CDC214E745D44B1204B04F115
:109B100080441B68013C53F82400BDE8F8831D4FC6
:109B2000DFF86C903978D9F8000001318900FEF730
:109B3000EBFEC9F8000018200DF0F8FF4FF0FF31E0
:109B400021FA05F2002302F0010213430CBF0123A6
:109B50000323EAB205F16401804609F04BFC397831
:109B6000D9F800304A1CD2B2144604F1804443F8BC
:109B70002180013C72553A7053F82400BDE8F88307
:109B80004FF4637004F0C6F9BDE700BFB0050020D4
:109B9000E0050020740C002038B54FF0FF31054679
:109BA000FDF7FCF90446013004D02046BDE83840FA
:109BB000FFF7A4BF2946044805F006FF2046BDE88C
:109BC0003840FFF79BBF00BF488A0100002804DB34
:109BD000FF2802D080B2FFF791BF0020704700BF7E
:109BE00008B54FF0FF31FDF7D9F9002806DBFF2853
:109BF00004D080B2BDE80840FFF780BF002008BD58
:109C00000B4B10B403F5807401E0A3420AD053F863
:109C1000042F002AF9D091888142F6D110465DF8D0
:109C2000044B7047002210465DF8044B704700BF9C
:109C300004060020FFF7D4BF01460020FCF748BE11
:109C4000014B9868704700BF0005002003685B69FE
:109C5000184700BF0368DB68184700BF704700BFA4
:109C60000048704716FCFFFF10B5044B036000234B
:109C70000446C38005F08EFD204610BD608A0100B9
:109C800010B5064B036000230446C38005F082FD37
:109C900020460DF049FF204610BD00BF608A01003C
:109CA00010B5044B036000230446C38005F072FD29
:109CB000204610BD608A010010B5064B03600023EA
:109CC0000446C38005F066FD20460DF02DFF2046BA
:109CD00010BD00BF608A010090F82C3003B97047B6
:109CE0002DE9F04705468068036884B01B680021B1
:109CF0009847A868036801211B6898470824002634
:109D00002869036801219B688E409847002108B1AB
:109D100046F00106E86803681B689847E86803682E
:109D200001211B689847013CEAD1AA696B6956403A
:109D30009E4228D005F11C0705F12C094FF00108BF
:109D400012E01E420CD140F6020A01235146684639
:109D500008F03EFE514601230022684608F038FE16
:109D6000B94504F101040DD037F8022B08FA04F3C9
:109D7000002AF5D069690B42E3D11E42F0D040F6CB
:109D8000030AE2E76E6104B0BDE8F08708B5036836
:109D90005B689847003018BF012008BD03681B6846
:109DA000184700BF70B5036804460D461646DB6CC5
:109DB000032198473246294620891023BDE8704088
:109DC000FFF7B4BB8B1E70B50D4604461646032B39
:109DD00013D8DFE803F00F0F020203680321DB6CE6
:109DE000204698473246294620891023BDE8704016
:109DF000FFF79CBB03680221F1E770BD2DE9F04736
:109E0000A1F1040A04461646D71707F021F8BAFA5A
:109E10008AFA4FEA5A1A8046894609E007F018F88C
:109E2000B0EB080061EB09018F4208BF864220D3E6
:109E3000236820465B68984750450546EED107F0F9
:109E400007F8824609E007F003F8B0EB080061EB81
:109E500009018F4208BF86420BD3236820465B6806
:109E600098478542EFD006F0F3FFA0EB0A00BDE86B
:109E7000F0870020BDE8F08731B1036801290CBFED
:109E8000022100211B6C1847036801211B6C184735
:109E9000F8B5274D2C680CB12046F8BD30200DF0E8
:109EA00045FE244B84800646C480036005F000FC18
:109EB000214B33604FF0FF314720FDF76FF8C0B200
:109EC000FFF784FE4FF0FF31B0604820FDF766F8E1
:109ED000C0B2FFF77BFE4FF0FF31F0604920FDF785
:109EE0005DF8C0B2FFF772FEF46134627462B4626E
:109EF000F288036874614FF47A6742F40052B780C5
:109F00000127F280B4613946306186F82C709B6875
:109F10009847B068036839461B689847F06803683B
:109F200039461B68344698472E602046F8BD00BF6E
:109F3000E4050020608A0100808A010070B5A0F26B
:109F40001A45072D04460E460ED9A4F57A73072B41
:109F500001D9002070BDFFF79BFFA4F5777400EBDB
:109F600044040120A68070BDFFF792FF012283699F
:109F700002FA05F52B43323C8361E6E7104B10B43F
:109F80001C68CCB104F11C02002332F8021B884289
:109F900006D00133082BF8D100205DF8044B704740
:109FA00061695DF8044B012202FA03F30B420CBF16
:109FB00000204FF40070704720465DF8044B704756
:109FC000E4050020F8B54FF0FF3107464820FCF7C4
:109FD000E5FFC0B2FFF7FAFD002428B3FFF758FFF2
:109FE00005468068036800211B689847A8680368D5
:109FF00001211B689847002F16DD26462869036853
:10A0000001219B688C4098470136002108B144F03B
:10A010000104E86803681B689847E8680368012141
:10A020001B689847B742E9D12046F8BD10B54FF0FC
:10A03000FF314820FCF7B2FFC0B2FFF7C7FDA0B167
:10A04000FFF726FF04460069036800219B689847D4
:10A05000A068036800219B689847E06803680021B6
:10A060009B689847002384F82C3010BD09F098BBFA
:10A07000026810B4146940F2DC53A4464FF4FA624B
:10A080005DF8044B604700BF09F0DABB704700BFC2
:10A090002DE9F0412549264D82B0DA20FCF77EFFFC
:10A0A000DFF894E0DEF8007018264FF0010C20FA7B
:10A0B00006F1C9B2102936D00124112304E09942D7
:10A0C00011D015F832301446621C002BF7D1083E2F
:10A0D00016F1080FEBD14FF4677003F01BFF00205F
:10A0E00002B0BDE8F0810CFA04F21742EFD105EBA3
:10A0F000C4046368D3F80483B8F1000FE7D13A438E
:10A1000010390C48CEF80020019305F05DFC1820B2
:10A110000DF00CFD019B94F90120054619460AF04B
:10A1200089F82846DCE700240122DEE7131012112B
:10A13000B88A0100988A0100E80500204FF08043AA
:10A140000122C3F80025704708B52348FCF7E0FB5F
:10A150004FF01023D3F80C222AB9D3F8043303F0BC
:10A160000703052B37D01D4805F02EFC1C4B0122A0
:10A17000C3F80425D3F80024002AFBD04FF01023A5
:10A18000D3F80C2212B10022C3F80C224FF0102297
:10A19000D2F8043303F00703052B07D0D2F80433B9
:10A1A00023F0070343F00503C2F804330C4B0022ED
:10A1B000C3F80425D3F80024002AFBD0BFF34F8F47
:10A1C0000849094BCA6802F4E0621343CB60BFF34D
:10A1D0004F8F00BFFDE708BDA10D0C00AC8A010048
:10A1E00000E0014000ED00E00400FA0500207047A7
:10A1F000704700BF2DE9F041164F3C6882B014B99A
:10A200000DE0646B5CB12568A842FAD1636899429D
:10A21000F7D1A3689A4218D0646B002CF3D105469D
:10A22000382090460E460DF081FC04460022009234
:10A2300043460560324629460C306660C4F8088003
:10A2400009F0B2FD3B6863633C60204602B0BDE8A4
:10A25000F08100BFEC05002008B55A2003F05AFE3B
:10A26000002008BD08B5FFF7C5FF0C3008BD00BFD2
:10A270000C3009F057BE00BF30B50C4685B005461E
:10A2800098B174B104F108016468AAB1506802F190
:10A2900008030090224605F10C0009F0FFFD05B00F
:10A2A00030BD002AFBD02146F0E740F2DD300392BA
:10A2B00003F030FE039AE4E710461346E9E700BFD7
:10A2C0000C3009F071BC00BF0C30082209F062BCF0
:10A2D000704700BF00207047024B1B6803B118474E
:10A2E000704700BFF005002010B50A4C23687BB111
:10A2F00008210948984709482368016843B1043098
:10A300009847236823B102210548BDE8104018474B
:10A3100010BD00BFF0050020E88A010008070020FA
:10A32000F48A010008B503689B699847002814BFA8
:10A330004FF40070002008BD10B588B08DE80F0004
:10A34000BDF80020A2F57A6292B2012340F6020124
:10A3500004A808F03DFB08B010BD00BF10B588B0E0
:10A360008DE80F00BDF80020A2F57A6292B20123B9
:10A3700040F6030104A808F02BFB08B010BD00BF95
:10A3800010B5034B0360044606F034FE204610BDB2
:10A39000008B010010B5054B0360044606F02AFE51
:10A3A00020460DF0C1FB204610BD00BF008B010010
:10A3B00010B5034B0360044606F01CFE204610BD9A
:10A3C000008B010010B5054B0360044606F012FE39
:10A3D00020460DF0A9FB204610BD00BF008B0100F8
:10A3E00038B5054610200DF0A1FB2A6845600446EB
:10A3F000002352690360A36028469047034BA08165
:10A400001A6822601C60204638BD00BFF405002099
:10A4100010B50446FEF780FFA368C31A312B01D89C
:10A42000A08910BD6368A0601A68184653699847F0
:10A4300080B2A08110BD00BF38B504468069FFF727
:10A44000E7FFB4F91C30002BACBFA0F50074C0F5D9
:10A4500000743221D820FCF7A1FD4FF4FA710546B3
:10A46000D920FCF79BFD641B401B640294FBF0F0B9
:10A47000B0F5007FA8BF4FF4007020EAE07038BD4F
:10A4800010B504468069FFF7C3FFB4F91C30002BF8
:10A49000AEBFA0F50070C0F500705B42984209DCC9
:10A4A000A27F22B103EB4303B0EBA30F05DC002036
:10A4B000A07710BD0120A07710BD012010BD00BF06
:10A4C00010B50446081ED8BF04F57A60FFF798FB64
:10A4D00020B10368BDE810401B6A18472046FFF70B
:10A4E0004DFD002814BF4FF40070002010BD00BFC8
:10A4F0002DE9F0410B4682B006464FF0FF31184679
:10A50000FCF74CFD431C0CD0C0F3074306F57A67FB
:10A51000002B0546384614BF1C462024FFF770FB6D
:10A5200010B102B0BDE8F081ADB231462846FFF768
:10A5300005FD03460028F4D1A5F24C46C72E5ED98E
:10A5400004F0F002102A00F08780202A00F08C80AE
:10A55000302A00F0838040F223301E4603F0DAFCFC
:10A560002846FFF733FB804618200DF0DFFA04F091
:10A570000F0405468DE8500001234146BAB206F0AB
:10A58000D7FD3A4B2B602C46A5880F2DC9D0384EED
:10A59000282037680DF0CAFA1023294600930122BB
:10A5A000344B804605F09AFF3B6838465B6841466D
:10A5B000984728B1404605F0A9FF40460DF0B4FA8F
:10A5C000A58834680F2DACD028200DF0AFFA1023E9
:10A5D000294600930222284B064605F07FFF236898
:10A5E00031465B682046984700289AD0304605F0EF
:10A5F0008DFF304602B0BDE8F0410DF095BA4FF442
:10A600009671D520FCF7CAFC632EC8BFA5F59666E7
:10A610008046C8BFC0F100083046FFF7D7FA174B95
:10A620001C6814B91CE02468D4B163689842FAD15C
:10A6300020200DF07BFA0026054661680196012373
:10A64000BAB2009606F074FD0D4BAC61A5F81C8003
:10A65000AE772B602C4697E7012681E706467FE719
:10A66000FFF7BEFE0446E3E7022679E7008B010010
:10A670003C0B00205DA3000039A30000F40500207E
:10A680002C8B010008B5FEF7D9FC002008BD00BFE7
:10A6900041607047064A136883EA433383EA5343B1
:10A6A00083EA431398B2A0F5FF4013607F387047E8
:10A6B00010000020B1F5007F0846A8BFA1F500708A
:10A6C000B0F5807FC8BFC0F5007000FB00F240F617
:10A6D0003B1303FB02F31B14A3F5A4433A3B02FB19
:10A6E00003F34CF6FE0202EB234300FB03F00012DF
:10A6F000B1F5007F28BF4042704700BF8901A1F536
:10A70000FF407F38704700BFB1F5007F07D3C1F528
:10A710007F710331C901A1F5FF407F387047C8013F
:10A72000A0F5FF407F38704710B4036A064A1C78D2
:10A730000648662313FB042347F6FF728B42D8BFFB
:10A7400010465DF8044B704704FCFFFF0180FFFFDB
:10A7500030B4846904F03F0393421BD00F4D2B6843
:10A7600083EA433383EA534383EA431302F03F020D
:10A7700003F4004422432B60826144B1084847F649
:10A78000FF74B1F5007F28BF204630BC70472046DB
:10A7900030BC704704F40044EFE700BF0C00002019
:10A7A0000180FFFF10B4036A0D481B780D4C18445C
:10A7B000012310F8100C0240501102F01F0254F84F
:10A7C000200003FA02F2104006D0074847F6FF7255
:10A7D000B1F5007F28BF10465DF8044B704700BFFD
:10A7E000708B0100688B01000180FFFF0020704723
:10A7F0000F4B104903F1240210B504460160C0F864
:10A80000E820C0F8E03000F5847008F075F904F530
:10A81000827008F071F9084BC4F8E030002304F1AD
:10A82000E000A4F8E63004F0B5FF204610BD00BFFC
:10A83000FC910100588B0100608A0100104B114906
:10A8400003F1240210B504460160C0F8E820C0F806
:10A85000E03000F5847008F04FF904F5827008F0DC
:10A860004BF9094BC4F8E030002304F1E000A4F8F0
:10A87000E63004F08FFF20460DF056F9204610BD5B
:10A88000FC910100588B0100608A01002DE9F04F16
:10A89000D0F8D850DFF8D0E04FF0FF374FF0020C7F
:10A8A0004FF0010B002D53D02B466FF07F4809E08D
:10A8B00084681A68121B002A12DD9B689045A8BFA5
:10A8C000904653B119790029F2D06FF07F429B680E
:10A8D0009045A8BF9046002BF4D14046BDE8F08FCC
:10A8E00081464FF0FF3808EB880200EBC20AD9F826
:10A8F0002C2092B3B8F1FF3F05D0DAF81020D9F838
:10A900001060B24200D288460131052909F12809B8
:10A91000E9D108EB880200EBC2021032D16909B11B
:10A9200081F804C0D3F80C80D361D8F8041083F800
:10A9300004B0AEFB0113DB0808F1080103EB43038D
:10A9400001EB8303146053621162D760002DABD119
:10A950006FF07F484046BDE8F08F01EB810100EBCE
:10A96000C1021032DAE700BFABAAAAAA002A01DDB1
:10A9700000F002B8012070472DE9F04F2DED028B59
:10A980008BB01546079106920990FFF77FFFA8420A
:10A99000C0F23E81099E069B079FD6F8D8405D0015
:10A9A0000021641A2A46384618BF012402F0DAFC56
:10A9B000F068AF4A030282FB0312DB17C3EBA2135A
:10A9C00005930CF009FB0B460246AA4900200CF047
:10A9D00093FC0CF05FFE3B462B44049308EE100AF8
:10A9E00006F1D80306F1100A0893DAF81C20002AB1
:10A9F00000F0B580DAF820300699DAF808800C3BD0
:10AA00000029CAF8203040F319810024DDF81C9099
:10AA1000029426460394A34625460194002D40F057
:10AA2000D880DAF82030DAF8241003F10C028A42D8
:10AA3000CAF8202080F0E080D989187B1D8AB3F9FC
:10AA40001260B3F91440DA8A132940F3C08044F647
:10AA50002063994228BF1946132A40F3B68044F672
:10AA600020639A4228BF1A4640F2FF37BE4233465F
:10AA7000A8BF3B46BC42A8BF3C4623EAE37324EA96
:10AA8000E474002D00F0AA804EF66026B54228BF7F
:10AA90003546461E042E00F2A380DFE806F08A0346
:10AAA00093908D0074480290059805FB00F501987D
:10AAB000E41A2D0A240494FBF5F4002800F0C88061
:10AAC00007EE901AF8EEE77A914267EE887A4FEA3D
:10AAD000034BFCEEE77A17EE906A7CD007EE902AE3
:10AAE000F8EEE77A67EE887AFCEEE77A17EE907A6E
:10AAF000BF1B97FBF5F303931F464FEA9862C8F319
:10AB00000941029B504698474FEA2B41B9F8002073
:10AB1000019B00FB01F0013302EB204229F8022BDC
:10AB20000193049B9945B04405F1FF35A3443E448D
:10AB30007FF474AFDAF82020DAF824309A425BD23E
:10AB4000002D08BF0125CAF80880039BCAF80450ED
:10AB5000CAF80CB0CAF81430CAF810600124089B77
:10AB60000AF1280A9A457FF440AF099A069893683B
:10AB700000280344936016DD079B049D4FF6016097
:10AB800040F2FF1103E0198002339D420BD0B3F96C
:10AB90000020B2F5007FF6DA12F5007FD8BF1880EA
:10ABA00002339D42F3D120460BB0BDEC028BBDE8D1
:10ABB000F08F3248029077E73148029074E73148CD
:10ABC000029071E7304802906EE714224CE714219E
:10ABD00042E7039F91E7002703978EE7012558E797
:10ABE000A0F10B06042E10D9284F294E1038022848
:10ABF00098BF3746029757E7DAF81C2002231371F3
:10AC000000230124CAF81C30A9E7224802904BE730
:10AC1000079E099D0446024631462846FFF7A6FED8
:10AC2000069B06EB44011A1B2846FFF79FFE0124F2
:10AC300020460BB0BDEC028BBDE8F08FDAF8241093
:10AC40008B42DBD2002303931E469B4601257CE703
:10AC5000DAF80CB0BBF1FF3F3FF432AFDAF8143052
:10AC60000393DAF80450DAF810601F4645E700BF96
:10AC7000D34D621000009041FDA6000009A700001E
:10AC800095A6000051A70000B5A60000EDA70000A2
:10AC9000A5A7000029A700002DE9F0414B6882B06C
:10ACA0000546002B39D00E4601A84FF4007107F07D
:10ACB0000BFF019F3C1D21464FF480723046FFF789
:10ACC0005BFE804606F1E00008F066F9214607F5D4
:10ACD0000172B1F90030C3F5007300FB03F39B125E
:10ACE00021F8023B9142F4D1B8F1000F0FD0706807
:10ACF00010B103681B68984701A9284607F0F4FEC5
:10AD000001A807F0F9FE284602B0BDE8F08186F8F8
:10AD1000DC80284607F0D2FEF2E707F0CFFE284697
:10AD200002B0BDE8F08100BF70B54FF0FF310546BD
:10AD30001A20FCF733F9C0B2FEF748FF60B10446B1
:10AD40004FF0FF311A20FCF729F9236829462046E5
:10AD50001B68BDE87040184770BD00BF70B5184B48
:10AD60000360044682B0002500F1E006132322466A
:10AD700065603046009313494FF47A5308F040F968
:10AD80004FF0FF314120FCF709F9C0B2FEF71EFF7A
:10AD90002A460146304608F079FA3046A56084F824
:10ADA000DC5008F0F7F82946E060C82204F11000F2
:10ADB00002F0D8FA2046C4F8D85002B070BD00BFE7
:10ADC000588B010000C0014038B5074D286800B11C
:10ADD00038BD4FF486700CF0A9FE0446FFF7BEFFA5
:10ADE0002C60204638BD00BFF8050020FFF7ECBFFF
:10ADF0002DE9F0410C460746FFF7E6FF06462046E0
:10AE0000FDF7D6FD10200CF091FEF3681D4AB168E5
:10AE1000C46003FB07F3054682FB0302DB17C3EBA9
:10AE2000A2130B4400222A712B6009F07DFAD6F898
:10AE3000D840AC60C6F8D85054B910E0A368E068B8
:10AE4000AB60FDF7C5FD20460CF06EFEAC6834B17A
:10AE50002379022BF2D02546A468002CF8D109F002
:10AE600055FA96F8DC300BB1BDE8F081706801232B
:10AE700086F8DC300028F7D00368BDE8F0411B6895
:10AE8000184700BFD34D621038B5FFF79DFF054648
:10AE900009F04AFAD5F8D8400023C5F8D830EB625B
:10AEA0006B65EB67C5F8A430C5F8CC304CB1E068F1
:10AEB000A568FDF78DFD20460CF036FE2C46002DD2
:10AEC000F5D1BDE8384009F021BA00BF70B50C4695
:10AED00015460646FFF778FF00218C42C5604160A9
:10AEE00005DD22463146BDE87040FFF745BD012033
:10AEF00070BD00BF704700BF704700BF024B1B68AA
:10AF000003EB4000704700BF78050020704700BF8A
:10AF1000704700BF704700BF704700BF42680146DE
:10AF200093890248528904F04FBD00BF948B010001
:10AF300070B506464068457A012D82B000F11004D4
:10AF400014D0042D29D183899B001F335B119B00F2
:10AF500001FB0343F2B9D20704D41A7802F00F00C0
:10AF600002B070BD1A78101102B070BD838907332A
:10AF7000DB1001FB03430AB103EBE203197802F093
:10AF80000702012303FA02F20A4214BF1846002006
:10AF900002B070BD03EB6203DDE740F235308DE8AF
:10AFA000060002F0B7FF0099019A631A7168497AA6
:10AFB00032B10129E0D00429ECD0002002B070BDEC
:10AFC0000429CAD00129F8D1D8E700BF70B50646D8
:10AFD0004068447A012C84B000F110051DD0042C87
:10AFE0002ED1808980001F304011800001FB00516C
:10AFF000002A37D1D20708D40A7803F00F0022F0D4
:10B000000F0303430B7004B070BD0A7802F00F0207
:10B0100042EA03130B7004B070BD80890730C01082
:10B0200001FB00510AB101EBE20102F0070001222D
:10B030008240D3B90B7823EA02020A7004B070BDD3
:10B0400040F2353003930292019102F063FF0199BF
:10B050007068029A039B407A691A5AB10128E2D0BB
:10B060000428D0D101EB6201C4E70B781A430A70BF
:10B0700004B070BD0428BFD00128D6D004B070BD84
:10B080002DE9F04F83B098460C9FDDF834A0BF1A2D
:10B0900048BF7F42A3EB010B4FEA47074CBF4FF07D
:10B0A000FF3301238845A7EB0B040D461646814666
:10B0B00001934FEA4B0B10DB294653463246484674
:10B0C000FFF784FF002C05F1010503DD019BA4EBD4
:10B0D0000B041E44A8453C44EEDA03B0BDE8F08FF3
:10B0E0002DE9F04F83B05B1ADDF83080DDF834B025
:10B0F000154648BF5B42A8EB02094FEA43074CBF25
:10B100004FF0FF320122A845A7EB09040E46824604
:10B1100001924FEA490910DB2A465B463146504608
:10B12000FFF754FF002C05F1010503DD019BA4EBA3
:10B1300009041E44A8453C44EEDA03B0BDE8F08F94
:10B140008368426801338360930708D010B5516863
:10B15000044602F10800FBF7BBFB606010BD002A4B
:10B16000F4D0130FF2D0704710B444680B686089B4
:10B17000A489013823EAE3739842A8BF18460860FF
:10B180001368013C23EAE373A342A8BF234613607C
:10B190005DF8044B704700BF38B5FBF799FB0546D7
:10B1A000FDF706FC0C20FDF785FA044628B1084A95
:10B1B000456000230260836025B12846FDF708FC46
:10B1C000204638BD40F2353002F0A4FEF5E700BF5E
:10B1D000B08B0100B0F5FA6F20D8B1F5FA6F1DD829
:10B1E000012A70B51CD0042A16D18B001F335C11C4
:10B1F000830003FB04F308330D4604461946002080
:10B200001646FFF7C9FF4368872100225E72197254
:10B210005C819D81DA8170BD002070BD0020704787
:10B22000CB1DDB1000FB03F30833E5E738B14368BF
:10B23000082B02DD027A872A02D00020704770476F
:10B24000427A012A0FD0042AF7D1828940899200DC
:10B250001F325211800000FB02F00830181AB0FAB9
:10B2600080F040097047828940890732D21000FB84
:10B2700002F00830F2E700BF48B14268042A04DD5A
:10B28000037AE12B14D0E42B02D0002070477047E2
:10B29000817A437A1F2000EB81009B00401103FB61
:10B2A00000F30833181F801AB0FA80F04009704785
:10B2B000817A437AC81DC01003FB00F30833F1E71D
:10B2C00043685889704700BF43689889704700BF3A
:10B2D0004368587AA0F10100B0FA80F04009704745
:10B2E00043689A0705D123B11B0F0CBF0120002032
:10B2F00070470120704700BF8068003018BF0120F0
:10B30000704700BF00291ADB2DE9F04145686E89BE
:10B31000B142044611DA002A0FDBAD89AA420CDAE9
:10B320000D461F461646FFF70BFF3B4632462946A1
:10B330002046BDE8F041FFF749BEBDE8F081704707
:10B340000B1E0FDB70B444686689B34207DA002A2B
:10B3500005DBA3899A4202DA70BCFFF7E9BD002041
:10B3600070BC70470020704770B44668707A04283B
:10B3700001D070BC704770898142FADA0029F8DB8D
:10B38000B4895568401A04FB00F0A300A84203F1F9
:10B390001F034FEA6313A8BF28469B0010364010D6
:10B3A00001FB0361E5D008440A320C4611F8013B69
:10B3B00003F00F0302F8023C237888424FEA23137C
:10B3C00002F8013C02F10202EFD170BC704700BFED
:10B3D0002DE9F04143685D7A042D01D0BDE8F0818C
:10B3E0005D89A942FADA0029F8DB074614469E89EE
:10B3F0008846FFF7A5FE7B685A7A012A03F11007F9
:10B4000025D0042A27D1998989001F314911890043
:10B410006368A5EB080506FB05F59D42A8BF1D4620
:10B420006D1001FB0871D9D00D4404F10A0212F825
:10B43000023C12F8010C03F00F0343EA001301F879
:10B44000013B8D4202F10202F1D1BDE8F081998900
:10B450000731C910DCE740F2353002F05BFD4FF0F8
:10B46000FF31D5E72DE9F04786B0039102920E9C9B
:10B470000F9D03B114B906B0BDE8F0874768B7F86F
:10B480000AE071450646F6DABF89BA42F3DA0139B5
:10B490000B44013A1444002B04930594EBDB002C7D
:10B4A000E9DB05AA04A9FFF75FFE02AA03A930465B
:10B4B000FFF75AFE02A91EC970688789013301345B
:10B4C000A3EB02087B07A4EB010402D1002A00F0E1
:10B4D000A3803046FFF734FE71684B7A012B00F0F1
:10B4E000AA80042B40F0D480B1F80CC0039A029BD0
:10B4F0004FEA8C0C0CF11F0C05F00F074FEA6C1C87
:10B5000007EB07174FEA8C0CFFB201F11009B1F8F5
:10B510000CE04FEA8E0E0EF11F0E4FEA6E1E4FEA40
:10B520008E0E02FB0E9E002B40F0AF80B8F1000F94
:10B5300008F1FF3006DC9EE7042B39D00138431CAC
:10B54000E64498D073685B7A012BF5D1029A002CFF
:10B5500002F0070203FA02F3F0DDF046002206E0F3
:10B5600041EA090188F8001001329442E6DDB3F5A2
:10B57000807F0AD0D9B25B0098F80090002DEFD1FF
:10B5800029EA010188F80010EEE7A31A072BA3F1BE
:10B59000080308DD0832944208F8017FCEDD072B4E
:10B5A000A3F10803F6DC08F1010802230121E3E717
:10B5B000029B13F0010F14BF4FF0F0084FF00F087B
:10B5C000002CBBDDF14600220FE05FFA88F14FEA64
:10B5D000081899F8003083EA070A01EA0A010132E3
:10B5E0004B40944289F80030A8DDB8F5706FECD17B
:10B5F000A31A012BA3F1020308DD0232944209F8D9
:10B60000017F9BDD012BA3F10203F6DC09F10109A7
:10B610004FF0F0080F21DCE700297FF45AAF43898F
:10B6200098457FF456AFBC427FF453AF294630466D
:10B6300000F050F81FE7B1F80CC00CF1070C4FEA0E
:10B64000EC0CE646039A029B01F1100945F3000752
:10B650000EFB029EFFB2002B3FF468AF0EEBE30E31
:10B6600064E740F235300192009302F053FC019AF6
:10B67000009BA9EB020E53B37268527A012A4FF075
:10B68000FF3CEBD0042A7FF451AF0EEB630E4DE785
:10B6900040F2353002F03EFC7168487A012808D14A
:10B6A000B1F80CE00EF1070E4FEAEE0E4FF0FF3C42
:10B6B000C8E705F00F0707EB07170428FFB2039A46
:10B6C000029B01F11009CCD14FF0FF3C1FE74FF076
:10B6D000FF3C2BE730B5054683B00C4619B14368F3
:10B6E00099894A0728D12846FFF72AFD69684A7ACE
:10B6F000012A01F1100328D0496804F00F04083929
:10B7000004EB04140329E2B20ED998070DD102EB21
:10B71000022021F0030400EB00401C4443F8040B1A
:10B72000A342FBD101F0030121B119441A70013386
:10B730008B42FBD103B030BD00225B8900910194A4
:10B740001146FFF78FFE03B030BD4968083944F356
:10B7500000020329D2B2E7D9D7E700BF10B582B003
:10B7600014140193009413B20A1409B2FFF77AFE7D
:10B7700002B010BD2DE9F04387B0039102920BB1E6
:10B780000E9C14B907B0BDE8F08345686E898E42FF
:10B790000746F7DDAE89B242F4DA6D7A042DF1D1B5
:10B7A0000F9C65680F2DEDDD01390B440E99049354
:10B7B000013A0A44002B0592E4DB002AE2DB05AAE9
:10B7C00004A9FFF7D1FC02AA03A93846FFF7CCFC75
:10B7D00003A90EC9029C013201333846A2EB0108CD
:10B7E0001C1BFFF7ADFC7A68537A012B40D0042B69
:10B7F00050D197890F99039E029BBF001F377F117D
:10B80000BF0002F1100901F108053A4602FB069655
:10B81000002B61D1B8F1000F08F1FF30B2DD002C30
:10B8200021DD029BDB075AD4314601220DE00132B3
:10B830004FEA231E03F00F0315F80EE0944243EA8B
:10B840000E1301F8013B0EDD01320B7803F00F0CF3
:10B8500023F00F0E15F80C3003F00F0343EA0E032C
:10B8600094420B70E3DC0138421C3E44D7D189E797
:10B8700097890F99039E029B0737FF1002F1100969
:10B8800001F108053A4602FB0696002BC2D006EBF2
:10B89000E306BFE740F2353002F03CFB7A680F98D0
:10B8A000517A039E029B012902F1100900F108055B
:10B8B00024D004291AD040F23530019302F02AFB3B
:10B8C000019BA9EB060673B17A68527A012A4FF000
:10B8D000FF37DCD0042A9DD106EB63069AE7337864
:10B8E00031460122A4E74FF0FF3793E79289920097
:10B8F0001F32521192004FF0FF3787E792890732CB
:10B90000D2104FF0FF37BEE710B582B01414019388
:10B91000009413B20A1409B2FFF72CFF02B010BD55
:10B9200081B140684968426808B54B689A4201D0C5
:10B93000002008BD083108300CF017F9B0FA80F08B
:10B94000400908BD08467047406841680830FFF765
:10B9500023BC00BF2DE9F0410746FFF7F1FB7B68F0
:10B960005A8942B300269C89013C002CC8BF00259F
:10B970001BDD2A4631463846FFF7DAFA2246804672
:10B9800031463846FFF7D4FA2A4603463146384650
:10B99000FFF71CFB01352246434631463846013C41
:10B9A000FFF714FBA542E4DB7B685A890136964217
:10B9B000D9DBBDE8F081BDE8F08100BF70B5436818
:10B9C00005465A7A59899889FFF704FC6B685A89A9
:10B9D0000646B2B100249A897AB12146002228464F
:10B9E000FFF7A6FA2246034600213046FFF7EEFA9B
:10B9F0006B689A890134002AEFD15A890134944244
:10BA0000E9DB304670BD00BF436899897E292DE986
:10BA1000F04750DC81465A7A58894900FFF7DAFB33
:10BA2000D9F804304268597A5F890129804602F1C9
:10BA3000100403F1100A47D0042949D19E89B600A9
:10BA40001F367611B600537A012B39D0042B48D11A
:10BA50009589AD001F356D11AD00D9F8043024482B
:10BA60005A7A244B012A08BF18460FB3D4464FF028
:10BA7000000905F1FF3E002D634614DD0022197810
:10BA800001F00F017245415C217008BF013405D0FF
:10BA9000197809110234415C04F8011C0232AA42EF
:10BAA00003F10103EBDB09F10109B945B444E2D12B
:10BAB0004046BDE8F0874FF000084046BDE8F087FB
:10BAC00095890735ED10C8E79E890736F610BAE765
:10BAD00040F2353002F01EFA4FF0FF36D8F804205D
:10BAE000B1E740F2353002F015FA4FF0FF35B4E718
:10BAF000848B0100748B0100F8B543685B7A042BDA
:10BB000000D0F8BD02F00F078F42FAD005460E466E
:10BB1000FFF716FB6B6816BB9A8952071FD05A892C
:10BB2000C2B1002404E06B68598901348C4211DAF7
:10BB3000324621462846FFF7FBF90028F3D121467B
:10BB40003B4632462846FFF741FA6B685989013473
:10BB50008C42EDDB9A8901369642E0DBF8BD5A68EB
:10BB6000083A03F11003CCD03C01981864B203E00A
:10BB700003F8012B834212D01A7802F00F018E4293
:10BB800004BF22F00F023A43B6EB121FF0D102F0CD
:10BB90000F022243D2B203F8012B8342ECD1F8BD4D
:10BBA0002DE9F0411C4684B08C4207460A9D0B9B50
:10BBB00006DB66E02E46204615460C463246014618
:10BBC000A142F7DBB2EB0508A1EB04060FD156B397
:10BBD0004FF0010E0B932A4606EB0E032146384622
:10BBE000CDF828E004B0BDE8F041FFF73BBC7EB9DA
:10BBF000B8F1000F1FDD08F101020A920B932A46EB
:10BC000021463846012304B0BDE8F041FFF72ABCC5
:10BC1000002905DBD7F804E0BEF80A00A0420FDCDB
:10BC200004B0BDE8F0812A462146384604B0BDE89C
:10BC3000F041FFF767BBC8F101010A910B93DFE701
:10BC4000002C4DDB884207DC0138411A08FB01FC5F
:10BC500001469CFBF6F002449542BEF80C0017DA50
:10BC60008542DDDA002ADBDB002D56DB82421FDB5A
:10BC70000138821A06FB02FE02469EFBF8F00144E0
:10BC800016E0164608462A4621463546044699E7F8
:10BC90008242C5DA002DC3DB002A37DB854207DB91
:10BCA0000138451B06FB05FE05469EFBF8F00444E3
:10BCB0003846039302920191FFF742FA01A9B8F1C5
:10BCC000000F0EC913DB46450B930A920B462A461A
:10BCD0002146384615DC04B0BDE8F041FFF700BA54
:10BCE00004FB08F494FBF6F42D1B0024AAE7C8F12A
:10BCF000000846450B9317DD0A920B462A4621465B
:10BD0000384604B0BDE8F041FFF7BAB906FB02F2CD
:10BD100092FBF8F2891A0022C0E706FB05F595FBB5
:10BD2000F8F5641B0025A1E70A9523463846D2E7BB
:10BD300010B582B014140193009413B20A1409B21E
:10BD4000FFF72EFF02B010BDF0B50029059C10DBF7
:10BD500047687D89A9420CDAB88900286BD0002C8D
:10BD60005ADBAC4205DA069D002D02DD7D7A042DFA
:10BD700000D0F0BDD3F804E09EF80930042BF8D1D0
:10BD8000069BBEF80A509E188642A8BF0646002AA7
:10BD90004FEA054595FBF3F53FDB4FEA800303F1DE
:10BDA0001F034FEA63134FEA830307F1100701FBF8
:10BDB000037141D001EB62010EF110070023BEF8C0
:10BDC0000C0080001F3040118000964204FB007779
:10BDD0000ADCCEE704F00F04013244EA0010964278
:10BDE00001F8010B2B4416D05C14204613F4803F5D
:10BDF00014BF385D385C0C7814BF001100F00F00E0
:10BE000012F0010FE6D124F00F04013220439642D4
:10BE100008702B44E8D1F0BDF0BD80001F30401108
:10BE200080005342103705FB03F301FB00710EF154
:10BE300010070022C3E7F0BD1346F8E730B51D1424
:10BE400083B01CB28DE8300013460A1409B2FFF724
:10BE50007BFF03B030BD00BF2DE9F04F89B05C001F
:10BE60000594C4F1010403945C1E54D4012306928A
:10BE70008B46824607930493002507E0049A013C11
:10BE800002321344AC420492039344DB069E129B9D
:10BE900001934FEA4509A6EB050809F1010942465D
:10BEA00001230BEB04015046CDF800906700FFF72B
:10BEB000D9FA0137129B0193361B324601230BEB53
:10BEC000050150460097FFF7CDFA129B01934246B9
:10BED0000123ABEB04015046CDF80090FFF7C2FA06
:10BEE000129B0193324601230097ABEB05015046AC
:10BEF000FFF7B8FA039B059A002BA3EB0203BDDC06
:10BF0000039B079A19460135134611440233AC428C
:10BF100003910793BADA09B0BDE8F08F10B582B08B
:10BF20000C46009309B213462214FFF795FF02B0A6
:10BF300010BD00BF10B50422FFF74CF90446D8B17C
:10BF400043685A68083A032A03F110030BD913F027
:10BF5000030009D122F00301194443F8040B8B427A
:10BF6000FBD102F003022AB11A44002119700133F7
:10BF70009A42FBD1204610BD40F2913001F0CAFF39
:10BF8000F8E700BF032A70B41DD940EA01039B07FC
:10BF90001DD122F00303CE18041F51F8045B44F8AE
:10BFA000045F8E42F9D102F003023146034442B1EC
:10BFB0001A440C78E4B21C700133934201F1010180
:10BFC000F7D170BC70470346002AF1D1F9E7034668
:10BFD000EEE700BF70B542684C6856896589AE428D
:10BFE00000D070BDA6899589AE42FAD1647A527AA2
:10BFF0009442F6D10D460446FFF7A2F869686068DE
:10C000004A681030083A1031BDE87040FFF7BABFF7
:10C010002DE9F04F80464868D8F80440B0F80A90FF
:10C0200065898DB0009509EB0205002D01954FDD66
:10C030009A46009B9A424BDA85890AEB0506002E48
:10C0400046DDA789BA4543DABAF1000F44DBA7EB16
:10C050000A03AB42A8BF2B460493437A169894F880
:10C0600009B0023004D11AB9BAF1000F00F09B8078
:10C07000012B00F08D82042B40F04E85AD001F3562
:10C080006D11AD005846012800F07E82042840F072
:10C090001C85A08980001F304011800002904868F4
:10C0A000103010340390BAF1000F08D0D8F8040013
:10C0B000407A012800F07083042800F07482BBF1FC
:10C0C000040F0FD0BBF1010F02D1012B00F09681BC
:10C0D00000200DB0BDE8F08FBE423346A8BF3B46FE
:10C0E0000493BAE7042B6DD0012BF1D1BAF1000F04
:10C0F000C0F2E681B9F1000FEAD0CAF1000B0BF0F3
:10C1000007034FF0010B0BFA03FB169B0299039FE9
:10C110000AF00109BAF1000F4FEA031A049BB4BFF9
:10C120004FF000094FF0010B4B44CDF80CB0DDF897
:10C1300004B0CDF80890013701FB02449C464FFA49
:10C140008AFA8946002A28DB009B934225DD029B60
:10C1500017F801EC63452046B8461EDA03990192B0
:10C160000CE0DA07067840F1C78106F00F064AEACC
:10C17000060606700130013363450DD0B1F5807FAE
:10C1800000F0B3810E4649001EEA060FE9D1DE0732
:10C19000F0D401336345F1D1019A01325A452F445D
:10C1A0004C44CFD194E75B457FF462AF0098814562
:10C1B0007FF45EAFBD427FF45BAF4046FFF70AFFFE
:10C1C000504686E7AB100793B9F1000F80D0029973
:10C1D000CDF820A001FB0244BE42A8BF3E46211D6F
:10C1E0009B000491A6F10800A7F1080105930AF04D
:10C1F0000103B346099006938A46002AC0F285815E
:10C20000009B934240F381811699039B0029C0F261
:10C21000C682089806990446002940F0C78100F1BB
:10C22000070800F1060C00F1050E071D079D049894
:10C230006BE011F00F0907D010F8046C26F00F0620
:10C2400046EA090600F8046C11F0F00F09D010F866
:10C25000049C21F00F0609F00F0949EA060600F8D0
:10C26000046CC1F30329B9F1000F07D010F8036C77
:10C2700026F00F0646EA090600F8036C4FEA11396A
:10C2800019F00F0F07D010F8036C06F00F0646EAFE
:10C29000091600F8036CC1F30349B9F1000F07D088
:10C2A00010F8026C26F00F0646EA090600F8026C48
:10C2B0004FEA115919F00F0F07D010F8026C06F071
:10C2C0000F0646EA091600F8026CC1F30369B9F1DA
:10C2D000000F07D010F8016C26F00F0646EA090699
:10C2E00000F8016C090F07D010F8016C06F00F067A
:10C2F00046EA011100F8011C0834043008F108086E
:10C300000CF1080C0EF1080E083715F1FF35C0F0DE
:10C31000FC80002C53F8041B05DBA24589DA11F0E0
:10C320000F0940F0258111F0F00F0DD0661C0BD4E1
:10C33000B34509DD10F8049C21F00F0609F00F0940
:10C3400049EA060600F8046CC1F3032666B114F14D
:10C35000020909D4CB4507DD10F8039C29F00F0929
:10C3600049EA060600F8036C0E0B16F00F0F0CD00E
:10C3700014F1030909D4CB4507DD10F8039C09F03B
:10C380000F0949EA061600F8036CC1F303465EB1D3
:10C39000002F09DBBB4507DD10F8029C29F00F09CF
:10C3A00049EA060600F8026C0E0D16F00F0F0CD0CD
:10C3B000BEF1000F09DBF34507DD10F8029C09F020
:10C3C0000F0949EA061600F8026CC1F3036666B16C
:10C3D000BCF1000F09DBE34507DD10F8019C29F0F3
:10C3E0000F0949EA060600F8016C090F84D0B8F17C
:10C3F000000F81DBC3457FF77FAF75E7D8F80410E6
:10C40000487A8B8901F11007012803F1FF33A7EB6C
:10C41000040B00F0EC84042840F0F284002B40F080
:10C420000285CDF810B0B9F1000F3FF451AE0AF01B
:10C43000070806EB080319460693029B0498039F1E
:10C44000CDF80CA01E4606FB0203DDF804A0ABEB02
:10C4500000000590A1F1080904EB030B002A7FDB23
:10C46000009B93427CDD049B039CABEB0301059B8B
:10C470004C453E4603EB0B0C80F2B5840020019244
:10C4800007E040EA0E0008704C4501F10101184632
:10C4900049DA16F8013B614504F1080403FA08F390
:10C4A000F2D343EA20208B45C0B2EDD3169A91F81F
:10C4B00000E00132E5D110EA0E0FE5D0012008E6D8
:10C4C0004F687B7A07F11000012B0390CAF100043A
:10C4D00000F0AF84042B40F0B284039B03EB6403B1
:10C4E0000393D8F80440103404E698F800E00221E1
:10C4F00008F10108012647E6169A26F00F061643B2
:10C50000067038E60A9ADDF82CA0039B05990B44C7
:10C5100003930299049B0B440493019B01329A42BA
:10C520007FF46BAED4E5019A0698041B002C17DD4E
:10C53000614515D38B4513D3307800FA08F040EAF3
:10C540002320C4F10804FF2343FA04F400EA04039F
:10C5500016980130DBB200F04084087803430B707A
:10C560000132029B52459B442F447FF477AFAFE5E5
:10C57000A3457FF7D8AE10F8046C26F00F0646EA04
:10C58000090600F8046CCEE6A0890730C01085E5E6
:10C590000735ED10584676E5BAF1000F00F06484D7
:10C5A0004FF0FF30029004EB6A0488E500F1070CBD
:10C5B00000F1060E471D061D079D0498914666E092
:10C5C0000A0707D010F8042C02F00F0242EA011209
:10C5D00000F8042CC1F30318B8F1000F07D010F8CD
:10C5E000032C22F00F0242EA080200F8032C4FEA63
:10C5F000112818F00F0F07D010F8032C02F00F02CB
:10C6000042EA081200F8032CC1F30338B8F1000F16
:10C6100007D010F8022C22F00F0242EA080200F8BC
:10C62000022C4FEA114818F00F0F07D010F8022C17
:10C6300002F00F0242EA081200F8022CC1F303587C
:10C64000B8F1000F07D010F8012C22F00F0242EAD7
:10C65000080200F8012C4FEA116818F00F0F07D0FC
:10C6600010F8012C02F00F0242EA081200F8012C27
:10C67000090F04D0027822F00F0211430170083430
:10C6800004300CF1080C0EF1080E0837083615F1CD
:10C69000FF357CD3002C53F8041B03DB54458FDD9E
:10C6A0000A0769D1C1F3031262B114F1010809D478
:10C6B000C34507DD10F8038C28F00F0848EA020292
:10C6C00000F8032C0A0A12F00F0F0CD014F1020824
:10C6D00009D4C34507DD10F8038C08F00F0848EAB9
:10C6E000021200F8032CC1F3033262B114F1030803
:10C6F00009D4C34507DD10F8028C28F00F0848EA7A
:10C70000020200F8022C0A0C12F00F0F0BD0002EC0
:10C7100009DB5E4507DA10F8028C08F00F0848EADA
:10C72000021200F8022CC1F303525AB1002F09DBA8
:10C73000BB4507DD10F8018C28F00F0848EA02021B
:10C7400000F8012C4FEA116818F00F0F0CD0BEF161
:10C75000000F09DBF34507DD10F8012C02F00F0292
:10C7600042EA081800F8018C090F88D0BCF1000FCC
:10C7700085DBE34583DD7DE75C4593DA10F8042C27
:10C7800002F00F0242EA011200F8042C8AE74A463E
:10C79000BBE64FF0FF30029004EBEA048FE41699F9
:10C7A0000231069900F0C981089C2046002940F01A
:10C7B000C78004F1070C04F1060E671D261D079DB6
:10C7C000049C002D3FF4A1AE002853F8041B5DDB50
:10C7D000824550DB11F00F0F05D014F8048C18F0CF
:10C7E0000F0F7FF46BAE11F0F00F05D014F8048C2E
:10C7F00018F0F00F7FF462AE11F4706F05D014F8EA
:10C80000038C18F00F0F7FF459AE11F4704F05D060
:10C8100014F8038C18F0F00F7FF450AE11F4702F61
:10C8200005D014F8028C18F00F0F7FF447AE11F406
:10C83000700F05D014F8028C18F0F00F7FF43EAEA4
:10C8400011F0706F05D014F8018C18F00F0F7FF401
:10C8500035AE090F05D014F8011C11F0F00F7FF46C
:10C860002DAE013D083004340CF1080C0EF1080E19
:10C8700008370836A5E711F00F0F07D0834505DD0F
:10C8800014F8048C18F00F0F7FF418AE11F0F00FAD
:10C890000AD010F1010807D4C34505DD14F8048C53
:10C8A00018F0F00F7FF40AAE11F4706F0AD010F197
:10C8B000020807D4C34505DD14F8038C18F00F0FE8
:10C8C0007FF4FCAD11F4704F0AD010F1030807D4C7
:10C8D000C34505DD14F8038C18F0F00F7FF4EEADBE
:10C8E00011F4702F09D0002E07DBB34505DD14F8D5
:10C8F000028C18F00F0F7FF4E1AD11F4700F09D026
:10C90000002F07DBBB4505DD14F8028C18F0F00F93
:10C910007FF4D4AD11F0706F0AD0BEF1000F07DBC9
:10C92000F34505DD14F8018C18F00F0F7FF4C6AD48
:10C93000090F96D0BCF1000F93DBE34591DD8AE748
:10C9400004F1070C04F1060E671D261D079D049CCB
:10C95000002D3FF4DAAD002853F8041B5BDB824561
:10C960004EDB11F00F0F05D014F8048C18F0F00F07
:10C970007FF4A4AD11F0F00F05D014F8038C18F07B
:10C980000F0F7FF49BAD11F4706F05D014F8038C7A
:10C9900018F0F00F7FF492AD11F4704F05D014F839
:10C9A000028C18F00F0F7FF489AD11F4702F05D0B1
:10C9B00014F8028C18F0F00F7FF480AD11F4700FB2
:10C9C00005D014F8018C18F00F0F7FF477AD11F03B
:10C9D000706F05D014F8018C18F0F00F7FF46EAD75
:10C9E000090F03D0217809077FF468AD013D0830B5
:10C9F00004340CF1080C0EF1080E08370836A7E7CE
:10CA000011F00F0F07D0834505DD14F8048C18F0E2
:10CA1000F00F7FF453AD11F0F00F0AD010F10108C0
:10CA200007D4D84505DA14F8038C18F00F0F7FF4FB
:10CA300045AD11F4706F0AD010F1020807D4C34558
:10CA400005DD14F8038C18F0F00F7FF437AD11F406
:10CA5000704F0AD010F1030807D4C34505DD14F860
:10CA6000028C18F00F0F7FF429AD11F4702F09D04C
:10CA7000002E07DBB34505DD14F8028C18F0F00F2B
:10CA80007FF41CAD11F4700F09D0002F07DBBB45FC
:10CA900005DD14F8018C18F00F0F7FF40FAD11F0C5
:10CAA000706F0AD0BEF1000F07DBF34505DD14F807
:10CAB000018C18F0F00F7FF401AD090F96D0BCF196
:10CAC000000F93DBE34591DD8CE740F235300592B2
:10CAD0000391029301F01EFAD8F804400399607A9A
:10CAE0004B68059A10330128039304F11004029B4C
:10CAF00000F0B68104283FF44FAD40F23530079284
:10CB00000691059301F006FA4FF0FF330293079A5E
:10CB10000699059BFFF7C7BA40F23530059203919D
:10CB2000029301F0F7F9D8F80440059A607A039966
:10CB3000029B4FF0FF35FFF7A6BA002940F0A38013
:10CB40000898CDF82CA0044600F1070800F1060C67
:10CB500000F1050E071DC61C0499079D0A92DDF819
:10CB600024A015E04FEA1229100C01F8042C120E33
:10CB700001F8039C01F8020C01F8012C083404317F
:10CB800008F108080CF1080C0EF1080E08370836F9
:10CB900015F1FF35FFF4B6AC002C53F8042B0DDB78
:10CBA000A245DFDAA34509DD11F8040C02F00F09F4
:10CBB00020F00F0040EA090001F8040C601C0BD4BF
:10CBC000834509DD11F8040C22F00F0900F00F0075
:10CBD00040EA090001F8040CA01C0BD4834509DDD0
:10CBE00011F8030CC2F3032920F00F0040EA0900FA
:10CBF00001F8030C002E0BDBB34509DD11F8030C23
:10CC00004FEA123900F00F0040EA091001F8030C56
:10CC1000002F0BDBBB4509DD11F8020CC2F3034901
:10CC200020F00F0040EA090001F8020CBEF1000FED
:10CC30000BDBF34509DD11F8020C4FEA125900F045
:10CC40000F0040EA091001F8020CBCF1000F0BDBE9
:10CC5000E34509DD11F8010CC2F3036920F00F0070
:10CC600040EA090001F8010CB8F1000F86DBC3456A
:10CC700084DD11F8010C120F00F00F0040EA0212DF
:10CC800001F8012C7AE7089CCDF82CA0204604F18D
:10CC9000070804F1060C04F1050E271DE61C049993
:10CCA000079D0A92DDF824A021E011F8049C0C787D
:10CCB00009F00F0924F00F0449EA021944EA12743A
:10CCC00001F8049C0C704FEA1219140B120D01F8B4
:10CCD000039C01F8024C01F8012C0830043108F1E2
:10CCE00008080CF1080C0EF1080E0837083615F18B
:10CCF000FF35FFF407AC002853F8042B0BDB82450B
:10CD0000D3DA834507DD11F8044C04F00F0444EA3C
:10CD1000021401F8044C441C0BD4A34509DD11F89E
:10CD2000034CC2F3031924F00F0444EA090401F888
:10CD3000034C841C0BD4A34509DD11F8034C4FEAC6
:10CD4000122904F00F0444EA091401F8034C002EE0
:10CD50000BDBB34509DD11F8024CC2F3033924F0B3
:10CD60000F0444EA090401F8024C002F0BDBBB4519
:10CD700009DD11F8024C4FEA124904F00F0444EAAD
:10CD8000091401F8024CBEF1000F0BDBF34509DD7D
:10CD900011F8014CC2F3035924F00F0444EA0904CA
:10CDA00001F8014CBCF1000F0BDBE34509DD11F884
:10CDB000014C4FEA126904F00F0444EA091401F827
:10CDC000014CB8F1000F88DBC34586DD0C7824F0F8
:10CDD0000F0444EA12720A707FE709780B423FF4AD
:10CDE000BFABFFF76BBB039C0023FFF79DBB002B82
:10CDF0003FF417AB07EBE3031B1B0493FFF713BBD5
:10CE000040F235300592049301F084F8049B059AB2
:10CE1000002B3FF406ABD8F80400407A0128E9D093
:10CE200004287FF4FEAA07EB63031B1B0493FFF7A0
:10CE3000FABA039B03EBE4030393FFF752BB40F200
:10CE400035300692059101F065F80599069A4B6810
:10CE50005B7A012BEDD0042B7FF443ABFFF73DBB96
:10CE6000BAF1000F7FF495AC4FF0FF300290FFF75E
:10CE700026B900BF2DE9F04182B00E46174698460C
:10CE800005460024FEF75CF943463A4631462846FB
:10CE90000094FFF7BDF802B0BDE8F08110B582B094
:10CEA0004FF0FF340094FFF7B3F802B010BD00BF9D
:10CEB0002DE9F041044682B00D4616461F46FEF7A6
:10CEC0003FF963686A685B7A042B16D04FF000085C
:10CED0005389CDF804809289009231463A46204623
:10CEE000FEF7C0FACDF800803B4632462946204680
:10CEF000FFF78EF802B0BDE8F081537A042BE5D13C
:10CF00006FF0010E3B46324629462046CDF800E040
:10CF1000FFF77EF802B0BDE8F08100BF2DE9F047D1
:10CF200080460F461546FEF70BF9D8F80400437A01
:10CF3000012B00F08180042B40F0A9808489A4009B
:10CF40001F346411A4004689002D4CD1002F1DDB35
:10CF50001AD0B74274DB04FB06F4032C00F1100076
:10CF60000BD910F0030209D124F00303034440F865
:10CF7000042B9842FBD104F003042CB10444002399
:10CF800003700130A042FBD1BDE8F087C7F1000972
:10CF9000B14539DB427A012A00F1100768D0042A32
:10CFA00040F08380828992001F325211920004FB6C
:10CFB00006F4032C05FB02730BD913F003010AD10D
:10CFC00024F003021A4443F8041B9342FBD104F0FB
:10CFD0000304002CD8D01C4400221A700133A34251
:10CFE000FBD1BDE8F08741680830FEF7D5F8002195
:10CFF00004464046FEF76EFB2B463A462146404625
:10D00000BDE8F047FFF754BF437A012B00F1100A47
:10D0100032D0042B34D1818989001F314911890014
:10D02000BD1901FB09A1504604FB05F20AF0ACFD55
:10D030004E46D8F80400ADE784890734E41082E74F
:10D04000437A012B00F110052AD0042B34D18089BA
:10D0500080001F30401180002946F21B04FB02F2C1
:10D0600000FB07500AF090FD3E46D8F8040072E736
:10D0700082890732D2109AE781890731C910CFE738
:10D0800040F2353000F046FF4FF0FF31C8E740F284
:10D09000353000F03FFF4FF0FF34D8F8040052E77E
:10D0A00080890730C0102946D7E740F2353000F0BC
:10D0B00031FF4FF0FF327AE740F2353000F02AFFBF
:10D0C000D8F804104FF0FF301031C6E72DE9F843CF
:10D0D000054600AFFEF734F86C68637A012B2FD059
:10D0E000042B38D1A689B4F80A80B6001F36761111
:10D0F000B6003246354608F1FF381034073208FBD7
:10D10000054522F00702ADEB020DA542E84614D911
:10D11000C6F10009214632464046FEF733FF294654
:10D1200032462046FEF72EFF34442846324641461A
:10D130004D44FEF727FFAC42ECD3BD46BDE8F88373
:10D14000A689B4F80A800736F6103246354608F14B
:10D15000FF381034D2E740F2353000F0DBFE6B6868
:10D160005A7A5D89012A05F1FF3803F110040AD0CB
:10D17000042A0FD040F2353000F0CCFE4FF0FF32E1
:10D1800016461546BAE79B894FF0FF320733DD108C
:10D190001646B3E79B899B001F335B114FF0FF32AC
:10D1A0009D001646AAE700BF2DE9F84343685A8957
:10D1B0007E2A2EDC0446998950005A7AFEF70AF836
:10D1C000636841685A7A5E89012A074601F11008AE
:10D1D00003F1100521D0042A23D19C89A4001F3417
:10D1E0006411A40096B14FF000092946224640463A
:10D1F000A044FEF7C7FE09F1010940462946224630
:10D20000FEF7C0FE4E45A0442544EED13846BDE8A9
:10D21000F88300273846BDE8F8839C890734E4107A
:10D22000E0E740F2353000F075FE4FF0FF34D9E70B
:10D2300038B5FFF7B9FF0446FBF7BAFB2046FEF707
:10D24000E3FB05462046FBF7C3FB284638BD00BF7D
:10D2500038B50546FDF7EAFFA8B10C20FBF72AFA1E
:10D26000044628B10B4A45600023026083605DB12B
:10D270002046FBF79DFB2046FFF7DAFF05462046D8
:10D28000FBF7A6FB686838BD40F2353000F042FE7F
:10D29000EEE700BFB08B0100F8B50546FDF7C6FF0D
:10D2A00068BB07462846FDF7E7FF002833D06968CA
:10D2B00038460431F9F70CFB872303722B7A03F00D
:10D2C0000F0343726B7A6A684381AB7A8381043AB5
:10D2D00005F10C010646C7811030FEF753FE3046BB
:10D2E000FBF766FB0C20FBF7E5F9044610B10E4B8B
:10D2F00080E8C8003046FBF76BFB2046F8BD0C20E9
:10D30000FBF7D8F9044630B1074A456000230260B4
:10D31000836015B1F8BD0020F8BD40F2353000F053
:10D32000F9FD2046F8BD00BFB08B0100F0B50C46FA
:10D3300083B0064615461F46FDF702FF2046FFF75D
:10D34000ABFF50B143685B7A012B06D101460097D1
:10D3500030462B142AB2FEF75BFE03B0F0BD00BFCF
:10D36000FFF79ABF032A19D9830720D130B422F0DE
:10D37000030301EB012505EB05450344044644F88E
:10D38000045BA342FBD102F003022AB1C9B21A44E2
:10D39000197001339342FBD130BC7047034642B150
:10D3A000C9B21A44197001339342FBD17047034646
:10D3B000F6E7704782B030B50C4685B0496805463F
:10D3C000206802AC03C4039908A880E80C00CB07CE
:10D3D00012D54910029B6A58D4580D440AAB93E801
:10D3E000030008AB0CCB8DE803002846A04705B02E
:10D3F000BDE8304002B0704705EB6105029CEDE7E7
:10D4000082B000B585B00DF1180E00218EE80C0039
:10D4100080F81912012341F292020721684605F0B3
:10D42000D7FA05B05DF804EB02B07047F8B51C46BA
:10D430000B0A0F46054616461AD1330C1ED1AA78A0
:10D4400005F10C01881805F1FC031B1A04F1040E08
:10D45000734518D3E4B28C54330A47708670C37096
:10D46000AB78073424F003041C44AC700430F8BDDE
:10D4700040F28F3000F04EFD330CE0D040F28F30A0
:10D4800000F048FDDBE70020F8BD00BF90F819323E
:10D4900003B9704741F29201072002F05FBE00BF5E
:10D4A00010B52030FFF7C2FF044608B1204610BD7A
:10D4B00040F28F3000F02EFD204610BD30B50446FE
:10D4C000C06885B018B1036800211B689847A06840
:10D4D000064903680191FC22029400921D6904F13F
:10D4E000200104F58E73A84705B030BD85D9000032
:10D4F0002DE9F047CB6833F0FF0384B021D10C7BDA
:10D50000A410012C01F1100118DD5B4D5B4E5C4F46
:10D51000012309E0B2423CD0BA4208BF80F81E3273
:10D520000133DBB29C4209DD51F82320AA42F1D13C
:10D5300080F81B320133DBB29C42F5DC04B0BDE85D
:10D54000F087B3F5000FF9D04B7B90F81E229A427A
:10D5500027D090F81B229A422FD090F81C229A4292
:10D56000ECDC90F81D229342E8DCCA8941F20113F9
:10D570009A42E3D10F7B01F1100406468A46274404
:10D5800000254FF00109A74245D963781F2B21DC04
:10D59000FEE790F81C220AB980F81C3280F81D3290
:10D5A000BEE7CB89B3F5845F30D041F2811293425C
:10D5B000C4D10B69C0F83432C0E7CB8941F2811283
:10D5C00093424CD041F282129342B7D10B8AA0F819
:10D5D0002232B3E794F80080B8F1080F46D0A8F1E2
:10D5E0000903012B45D908F1FF33062B0CD89AF813
:10D5F0000D3096F81C229B1AC3EBC3034344002B47
:10D60000C4BF09FA03F31D430234BCE70B699B0A4C
:10D61000A0F8383292E7D6F82422AA428ED000240D
:10D62000012706E0134212D00134202C1BD0D6F87B
:10D63000242207FA04F32B42F4D11342F4D001233D
:10D6400040F60201A2B2684605F0C2F9ECE70123F8
:10D65000A2B240F60301684605F0BAF9E4E70B8A86
:10D66000A0F820326AE7C6F8245267E74FF00708AF
:10D67000BDE706F071FEB6E7E536FA166EA0EA1DC4
:10D680000636C61F2DE9F0410446C06884B018B1C3
:10D69000036801211B68984706F046FE206903686D
:10D6A0005B689847002876D0002504F1200684F8AE
:10D6B0001A5247F6CD2706F029FE25627560B5603F
:10D6C000F5602784FBF726FEB4F81C3160624BF24C
:10D6D000CD329342A16205D0BB4264D01946A54821
:10D6E00002F072F994F81B12002900F09F80E369A0
:10D6F000002B00F0B28040234FF402523046FFF777
:10D7000095FE0546002800F01481E369284603F1E0
:10D7100040021F685D689968D3F80CE0C0F80CE01F
:10D720001033934207604560816000F11000F0D132
:10D730000023E3618122082394F81B123046FFF78F
:10D7400075FE0546002800F0FE80234603CB2860C6
:10D750006960304694F81B12012342F20102FFF780
:10D7600065FE0546002800F0E98094F83A32824AC6
:10D77000C3EB032382FB0312DB17C3EB62132B7093
:10D7800094F81E32002B40F084802046FFF796FE6E
:10D7900004B0BDE8F081012384F81A3206F0B6FD2A
:10D7A00004B0BDE8F08194F81E31002B9AD004F546
:10D7B0008E774FF0FF0839462046FFF799FE94F820
:10D7C000280194F81E31C11D21F003018B4289DD2F
:10D7D000021DA51895F82851FF2D32D094F81F018D
:10D7E000621820F0020084F81F0192F828C10CF1A1
:10D7F0000402881801F10C0E8342BE4464DB04F578
:10D800009270734653F8045B40F8045FA3EB0E0577
:10D81000AA42F7DC0CF10703224423F00303A444DB
:10D82000194482F828818CF82D11C4E70B460A466A
:10D830002046FFF735FE2046FFF740FE04B0BDE866
:10D84000F081204490F82D118B427FF74BAF8A4234
:10D85000C4DB4A4802F0B8F844E76569002D3CD0C3
:10D8600094F818329D4228BF1D4630462B4683222D
:10D87000FFF7DCFD064600286AD02A463046A1693B
:10D88000FEF780FBA26963692A445B1BA2616361A6
:10D890007BE7FBF745FDD4F82C22D4F8283232B1CF
:10D8A000C3EB03139B1A03441B09C4F82832B4F8D2
:10D8B0003822C4F82C02C3F3552302FB03F39B0A5E
:10D8C0009B00C4F8303260E72D4802F07DF894F8F0
:10D8D0001B1200297FF40BAFA8E794F81E1201B3C6
:10D8E000D4F83422D4F830329A421AD294F818522A
:10D8F0009B1A9D42A8BF1D4630462B468022FFF74B
:10D9000095FD064688B3B4F8382269103046FDF715
:10D91000DDFA074608B3D4F834322B44C4F8343265
:10D9200033E7012341F293020721684605F050F8DE
:10D9300036E740F28F3000F0EDFAE6E640F28F3045
:10D9400000F0E8FA11E740F28F3000F0E3FAFCE66D
:10D9500040F28F3000F0DEFA8FE72A463046394633
:10D96000FFF700FDC4F830720FE740F28F3000F08F
:10D97000D1FAC8E7E08B01001F85EB51F88B01005D
:10D98000148C0100FFF77EBE82B08DE80C0090F889
:10D990001A320BB902B0704702B0FFF773BE00BF76
:10D9A000F8B51D46DB0704460F46164600D47DBB7E
:10D9B00040F28F3000F0AEFAA3889E422DD040F2A4
:10D9C0008F3000F0A7FA94F819326BBB63881BB153
:10D9D000B4F82222934219DA6D0805FB06F60122FB
:10D9E000EC23B3FBF5F313FB05F5069B84F8192232
:10D9F0006661A761E36184F81852FC22002104F1FA
:10DA00002000FFF7AFFC2046FFF73CFE0020F8BDEA
:10DA1000002ACDD0A3889E42D1D1E3889D42CED1A9
:10DA200094F81932002BD1D040F28F3000F072FA06
:10DA3000CCE700BF2DE9F04F83B0BDF83880DDF8AA
:10DA40003090DDF834A0002B3FD0B9F1000F3FD06B
:10DA50000F2937D0074628201D460E4693460AF068
:10DA600065F80446103004F0D3FF18202680A4F88F
:10DA700002B00AF05BF88DE8000602466B460646E7
:10DA800003CB42F8045B00233D689360D360A6603B
:10DA9000706048F0020851600F48E36023626362DF
:10DAA0007061A4F804806B6838462146984730B10D
:10DAB000204602F02BFD20460AF036F8074803B056
:10DAC000BDE8F08FB8F1C00FC4D06FF47A70F6E7FC
:10DAD0001AF0010FBCD1F8E7B5D3000016FCFFFF28
:10DAE000F0B589B00446002528480595049004A89F
:10DAF000A16003C81E466423E26084F83A324AF605
:10DB0000444246F2BC63A4F83822C4F8283284F8B0
:10DB1000195284F81A5284F81B5284F81C5284F863
:10DB20001D5284F81E52C4F82452C4F83452C4F86A
:10DB30002C5226618DE80300154F102223463868C9
:10DB40000292072141F29302FFF774FF33683046D7
:10DB50009B68012198470F4B0795069308AB13E983
:10DB600003003F683589C0228DE80300234629461B
:10DB7000029238460222FFF75DFF33683046DB6CC5
:10DB800002219847204609B0F0BD00BF01D4000033
:10DB90003C0B002089D900002DE9F041002480468B
:10DBA0000E461546CCB121466408D8F80400394029
:10DBB0000368C9B2003118BF01211B689847D8F823
:10DBC0000000036801211B689847D8F8000003682B
:10DBD00000211B689847002CE5D16B1E2DB13778CA
:10DBE0001D46402401368021DFE7BDE8F08100BFFB
:10DBF00070B50446806803680E461B680021154610
:10DC00009847E06818B1036800211B689847012213
:10DC100031462046FFF7C0FFA068036801211B685A
:10DC200098476A1E002A03DD711C2046FFF7B4FFE7
:10DC3000E06828B1036801211B68BDE870401847FF
:10DC400070BD00BFF0B5054687B000262C230F46F7
:10DC5000144601A90122019602968DF8043003961C
:10DC600004960596FFF7C4FFA868036801211B68A6
:10DC70009847E86818B1036831461B6898473B121B
:10DC8000013443EA07133A1164108DF806708DF8D9
:10DC900005308DF8042006D0032201A92846FFF79D
:10DCA0007BFF013CF8D1E86818B1036801211B68CB
:10DCB000984707B0F0BD00BFF0B50B4689B00746E6
:10DCC00010E05E788DF8002026F080042246FEF7F2
:10DCD00059F9621C69463846FFF78AFF320605EBA0
:10DCE000040308D41A789D1C29460DF10100002A6E
:10DCF000E7D109B0F0BD2A5D4FF47A705C1C00FBDF
:10DD000002F002F057FC2346ECE700BFF0B585B007
:10DD1000013B0A9C0B44013C144415461E12002290
:10DD2000009202924FEA242E8DF804308DF80360A1
:10DD30002A2306468DF802102B2702A905228DF80A
:10DD40000BE08DF808308DF80A508DF80C408DF8F6
:10DD50000070FFF74DFF304669460522FFF748FF88
:10DD600005B0F0BDF0B583B013468DF80110170C67
:10DD7000160A694602223625B1248DF807308DF83F
:10DD800004408DF8057004468DF806608DF800504B
:10DD9000FFF72EFF9DF80730FF2B20460CBF032214
:10DDA000042201A9FFF724FF03B0F0BD70B54FF0C6
:10DDB000FF3104462220F9F7F1F8C0B2FBF706FF65
:10DDC0004FF0FF3160602020F9F7E8F8C0B2FBF7B0
:10DDD000FDFE4FF0FF3120602320F9F7DFF8C0B2DD
:10DDE000FBF7F4FE4FF0FF31E0602420F9F7D6F89E
:10DDF000C0B2FBF7EBFE4FF0FF31A0602C20F9F72B
:10DE0000CDF8C0B2FBF7E2FE4FF0FF3106462B2003
:10DE1000F9F7C4F8C0B2FBF7D9FE0546E06818B1BF
:10DE2000036801211B689847A068036801211B68EB
:10DE3000984726B1336830461B68012198478DB159
:10DE40002B6800211B682846984744F6206002F0A2
:10DE5000B1FB2B6828461B680121984744F62060D7
:10DE600002F0A8FB40212720F9F798F840F203615F
:10DE700005462820F9F792F80A4906462046FFF79A
:10DE80001BFF3246E9B22046FFF76CFFA021252098
:10DE9000F9F784F8802120822620F9F77FF8608244
:10DEA00070BD00BF6C8C01002DE9F04F184F01EBE5
:10DEB000810185B00F4498467B1D814693460393AC
:10DEC0004FF0030A17F8016B5D46002446FA04F38D
:10DED00013F0010F04F101040BD1052C05F1040529
:10DEE000F4D1039B9F4208F10408EBD105B0BDE8D3
:10DEF000F08F424629464846CDF800A00323FFF79D
:10DF000005FF09220E994846FFF79CFEE5E700BF92
:10DF1000348C01002DE9F041054688B072B606F058
:10DF200003FA29465F4801F04FFD72B65E4E347821
:10DF300004B1FEE7FAF7B6FB01234FF0FF312220D0
:10DF40003370F9F72BF8C0B2FBF740FE002854D02D
:10DF500003A8FFF72BFFBDF81E20BDF81C30009270
:10DF60002146224603A8FFF7D1FEBDF81C30BDF8BC
:10DF70001E204E4F214602FB03F203A8FFF762FE6C
:10DF80004FF4706346220A2103A800931423FFF77D
:10DF90008BFF474BEC1783FB0523C4EB631387FB15
:10DFA0000312D917C1EBA2014FF47F6601EB810187
:10DFB000A3EB4101322203A83C230096FFF774FF34
:10DFC00087FB0523C4EBA30487FB0437E117C1EBF0
:10DFD000A70101EB8101A4EB410103A83C234A22E4
:10DFE000009604EB8404FFF75FFFA5EB4401009665
:10DFF00003A83C236222FFF757FF4FF0FF310D20AB
:10E00000F8F7CCFFC0B2FBF7E1FD0446294DDFF87D
:10E01000B080294F04B9FEE70326236801211B685D
:10E0200020469847284602F0C5FA236800211B685D
:10E0300020469847284602F0BDFA013EEDD1404601
:10E0400002F0B8FA0326236801211B68204698478E
:10E05000384602F0AFFA236800211B682046984733
:10E06000284602F0A7FA013EEDD1404602F0A2FA9E
:10E070000326236801211B6820469847284602F0A2
:10E0800099FA236800211B6820469847284602F029
:10E0900091FA013EEDD1094802F08CFA002CBAD079
:10E0A000BAE700BF808C0100750C002067666666C9
:10E0B0001F85EB51A0860100E0930400C0270900F2
:10E0C000400D03002DE9F04FBF4ED6F800A087B0F9
:10E0D000BAF1000F03D0504607B0BDE8F08F4FF003
:10E0E000FF312220F8F75AFFC0B2FBF76FFD00287E
:10E0F00000F00B82682009F019FD514604462920E2
:10E10000F8F74CFF402180462720F8F747FF40F200
:10E11000036105462820F8F741FF41F63761814643
:10E120004E20F8F73BFF4FF0FF310746212084F8DF
:10E1300060A0C4F808A0F8F731FFC0B2FBF746FDB5
:10E1400041F292024FEA186397428346039300F02C
:10E1500036814FF0000B039B002B00F0E78040F26C
:10E160008F30FFF7D7FE4FF0000A41F637639F422A
:10E1700000F07C8142F27D439F4200F0988141F2A1
:10E1800092039F4200F0FA8040F28F30FFF7C2FE08
:10E1900015F0807F0CBF00216FF07F41280A5FFAE5
:10E1A00085FB61662D0C84F85E003B465A46494665
:10E1B000864884F85F5001F007FCBAF1000F27D0C1
:10E1C00018F0FF0818BF8249DAF8003008BF81490B
:10E1D0001B6818BF01FB08F150469847DAF8003079
:10E1E00008225B680021504698474FF0FF312320FA
:10E1F000F8F7D4FEC0B2FBF7E9FC18B103680121BF
:10E200001B689847DAF8003050469B680021984711
:10E210004FF0FF312B20F8F7C1FEC0B2FBF7D6FC60
:10E22000054670B1036800211B689847142001F06F
:10E2300071FF2B6828461B6801219847142001F0C4
:10E2400069FF6368ABB14FF0FF312C20F8F7A6FEF1
:10E25000C0B2FBF7BBFC18B1036801211B689847EB
:10E26000606803681B6898474A465946606804F02E
:10E27000EBFAA0212520F8F791FE8021A4F85800A0
:10E280002620F8F78BFE676882B2A4F85A20A4F81B
:10E290005C20B7B380B2B4F8583094F85F2094F89B
:10E2A0005E100090384604F0A1FAB4F85810B4F8A3
:10E2B0005A2094F85E3094F85F000090464801F0D0
:10E2C00083FB94F8603043BBB4F85830B4F85A007C
:10E2D00000FB03F000EBD07040101430FAF79EFA08
:10E2E00023460025206543F8545F01211846FAF7BC
:10E2F00045FBA246504684F84D50346007B0BDE857
:10E30000F08FA56894F85E3094F85F00B4F8581068
:10E31000A9802B806880EA80CFE7B4F85830B4F841
:10E320005A005B10401000FB03F0D3E74FF0FF31C1
:10E330002220F8F733FEC0B2FBF748FC4FF0FF3164
:10E3400005902020F8F72AFEC0B2FBF73FFC0490AE
:10E35000282009F0EBFB059A049B1146039A0092D2
:10E360005A46824605F020FD082009F0DFFB5146A1
:10E37000834604F0ABFAC4F800B0F6E600234FF091
:10E38000FF3123206360F8F709FEC0B2FBF71EFCE3
:10E390004FF0FF3104902420F8F700FEC0B2FBF7E5
:10E3A00015FC03904FF40F7009F0C0FB039B049A17
:10E3B00083465146FFF794FBC4F808B0E8E60748E7
:10E3C00001F002FB0FE000BFFC050020DC8C010027
:10E3D00040420F00C0E1E4000C8D0100988C010068
:10E3E000642001F097FE4FF0FF312B20F8F7D6FDA7
:10E3F000C0B2FBF7EBFB0021824670B102681268E5
:10E4000090470A2002F0D6F8DAF800205046136848
:10E4100001219847032001F07DFE1120FBF7D2FD7A
:10E4200082460028DCD00146394801F0CDFA394A4D
:10E43000924539D01AF0200FCAF382170CBF40253D
:10E440008025022F5CD0032F55D0012F50D040F2F1
:10E450008F30FFF75FFD39464B462A462E4801F0C4
:10E46000B3FA4FF0200841F6376772E64FF0FF31FC
:10E470002320F8F793FDC0B2FBF7A8FB4FF0FF3164
:10E4800004902420F8F78AFDC0B2FBF79FFB0390AD
:10E49000302009F04BFB039B049A2168834603F06C
:10E4A00005FEC4F804B073E6FBF7C0FD53E64FF079
:10E4B000FF312320F8F772FDC0B2FBF787FB4FF066
:10E4C000FF3104902420F8F769FDC0B2FBF77EFB12
:10E4D0000390302009F02AFB039B049A21688346AD
:10E4E00002F09AFE0123C4F804B084F860304FE6CD
:10E4F00040F20369AFE745F0807540F20369AAE78F
:10E5000045F00805DFF81490A5E7D6F800A0E2E58D
:10E51000AC8C0100FFFF0100B88C0100FF140E005D
:10E5200008B5FFF7CFFD18B183680BB1012008BD16
:10E530004FF0FF312C20F8F731FDC0B2FBF746FB5E
:10E54000002008BD642870B5A8BF642020EAE074EC
:10E55000FFF7B8FD20B1836813B183F83A4270BD6C
:10E560004FF0FF312C20F8F719FDC0B2FBF72EFB5E
:10E570000546D0B1D4B1642C1ED0FFF7D1FFA0B1B5
:10E580004FF47A71284605F00BF904FB04F40D49A9
:10E590002B68C4EB842481FB0421E417C4EB2131F4
:10E5A0002846DB68BDE87040184770BD0368214607
:10E5B0001B68BDE870401847036801211B68BDE86F
:10E5C00070401847AD8BDB68F8B50446FFF77AFD5D
:10E5D000E8B16368302B054603D040F28F30FFF777
:10E5E00099FC6F6E204604F1300605F10802437A6B
:10E5F000047A817A1B0243EA04430B4303307B40D5
:10E60000864242F8043FF2D1012385F84C30F8BD30
:10E6100070B582B00546FFF755FD10B190F8603037
:10E620000BB102B070BDB0F85A404668641BA4B28A
:10E63000A0F85C405EB1B0F8583090F85F2090F8D8
:10E640005E100094304604F0D1F802B070BD8368CB
:10E6500090F85F10B0F8582090F85E00188059804C
:10E660009A80DC8002B070BD10B50446FFF72AFD29
:10E6700008B104B1446510BDF0B583B00546FFF79D
:10E6800021FD002800F08A8090F84D300446002BD0
:10E6900040F0848090F860200123002A0CBF1946C6
:10E6A000022180F84D303DB36B685A7A042A7CD041
:10E6B00040F28F30FFF72EFC6068002800F0B78032
:10E6C00003F042FE94F84C3004F10C06002B67D0A6
:10E6D000002384F84C306968206D4A681031083A8C
:10E6E000FDF750FC6B6860685A89216D9B89002892
:10E6F0006CD0009603F038FF636D002B4BD094F87C
:10E700006030002B47D16068002800F0A48003F03F
:10E710001BFE656D69684B7A042B00F08C8040F21B
:10E720008F30FFF7F7FB69684A68206D083A1031AF
:10E73000FDF728FC606800285ED0B4F85C20B4F8CF
:10E740005A6094F85F70B4F8583094F85E10B61AB6
:10E7500000963A4404F04AF86B6860685A89216D63
:10E760009B8900285DD00025009503F0FDFE6068C0
:10E77000002874D003F0E8FD606878B3B4F85C500A
:10E78000B4F8583094F85F2094F85E10009504F0C7
:10E790002DF800236365002384F84D3003B0F0BDED
:10E7A000A368002B08BF002695E75A89B0F85800E7
:10E7B00001FB02F282427FF47BAF9A89B4F85C30AD
:10E7C00001FB02F199427FF473AF75E7A0680096F0
:10E7D000FFF7E6F8636D002B91D1DCE7A36894F8AE
:10E7E0005F00B4F85810B4F85C2094F85E501D80B7
:10E7F00058809980DA80CCE7B4F85C6094F85F10B8
:10E80000B4F85A206868A368B4F8585094F85E7059
:10E810001F803144921B5980DA809D804289838910
:10E82000216DA06800250095FFF7BAF89FE7A06862
:10E83000FEF72CFE46E7B4F85A30B4F85C008A893B
:10E840001B1A93427FF46BAFB4F858204B899A425D
:10E850007FF465AF68E7A068FEF718FE59E7A06887
:10E86000FEF714FE88E700BF704700BF4FF08053EB
:10E870001869704741EA020080073ED198073CD1F1
:10E8800070B463B14C1ED618104614F8015FFF2D0A
:10E8900002D00578FF2D2CD10130B042F5D11848B7
:10E8A00001259C08C0F80455D0F80034DB07FBD5DF
:10E8B00002EB8404944201F1040011490ED0136864
:10E8C0005E1C02F1040205D040F8043CD1F800348B
:10E8D000DD07FBD5944200F10400F0D1084A002383
:10E8E000C2F80435D2F80034DB07FBD5002070BC39
:10E8F00070476FF0020070BC70474FF0FF307047F8
:10E9000000E00140036808491A684FF080538A42CA
:10E9100010B55C6903D1186904FB00F010BD00213B
:10E92000904704FB00F010BD6DE800000368164A34
:10E930001B68934210B50C4623D14FF080531869E1
:10E940000138204218D1114A0223C2F80435D2F806
:10E950000034D907FBD50D49C2F80845D1F8003479
:10E96000DA07FBD50023094AC1F80435D2F8003490
:10E97000DB07FBD5002010BD40F29A30FFF7CAFA42
:10E98000E1E79847DCE700BF6DE8000000E00140E8
:10E99000F8B504461D4601601C4BA2670020B5F582
:10E9A000003F0F461646E567E36184F87400606037
:10E9B000E060A06020616061A061E0622067A4F86F
:10E9C00076001DD83B6838461B6831469847431E81
:10E9D000334204D1B5FBF0F300FB135058B140F2C1
:10E9E0009A30FFF797FA0A4D2B8813B903F040FAD3
:10E9F00028802046F8BD012BF1D9DB07F3D5EEE7DF
:10EA000040F29A30FFF786FADCE700BF806967FFC3
:10EA1000700C00202DE9F0410746006803681B6870
:10EA20000C4601EB02089847431E2342064626D1B6
:10EA3000444522D23868036821461B6898478642BD
:10EA400003D040F29A30FFF765FA38680368214630
:10EA50005B689847002E04EB060509DD14F8013BBE
:10EA6000FF2B40F29A3001D0FFF754FAA542F5D1BE
:10EA7000A8452C46DED8BDE8F081BDE8F08140F223
:10EA80009A30FFF747FAD3E708B5C26F816FFFF7F7
:10EA9000C1FF40F29A30BDE80840FFF73BBA00BF23
:10EAA000F8B5836F324AC46F1E686508964203EB5F
:10EAB000050105D05B59934244D000221046F8BDB1
:10EAC000D3F804E05F59A4EB0E02B2FA82F2B74227
:10EAD0004FEA52123BD0002AF0D00D46194655F8A5
:10EAE000082C41600132C560A5F1080303D053F83A
:10EAF000082D0132FBD15C6803F108020134026188
:10EB000003F1040303D153F8044D0134FBD00B335C
:10EB100023F00703044683601868013002D1586867
:10EB2000013006D02046FFF7AFFFE5686168226933
:10EB3000A36810485B1A521A691A00F045FF0122B7
:10EB40001046F8BD4B689C42B7D10D44C7E74E68EC
:10EB5000B442C0D17445F8D19C688A68661C96425C
:10EB6000F3D0561CB442B8D09442B6D80D44B6E7A0
:10EB7000DAE07677A48D0100C16A01B970470246D8
:10EB800070B5064652F8300B03689C684023A047D6
:10EB900098B906F12F05002415F8013FFF2B06D088
:10EBA000F26A125D9A42304601D0FFF76DFF0134E0
:10EBB000402CF1D10023F36270BD3046FFF764FFB3
:10EBC000E7E700BF4BB32DE9F04781460E4690467C
:10EBD0001D4600F1300A06F03F07D9F82C30F41B2F
:10EBE0009C4209D04846FFF7C7FF4022FF2150460C
:10EBF000FEF7B8FBC9F82C40C7F14004AC4228BF6F
:10EC00002C4641460AEB07002246FDF7BBF92D1BB7
:10EC10002644A044DFD1BDE8F0877047F0B5044634
:10EC2000006F002385B0A361636130B1036823677F
:10EC300008F07AFF206F0028F8D1154800F0C4FED4
:10EC4000E36FA16F13485A084FF0FF368D580396B3
:10EC500085424FF0010601EB0207029611D02046D3
:10EC6000FFF7D8FE0B4BE56FA16F00936A461023A8
:10EC700020460195FFF7A6FF2046FFF77DFF05B070
:10EC8000F0BD78688342EAD1BB6801330293E6E7BE
:10EC9000948D0100DAE07677F8B5076F4D8867B399
:10ECA0003E46B21C002302E00133202B0DD032F887
:10ECB000024FAC42F8D1B1F90420002A1BDB06EB6D
:10ECC000430300229A800120F8BD3668002EE8D167
:10ECD000B1F90430002B21DABA1C002302E0013321
:10ECE000202B1DD032F8026F002EF8D107EB430322
:10ECF00030469D80F8BD0120F8BDB1F90430002BED
:10ED00000CDA0446442008F011FF44220646002194
:10ED1000FEF728FB236FB580336026670020F8BD1F
:10ED20003F68002FD8D1ECE743680BB10120704752
:10ED3000FFF7B6BE426802B1704710B50446FFF750
:10ED4000AFFE20B92046FFF769FF636803B110BD2D
:10ED50002046FFF7A5FE0028F9D12046BDE8104067
:10ED6000FFF792BE38B590F8743004464BB1094DA8
:10ED7000298840F2FF3001F0F1F994F87430002B4B
:10ED8000F6D1012384F874302046BDE83840FFF7FF
:10ED9000D1BF00BF700C002010B590F8743084B063
:10EDA00004461BB940F29A30FFF7B4F82046FFF74B
:10EDB000E3FE064A002384F874301288012340F2EF
:10EDC000FF31684603F004FE04B010BD700C002053
:10EDD0002DE9F843814608460F4608F019FF014621
:10EDE0003846F9F72BF880EA1045384608F010FF4E
:10EDF000D9F81040D9F80C60A64217D90130ADB24D
:10EE00001FFA80F802E00834A6420FD92388AB42EB
:10EE1000F9D16388D9F8040042461844394608F00D
:10EE2000A4FE0028EFD12046BDE8F8830024204648
:10EE3000BDE8F883F8B50C4616461F460546FFF7B1
:10EE400091FFCCB121462846FFF7C2FFA861A8B1C7
:10EE5000C3889BB18488C4F30E0446B16968A74295
:10EE60003A46304628BF22461944FDF78BF828461B
:10EE7000FFF792FF2046F8BDA869E8E74FF0FF349E
:10EE8000F5E700BF10B5044682B0FFF76BFF63697A
:10EE90000BB936E06369E268934221D21868596879
:10EEA0006A46083303C2636169462046FFF7F4FEF1
:10EEB0000028EFD1BDF80630002BEBD0BDF80420C0
:10EEC000BDF802106368A084C2F30E020B44204612
:10EED0002262A362FFF760FF04F1200002B010BDC0
:10EEE000206F0023636130B10368236708F01CFEC4
:10EEF000206F0028F8D12046FFF74EFF002002B017
:10EF000010BD206F236963610028C4D003682367A4
:10EF100008F00AFE206F0028F8D1BBE7F0B5816841
:10EF2000CB1D23F0070383B0002600275D1A04469B
:10EF3000CDE9006708D153F8043C013310D02046D6
:10EF4000FFF71AFE03B0F0BD2B466A46FFF73AFE04
:10EF5000A3681D44A5602046FFF70EFE03B0F0BD78
:10EF60006A460823FFF72EFEA3680833A3602046F5
:10EF7000FFF702FE03B0F0BD2DE9F04F056984688C
:10EF800001F120032D1B9D428BB003DD01200BB04E
:10EF9000BDE8F08F04461746039101F049FFB4F82D
:10EFA0007630002B40F0C1802A4603997D4800F05E
:10EFB0000BFDA26F6168002391426361A3610ABFE8
:10EFC000E36F049201EB5303204608BF0493FFF75D
:10EFD000D3FD049DE26F294652082046FFF71AFD33
:10EFE0002B461033E26FA360012305EB520B019314
:10EFF000206F30B10368236708F096FD206F00286A
:10F00000F8D12669E3689E4240D208364FF0100AD4
:10F01000324606AB52F8080D6568516803C3BDF867
:10F020001A30B0461D4417B12846B84748B306A960
:10F030002046FFF731FE20BBBDF81E300BB328463B
:10F0400008F0E6FDBDF81C2000F10109C2F30E0234
:10F0500002EB09030293019B012B7DD01FFA8AF575
:10F06000ABF1080BA944ADF81C205946082306AAA9
:10F070002046ADF81E90ADF81A50FFF7A3FD029B95
:10F080009A44E368434506F10806C1D8019B012B69
:10F0900044D0019B022B44D1206F30B10368236719
:10F0A00008F042FD206F0028F8D12046FFF764FDEC
:10F0B000A1683D48ABEB010100F086FC6268049E4C
:10F0C0009168E06F394B0693013106AA102308912D
:10F0D0000790314620464FF0FF350995FFF772FD46
:10F0E0002046FFF749FDE26FA368666006EB520118
:10F0F000ABEB0302039BC4F810B040339A42E160CB
:10F100003FF744AF27B32A4B0399994220D02948AF
:10F1100000F05AFC00200BB0BDE8F08F2046FFF74E
:10F12000FDFE019B0133019362E7E169C3EBC3720A
:10F1300000EB42020B449342B6BF1346E361E26127
:10F1400083427FF731AF40F29930FEF7E3FE2BE7C1
:10F1500000200BB0BDE8F08FA36805932A4619463E
:10F1600020464B46FFF72EFDA168BDF81C50BDF8A8
:10F170001E0062684944C5F30E052B460244A16097
:10F180002046FFF71FFDA368029A1D44059BA5605A
:10F19000EB1A93423FF473AF40F29A30FEF7BAFE97
:10F1A0006DE700BF408D0100688D0100DAE07677E1
:10F1B0000000FF7F7C8D010038B50D460446FFF747
:10F1C000D1FD2A4620460449FFF7D6FE2046BDE879
:10F1D0003840FFF7E1BD00BF0000FF7F2DE9F04799
:10F1E000884682B01D4604469146002A5FD02046DC
:10F1F000FFF7B8FD41462046FFF7EAFD0027064627
:10F20000A761D4F804A000283BD02946073121F09B
:10F210000701083100222046FFF7AEFE002800F06B
:10F220008C806368534504D041462046FFF7D0FDEB
:10F230000646002E44D032887388ADF80020ADF821
:10F2400002302FB30023ADB2ADF806306FEA45456A
:10F250006FEA5545ADF804502046FFF75FFE21697F
:10F260000839216108236A462046FFF7ABFC204697
:10F27000FFF782FC2046FFF78FFD002002B0BDE8BB
:10F28000F087404608F0C4FC691C01443746BDE7DE
:10F290002B464A46A1682046FFF794FCA3686168A4
:10F2A0005A195B1AADF80630A260ADB2CEE7013351
:10F2B00034D0002D9BD040F29A30FEF72BFE96E71B
:10F2C000404608F0A5FC01464046F8F7B7FD80EA45
:10F2D00010434046ADF8003008F09AFC00F1010AF6
:10F2E00042465346A1682046FFF76CFCA36862685B
:10F2F00003EB0A019B1AA160ADF802301FBB2B463D
:10F300004A462046FFF75EFCA3686268ADF80450E9
:10F310001D449B1AA560ADF806309DE7FFF722FD5E
:10F3200041462046FFF754FDC4F818900646D4F82D
:10F3300004A010B12946012768E72046FFF72CFDFD
:10F340004FF0FF309AE7ADF80660ADF8045083E760
:10F350004FF0FF330022FFF741BF00BF0078A0F15C
:10F360002300B0FA80F04009704700BF2DE9F0415A
:10F37000194D286808B1BDE8F081882008F0D6FB57
:10F38000DFF85C80154BD8F800700646B7F5003FF3
:10F39000044646F8043B03D9FFF7B4FA874215D375
:10F3A0002046FFF7AFFAA0F5004230464FF4004385
:10F3B0002146FFF7EDFA002242F210732C6084F828
:10F3C0008420A4F87A302046BDE8F081D8F80020E7
:10F3D000A2F50042E9E700BF00060020308D0100E1
:10F3E0001410001038B5FFF7C1FF051D044628466C
:10F3F000FFF79AFC28B903461A4628460249FFF748
:10F4000019FD204638BD00BFD88D010070B50546F6
:10F410000C46FFF7E7FF2B6806461B6A284698470D
:10F420006368014604F10802301DBDE87040FFF733
:10F43000D5BE00BF38B50446FFF7D4FF23680546A4
:10F440001B6A204698470146281DBDE83840FFF753
:10F450007FBF00BF38B50446FFF7C4FF23680546E9
:10F460001B6A20469847002301461A46281DFFF7CD
:10F47000E1FCC043C00F38BD38B50446FFF7B2FF0A
:10F480002368051D1B6A20469847002301461A463B
:10F490002846FFF7CFFC011E11DB0020F7F718FA12
:10F4A0000446F9F785FA2846636804F1080200214A
:10F4B000FFF7C0FC2046F9F78BFA204638BD002440
:10F4C000FBE700BF38B5FFF78DFF0446051D0C486C
:10F4D00000F07AFA0B492846FFF76EFED4F8803028
:10F4E0002269E1685B0803EB4303521AB2EB930F06
:10F4F00000D338BD2846BDE83840FFF78FBB00BFBA
:10F50000C48D01005DF300002DE9F0470446FFF7CC
:10F5100069FF002383610546F7F70AFD8146F9F785
:10F5200047FA236820461B6A9847236807465B6AA8
:10F53000204698473E788046043509F1040A28465B
:10F54000FFF7A0FC10B3232E846802D02378232B6E
:10F55000F5D042463946204608F007FB0028EED198
:10F560004FF0FF312046F7F733F90446F9F720FA58
:10F570002246B9F808105046F9F7D2FB2046F9F7B1
:10F5800027FA2846FFF77EFC0028DCD14846F9F729
:10F590001FFA4846BDE8F08788B110B5044608F068
:10F5A00037FB01382044844207D22378027804F8DC
:10F5B000012B00F801398442F7D3002010BD6FF40D
:10F5C0007A707047F8B539B380EAE074C4EBE07440
:10F5D0004E1E0027DFF848E000E01F468EFB0423A4
:10F5E000E217C2EBA30202EB8203C4EB4303303306
:10F5F000554206F8013F14467B1C002DEDD1002832
:10F6000006DB00220846CA54FFF7C6FF2846F8BDAD
:10F610002D22CA54BB1CF4E76FF47A75F6E700BFDD
:10F6200067666666014B186000207047040600207C
:10F630000048704716FCFFFF70B584B004AC04E9C5
:10F640000F00BDF80230012B18D0022B14D1154C3D
:10F65000154E04F5807501E0AC420DD054F8040F4E
:10F660000028F9D0C3885B04F6D503689B68B342D1
:10F67000F2D09847AC42F1D104B070BD094C0B4EAA
:10F6800004F5807501E0A542F6D054F8040F002877
:10F69000F9D0C3889A04F6D503685B68B342F2D008
:10F6A0009847F0E7040600205D9C00004D550000DF
:10F6B0002DE9F041324D2C6882B054B12A46012325
:10F6C00001E0402B07D052F8041F1C4601330029EB
:10F6D000F7D145F824002B4C2378DB070AD42A4DB8
:10F6E0002B683BB1012310224FF47A60002101F016
:10F6F000BFFB10B102B0BDE8F0812820D5F8008032
:10F70000224E08F013FAC02300930122204B10214F
:10F71000074600F0E3FED8F800305B68B34222D120
:10F72000384600F0F3FE384608F0FEF928202F682E
:10F7300008F0FCF9C02300930222154B0F21054667
:10F7400000F0CCFE3B685B68B34212D1284600F063
:10F75000DDFE284608F0E8F9237843F00103237022
:10F7600002B0BDE8F0814046394698470028DDD018
:10F77000D6E73846294698470028EDD0E6E700BF8F
:10F7800008060020760C00203C0B002031F600001B
:10F7900039F6000030B40B4D2B68984210D02A4641
:10F7A000012301E0402B09D052F8041F81421C467E
:10F7B00003F10103F6D1002345F8243030BC704733
:10F7C0000024F8E70806002000487047B8890100C7
:10F7D000084600F09FBC00BF084600F0EDBE00BF29
:10F7E0000846FEF797BB00BF04F0A8BD084600F02E
:10F7F000DFBE00BF04F0B0BD2DE9F047DFF870A018
:10F80000DFF870905646074656F8044B0AF58278A2
:10F810000B19B3F5806F0D460FD22A4639463019C1
:10F82000FCF7B0FBDAF800301D440AEB05030022B8
:10F830001A71CAF80050BDE8F087A4F5807422461A
:10F8400041460A48CAF8004008F09EF9C4F58062B3
:10F8500030190021FDF786FDDAF800402B19B3F5C9
:10F86000806F4FF01501D8D34F46D1E70C07002029
:10F8700008070020088E0100F0B587B062B901AC1E
:10F880002146FFF79FFE204608F0C2F901462046B8
:10F89000FFF7B2FF07B0F0BD07461C22002001AC05
:10F8A00027FA02F303F00F03A1B99BB902B120B10B
:10F8B000461C2518303330462B70043A131DEFD107
:10F8C00006AB034400220221074803F8142CFFF77B
:10F8D00093FFD8E7092B00F1010604EB0005E9DDF1
:10F8E00037333046E8E700BF048E01002DE9F043CE
:10F8F00083B00F46064604F017FDDFF8C490DFF82A
:10F90000C480043F344602E0252A1C4612D0234618
:10F91000254613F8012B002AF6D1A11B3046FFF72C
:10F920006BFF02212548FFF767FF04F0EFFC03B0EF
:10F93000BDE8F083F14319443046FFF75DFF2378BB
:10F9400057F8044F0194642B05F1020624D00AD81D
:10F95000582B2CD0632B25D0252B10D101214046CC
:10F96000FFF74AFFCEE7732B0ED0782B05D1204648
:10F9700001220021FFF780FFC4E7702B17D003217D
:10F980004846FFF739FFBDE7204608F041F9014638
:10F990002046FFF731FFB5E7002220461146FFF76A
:10F9A0006BFFAFE7012101A8FFF726FFAAE70122BD
:10F9B00020461146FFF760FFA4E700BF288E010034
:10F9C000248E0100208E01000FB400B583B004A97D
:10F9D00051F8040B0191FFF789FF03B05DF804EBC8
:10F9E00004B070470048704716FCFFFFB2B1D369FE
:10F9F00070B505460E46144613B11E20FEF78AFA6E
:10FA0000326801322B6813B1181D28601C60A4698C
:10FA100013460132002CF5D1336070BD704700BF32
:10FA200010B584B004AC002344F8043D019004F008
:10FA30007BFC0E4B21461A6801A8FFF7D7FF0C4B41
:10FA400021461A6801A8FFF7D1FF0A4B21461A6820
:10FA500001A8FFF7CBFF04F059FC019B13B1064A44
:10FA600012681A600398013004B010BD1C0B00200E
:10FA7000140B0020280B0020240B002038B50D4665
:10FA8000044604F051FC2A6865610AB90AE01A4686
:10FA90009369002BFBD19461E261A361BDE838401A
:10FAA00004F034BCA261E2612C60BDE8384004F08F
:10FAB0002DBC00BF43699BB110B5044604F034FC73
:10FAC000E36973B1A2699A61A3690BB1E269DA6172
:10FAD0000023A361E3616361BDE8104004F016BC3C
:10FAE00070476369A2691A60EEE700BF2DE9F04133
:10FAF00084B004AC04E90F00124B1C68DDE902017C
:10FB00004FF47A72002307F015FEBCB106460F468B
:10FB1000DFF8348001E02C4685B1E268A569002356
:10FB20009F4208BF9642F6D32046FFF7C3FF204608
:10FB30004146FFF7A3FF2C46002DEED104B0BDE8EF
:10FB4000F08100BF140B00201C0B00202DE9F04FAA
:10FB500093B004AC84E80F00DFF8C8902D4AD9F8C0
:10FB60000030BDF81060BDF812B0146853B39CB1FA
:10FB70000023294F039340F2FE3A40F2FF38E36836
:10FB8000A569190C56459BB288B21ED06BB39E4234
:10FB90002BD02C46002DF2D1A6F2FE33012B11D929
:10FBA000D9F800401D4B10255A46314608A800954B
:10FBB00000F094FC23681A4A9B68934226D108A857
:10FBC00000F0A4FC13B0BDE8F08F4345DED1B9B915
:10FBD000039B002BDDD12046FFF76CFF3946204602
:10FBE000FFF74CFF01230393D3E709B15845D0D168
:10FBF0002046FFF75FFF39462046FFF73FFFC8E783
:10FC00005845C6D1039B002BC3D1E4E7204608A981
:10FC10009847D4E7280B00201C0B00204DFB000068
:10FC2000E5F90000100B002038B504F07DFB114B06
:10FC30001C6884B12046FFF73DFF04F067FB0023FA
:10FC400023612362256804F0B5FB0146284604F0D1
:10FC5000BDFB204638BD242007F068FF2146242242
:10FC60000546FDF77FFB04F0A9FBAC6085E81100B9
:10FC70002C46E2E7200B00200A4B10B51C682369D4
:10FC8000DB0701D4204610BDFFF7CEFF064B1860FE
:10FC90000028F7D0236A036200232362044620462B
:10FCA00010BD00BF0C0B0020180B00202DE9F04107
:10FCB000444D2A7812F0010482B06DD1424E434F78
:10FCC0003060FFF7B1FF424B42491860FFF7D6FEA4
:10FCD000FFF7AAFF3860D0F8008004F06BFB011F2B
:10FCE000404604F071FB3B683B49186804F06AFB2E
:10FCF0003768002F4CD0282007F018FFC023224679
:10FD0000009340F2FF31354B354C804600F0E6FB66
:10FD10003B685B68A34242D1404600F0F7FB404697
:10FD200007F002FF2820D6F8008007F0FFFEC0236E
:10FD300000930022294B40F2FE31074600F0CEFB33
:10FD4000D8F800305B68A34235D1384600F0DEFBBE
:10FD5000384607F0E9FE01230F2200214FF47A60B4
:10FD600001F086F82820376807F0E0FEC0230093F2
:10FD700001221C4B0F21064600F0B0FB3B685B687C
:10FD8000A34212D1304600F0C1FB304607F0CCFE52
:10FD90002B7843F001032B7002B0BDE8F0813846A8
:10FDA000414698470028BDD0B6E7384631469847C7
:10FDB0000028EDD0E6E74046394698470028CAD0EB
:10FDC000C3E700BF770C0020100B0020240B00209D
:10FDD0000C0B00201C0B0020E50201004DFB000075
:10FDE00031F60000EDFA0000024B187800F0010037
:10FDF000704700BF770C0020F0B51F4F3B6883B001
:10FE0000002B35D01D4B1B78DB0731D50E46044641
:10FE1000FFF732FF44EA0643C3600546FFF74AFE98
:10FE200028461749FFF72AFEA4F2FE33012B16D904
:10FE300028203F6807F07AFEC0233246009321460F
:10FE4000104B054600F04AFB3B680F4A5B68934243
:10FE500008D1284600F05AFB284607F065FE00202E
:10FE600003B0F0BD3846294698470028F7D0F0E7A0
:10FE7000064803B0F0BD00BF100B0020770C002037
:10FE8000280B00204DFB000031F6000016FCFFFFA0
:10FE90002DE9F04128B321B30546984617460E4692
:10FEA000FFF7C2FE0446E0B132463B4629460068F1
:10FEB00004F096FA256804F07DFA011F284604F044
:10FEC00083FA0A4B0A492068B8F1000F18BF194697
:10FED00004F078FA20460749FFF7D0FD2046BDE838
:10FEE000F08100242046BDE8F08100BFBD02010082
:10FEF000FD0101001C0B0020074B1B7813F00103D0
:10FF000001D11846704710B4144601230A46214611
:10FF10005DF8044BFFF7BCBF770C0020024B18685C
:10FF2000B0FA80F0400970471C0B002030B50F4D2F
:10FF30002B789A0785B004D50D4B1B6873B105B0BB
:10FF400030BD43F00204022201230F2168462C70C9
:10FF500002F03EFD064B1B68002BF0D12B7823F0FE
:10FF600002032B7004F0E8F905B030BD770C0020D7
:10FF70001C0B00202DE9F0415B4D2C682269D10754
:10FF800036D45A4E3368002B76D06169B14200F006
:10FF900092802B60564F3968994270D09C425ED057
:10FFA0008C425ED0534B62699A425AD0206804F06A
:10FFB0000FFA064604F00EFAA1686368301ACA1AEE
:10FFC000904257D900F120012F682C6021F01F06C4
:10FFD000002B76D13046F8F777FC3118A1606060CD
:10FFE0002F602068BB683A68BDE8F04104F0DABAD7
:10FFF000414E2068336842F0020222611A691C688F
:020000040001F9
:1000000042F004021A6104F0E9F90146204604F0C6
:10001000DDF93768386804F0DBF9044604F0DAF9F2
:100020007A68BB68201A9B1A98420FD92030D5F8FD
:1000300000802F6020F01F04002A50D12046F8F7DE
:1000400043FC0444BC607860C5F80080336899685C
:10005000186804F0E8FA2B681A69920735D4BDE8ED
:10006000F0812A680021936812680846BDE8F041D3
:1000700004F098BA2F68B4E71D4F3B682B60130754
:1000800028D52C60FFF752FF3368002BFAD09C4232
:100090002B60E4D039688B4282D11E6804F08AF963
:1000A000011F304604F090F93B681449186804F0C9
:1000B00089F9396874E7A169002918BF0B462B60DC
:1000C00068E71846F8F75AFA84E71868BDE8F0417F
:1000D00004F0E3BA2B689C42DFD1BDE8F081104602
:1000E000F8F74CFAAAE700BF0C0B00201C0B00200D
:1000F000240B0020200B0020180B0020E50201003B
:10010000034B1B78DB0700D47047FFF733BF00BFFA
:10011000770C002070B50F4D2A78D20703D4BDE8C4
:10012000704000F045BA0446FFF7A6FD064600F011
:100130007FFE2044F0603046FFF7BCFC30460649A5
:10014000FFF79CFC2B78DB0703D5BDE87040FFF779
:1001500011BF70BD770C0020140B002000B583B0D8
:10016000FFF74AFE38B9054B1B78DB0703D5019032
:10017000FFF700FF019803B05DF804FB770C002047
:1001800070B51B4D2B78DA0700D470BD194E1A4C90
:100190003068FFF78FFC21463068FFF76FFC24685A
:1001A00044B1002201E001321C46A369002BFAD1C0
:1001B000032A11DC336800221A611C6804F0FAF883
:1001C0000146204604F002F92B78DB0703D5BDE891
:1001D0007040FFF7CFBE70BDE26920689361F8F709
:1001E000CDF96068F8F7CAF92046F8F7C7F9E1E7F2
:1001F000770C00200C0B0020200B002010B50C46C3
:100200008047A047BDE81040FFF7BABF034B1B78FB
:10021000DB0701D5FFF7B4BF704700BF770C0020A4
:10022000002840D02DE9F041204F3B78DC0782B018
:100230000FD51F4E33681A695207054601D11C6A53
:100240005CB128461B4AFFF757FE002002B0BDE80C
:10025000F081194802B0BDE8F0811868019104F0FE
:1002600004FA32680199136913F0020804D023F0EC
:10027000030313612046E9E743F0010313610846D5
:10028000A84733681869C3F8208020F0010210F0F5
:1002900004001A61DAD0387810F00100D6D0FFF7E8
:1002A0006FFF4046D2E76FF47A707047770C0020FA
:1002B0000C0B00200D02010016FCFFFF38B50346B1
:1002C000144610460D4698472046A847044B1B7815
:1002D000DB0703D5BDE83840FFF752BF38BD00BF8C
:1002E000770C002008B5044CFFF720FE2378DB07CD
:1002F000FAD5FFF73FFEF7E7770C0020F8B50C4C76
:1003000005460E46277804F00FF80A4A731B02EBE5
:10031000C7019B0843F0004342F837504E602B6002
:1003200023780133237003F0F1FF0020F8BD00BFF4
:10033000790C00202C0B0020064B1B78984207DA22
:10034000054B03EBC00253F830305068C01A7047B9
:1003500000207047790C00202C0B0020F8B5830793
:1003600003D108B1860802E0F8BD8008461C0D469E
:1003700003F0DAFF30CD771CAC4206D22368002BA5
:1003800007DB04EB8304AC42F8D303F0BFFF00208B
:10039000F8BD23F00043990054F82320002A04EB11
:1003A00001000DDB0EE022F00042134443F0004256
:1003B000226054F823209900002A04EB010001DA9E
:1003C0008542F0D89F4201D90C44D5E7B01C984231
:1003D00007D3236823F00043236003F097FF201D19
:1003E000F8BD04EB80008542F3D9DB1B43F00043EA
:1003F00040F8043C276003F089FF201DF8BD00BFD2
:1004000038B5044640B10C4D2B783BB120460B4922
:10041000FFF7A4FF044658B1204638BD0849094AF1
:10042000086809491370FFF769FF01232B70EDE796
:100430001420FDF76FFDEFE7780C00202C0B002057
:1004400020000020790C002000F80120A0B10E4B04
:100450001A6890420DD95B6898420AD250F8043C61
:10046000002B10B5044608DD43F0004344F8043C7B
:1004700010BD1E20FDF74EBD70471E20FDF74AFD42
:1004800054F8043CF0E700BF2C0B002038B501FB0A
:1004900000F52846F8F718FA044628B101232A4641
:1004A00003600021FCF75EFF204638BD70B50446AE
:1004B00008460E46F8F708FA054664B158B154F8F4
:1004C000043C9A00B242A8BF32462146FBF75AFDCF
:1004D0002046F8F753F8284670BD00BF2DE9F041DB
:1004E00004461E46103088461746BDF8185002F0E4
:1004F0008FFA0020A660E06060622062A4F80080AD
:100500006780A5802046BDE8F08100BF83889B07F7
:1005100010B5044602D5806807F006FB204610BDE2
:1005200082B070B586B00AA981E80C00036A4BB3AB
:100530001C696CB1012200E01C4623690132002BCA
:10054000FAD1092A05DD06B0BDE8704002B0704757
:100550001C460AAB0FCB02AD85E80F00182007F050
:10056000E5FA06AB064613E9030095E80C008DE8B2
:100570000300304602F074FA266106B0BDE8704010
:1005800002B070470AAB04460FCB02AD85E80F00FE
:10059000182007F0CBFA06AB064613E9030095E8EE
:1005A0000C008DE80300304602F05AFA2662CAE7D2
:1005B00000F00EBD00F0E0BCFFF734B800897047D2
:1005C000807A70470048704716FCFFFF10B5044B57
:1005D000036000230446C380FFF7DCF8204610BD0B
:1005E000608A010010B5064B036000230446C380F7
:1005F000FFF7D0F8204607F097FA204610BD00BF5D
:10060000608A010038B5036881720D4D9A6AAA426A
:10061000044608D15B6A0B4A0B4D93420AD1A07A7B
:10062000A072284638BD90472368064A5B6A934209
:100630000546F4D020469847A072284638BD00BF32
:10064000C5050100C105010016FCFFFF38B50368B0
:100650000D4D9A6A0181AA42044608D1DB690B4A12
:100660000B4D93420AD120892081284638BD9047FE
:100670002368064ADB6993420546F4D02046984732
:100680002081284638BD00BFC5050100BD05010019
:1006900016FCFFFF2DE9F041194B036004460025CD
:1006A0008580C5800E469046FFF702F894F82A3000
:1006B000144FA66103F0F9010220012365F3C30181
:1006C0001426A07284F8245084F82550A581E58171
:1006D00025826582A582E582A4F80480E580E58410
:1006E000258584F83450E58684F82A102760268111
:1006F000A385E385238663862046BDE8F08100BF9D
:10070000608A0100348E0100B0F90C1011F5C87F29
:10071000F8B579DA90F82A3013F002037CD1B0F9F9
:100720000E5015F5C87F5CDA90F82A2012F004020A
:100730005FD1B0F9104014F5C87F2BDA90F82A2069
:1007400012F008022ED1B3BB90F8343093B1C28EB0
:1007500090F82A60013292B216F00107C28666D084
:100760001D2A07D900236FF3000680F82A60C3868C
:1007700080F834300368494ADB6A934262D105FB52
:1007800005F3474A01FB013304FB0433934264D869
:100790000720F8BDB4F5C87FD5DD90F82A2012F007
:1007A0000802D0D1B2FA82F390F82A205B0963F3F1
:1007B000C30280F82A2090F83430032BC6DC0133C2
:1007C000DBB2012B80F8343051D0042BBED190F82D
:1007D0002A30002243F0010380F82A30C2860B2021
:1007E000F8BDB5F5C87FA4DD90F82A2012F0040208
:1007F0009FD1B2FA82F390F82A205B0963F3820258
:1008000080F82A20012394E7B1F5C87F23DD90F812
:100810002A3013F002031ED190F82A20B3FA83F392
:100820005B0963F3410280F82A20012377E7092A54
:10083000A0D9013B80F834300368184ADB6AC786C8
:1008400093429CD004469847B4F90C10B4F90E506A
:10085000B4F9104093E7002361E711F5487F01DA0E
:100860000320F8BDB1F5487F03DD0420F8BDC38641
:1008700080E715F5487F01DA0220F8BDB5F5487F1D
:1008800004DC14F5487F03DA0520F8BD0120F8BD2B
:10089000B4F5487FD4BF00200620F8BDC50501008F
:1008A000FF70020030B50368454ADB6A934285B0A9
:1008B000044657D1B4F90E20B4F90C30B4F91050F5
:1008C00002FB02F203FB032305FB0535B5F5800FA0
:1008D00016D9A38D002B47D0B5F5100F1AD80123D8
:1008E00084F825302046FFF70FFF0B2832D0238DE8
:1008F000834227D00023208584F8243005B030BD02
:1009000094F82530042B57DD002363862386E38586
:10091000A385E7E7E38D002B45D0B5F1107FDED945
:10092000238E002B36D0B5F1806FD8D9638E002B83
:10093000D5D101230A220D21684602F049F801238E
:100940006386CCE794F82430042B19DDE38C8342D2
:10095000D4D0E084024601230D21684602F038F825
:1009600005B030BD9847A5E701230C220D2168464C
:1009700002F02EF80123B5F5100FA385AFD9C9E712
:10098000E28C0133DBB2824284F82430B6D0042BEF
:10099000DFD8B3E7012309220D21684602F018F8D9
:1009A00001232386BFE7012308220D21684602F0B8
:1009B0000FF80123E385B0E70133DBB290E700BF16
:1009C000C505010010B588B002AB83E806009A881F
:1009D000C0F812100446C28281690CCB684601F04F
:1009E000CDFFE3880098BDF80420228223F00203A3
:1009F000E060E3802046FFF755FF0123A1881A46F7
:100A000004A801F0E5FF002008B010BD0368064A05
:100A1000DB6A934210B5044602D1B4F90C0010BD54
:100A20009847B4F90C0010BDC50501000368064ADB
:100A3000DB6A934210B5044602D1B4F90E0010BD32
:100A40009847B4F90E0010BDC50501000368064AB9
:100A5000DB6A934210B5044602D1B4F9100010BD10
:100A60009847B4F9100010BDC50501002DE9F04FFD
:100A7000824683B0B0F90C0006F0AEFACDE9000171
:100A8000BAF90E0006F0A8FA8046BAF910008946B5
:100A900006F0A2FA02460B4606460F464046494675
:100AA00004F0AEFC06F0F6FDCAF82000044604F09F
:100AB0005BFB0546204604F00BFB8346284606F008
:100AC0009DFA42464B4606F0EDFA80465846894666
:100AD00006F094FA32463B4606F0E4FADDE9006798
:100AE00002460B464046494606F02AF9344607F1CD
:100AF000004502460B462046294606F0FDFBEFF76F
:100B000067FE06F0C7FDBAF80630CAF81C0043F0CD
:100B10000203AAF8063003B0BDE8F08F0368084A64
:100B2000DB6A934210B5044607D1E3889B0702D4E1
:100B30002046FFF79BFFE06910BD9847F5E700BF2F
:100B4000C50501000368084ADB6A934210B50446F4
:100B500007D1E3889B0702D42046FFF787FF206A6E
:100B600010BD9847F5E700BFC5050100C160002032
:100B7000704700BF08B580680368DB6A98470020AB
:100B800008BD00BF08B5806803685B6A984700200D
:100B900008BD00BF2DE9D84704469246994603F0A8
:100BA000C3FBA66894F80D8034683046636CA76B6D
:100BB00098474B465246002B08BF0A2A38BF0A22E4
:100BC000024441463046B847BDE8D84703F09EBBD3
:100BD00070B5064603F0A8FBB06803685B6C9847E5
:100BE000B288F38880B2D6E90645821A92B21344DD
:100BF000A4189BB245F10005B3F57A7FB080C6E931
:100C00000645F3800DD3D6E90401A3F57A730130CC
:100C10009BB241F10001B3F57A7FF6D2C6E9040137
:100C2000F380BDE8704003F071BB00BF2DE9F047D1
:100C30001646C26ABDF82080BDF824909DF828A011
:100C4000002A0EDD456A1F462B8873B105F1180195
:100C5000002302E031F8184B3CB1013393420D46BA
:100C6000F8D16FF47B70BDE8F0870446FFF7B0FF62
:100C7000D4E9062392197B41BAF1000F20D100205C
:100C80000146E960C5E90423A860A5F80080A5F83D
:100C9000029003F049FBA16A39B1D5E90423D1E9F7
:100CA00004018B4208BF824205D2A56232463B4610
:100CB0002046FFF76FFF03F029FB0020BDE8F08717
:100CC00030463946DDE700BF84462DE9F003DCF805
:100CD0002C40DCF8243000208442CCF828002FDDA2
:100CE00002461988013259B138B1D3E90467D0E915
:100CF00004894F4508BF464502D2CCF82830184633
:100D0000A24203F11803ECD1D0B1DCE90623D0E90B
:100D1000040112F10A0443F10005A94208BFA042F0
:100D200007D3821A61EB03036046BDE8F003FFF7C7
:100D300031BF60460A220023BDE8F003FFF72ABF57
:100D4000BDE8F003704700BF2DE9F04F834689B03E
:100D500000294CD15846FFF73BFFDBF82C20DBF88D
:100D60002440002A39DD00251834AA4618E0DBF8B3
:100D700028104FF00000714524F8180C33D00121E1
:100D80000291CDE90089194604A801F031FEDBF893
:100D90002C200AF1010A0135AA4204F1180419DDD8
:100DA00034F8183CA4F1180E002BF4D0DBE90689C6
:100DB00054E90201894508BF8045ECD354E9046732
:100DC00056EA070C34F8162CD1D08019794144E941
:100DD0000201D4E7BAF1000FC1D15846FFF774FF02
:100DE00009B0BDE8F08F0021CBF82810C7E7846870
:100DF000067B236820465A6C9D6B9047024A314619
:100E000002442046A847A5E780969800074B1B6838
:100E100053B1197B084110F00101184601D1FFF7C9
:100E200093BF0121FFF790BF704700BF380B002030
:100E3000064B10B51C682CB12046FFF7C9FED4E95B
:100E4000040110BD0020002110BD00BF380B0020A0
:100E5000064B10B51C682CB12046FFF7B9FED4E94B
:100E6000060110BD0020002110BD00BF380B00207E
:100E700070B5094C266884B066B11D4614460B4611
:100E8000012102468DE8300030460291FFF7CEFE88
:100E900004B070BD0148FBE7380B002016FCFFFFD3
:100EA00070B50E4D2C68B4B12046FFF791FE0C4B87
:100EB000A66942F2107098472C682046FFF788FE1A
:100EC000A3690849053B9B1B42F210720020B2FB4C
:100ED000F3F30B6070BD044870BD00BF380B0020F9
:100EE00015000020340B002016FCFFFFF8B50D465E
:100EF000437316460A231B4A1B4901600446C3621A
:100F0000856006730121F0201460FFF7BFFA2B689B
:100F1000164F9A69606200210020A162BA424FF028
:100F20000001C4E90401C4E9060115D1104AEA60D0
:100F30003146104A9B6B28469847A06803681B6A95
:100F40009847A068036800225B6CE2809847A08005
:100F5000FFF7A6FF2046F8BD284605499047A5683B
:100F60002B68E5E7380B0020708E01006D0B010047
:100F70000D0E010080969800F8B5114D2E68EEB167
:100F8000104B0446186898B93046FFF721FED6E9A1
:100F90000667361947F100072C682046FFF718FE50
:100FA000D4E90623BB4208BFB242F5D30020F8BD06
:100FB00004FB00F0044B98470020F8BD0348F8BD3F
:100FC000380B0020340B00201500002016FCFFFF1A
:100FD0004FF47A7303FB00F0FFF7CEBF6FF47D7020
:100FE000704700BF6FF47D70704700BFC08800F08D
:100FF0000100704710B5034B0360044601F030FE5A
:10100000204610BD808E010010B5054B03600446DC
:1010100001F026FE204606F087FD204610BD00BFE9
:10102000808E0100C388DB0400D47047F0B50368EC
:1010300089B0DB6904469847237C70B93BB3013B18
:10104000DBB22374082B0EDC012B20DDE38803F0D8
:101050000305012D3DD009B0F0BD0B2B03DC01339E
:10106000DBB22374EEE7E388D907F0D443F0010242
:101070000123E280A1881A4604A801F0A9FC238973
:1010800001332381FFF7D4FE237CE060DCE7E388B3
:10109000DA07DCD523F00103E38002220123A188D3
:1010A000684601F095FC657C012DCFD1FFF7C0FEAD
:1010B000E368C01A61F10001002908BFB0F57A7F2A
:1010C0002B462CBF04220322A18804A801F080FC37
:1010D000BCE7FFF7ADFEE368C01A4FF0000761F10F
:1010E000000140F2DB568F4208BF8642B3D2E2884D
:1010F000A18842F00202E2802B46052204A801F0FA
:1011000067FC09B0F0BD00BF10B504464069074A4E
:1011100003685B68934207D16FF47D70A37C181A53
:10112000B0FA80F0400910BD9847F7E7DD0F0100E5
:101130002DE9F84304460D46914698469DF82060F7
:101140009DF8247001F0A8FD002121742B680C4843
:101150001A6C0C4BA4F804908242656184F81180EB
:10116000A6742360E16006D1E38843F40053E38072
:101170002046BDE8F883394628469047F4E700BF8B
:10118000E50F0100808E01006FF47D70704700BF95
:1011900010B5044B036000230446C380FEF7FAFA3F
:1011A000204610BD608A010010B5064B0360002385
:1011B0000446C380FEF7EEFA204606F0B5FC204652
:1011C00010BD00BF608A010038B50446C06890B108
:1011D00003680F4D1B68AB4216D1206903681B687A
:1011E000AB420ED10A20FEF795FF2046094901F0D7
:1011F000ADFA002038BD2069054D03681B68AB427D
:10120000F0D001219847EDE701219847E5E700BFBD
:1012100089110100A08E010010B5044600F046FFC0
:10122000034B2360012384F82D30204610BD00BFFE
:101230001C8F010070B5056884B004466968286891
:101240006B4603C34CF2DA03984219D00021009395
:1012500001919DE8030002AB83E8030003CB04F196
:101260000806A060716060680F4903685A698A4285
:1012700009D19C690D4B9C420ED1002004B070BD79
:10128000019804B070BD29469047606825680368DE
:101290009C69064B9C42F0D0324629464023A04729
:1012A000002004B070BD00BF799700008197000056
:1012B00070B50E4641604FF480720021044608303C
:1012C000FCF750F833680F491A688A420DD19B68C1
:1012D0000D4A93424FF000050FD1002005442560D0
:1012E0002046FFF7A7FF204670BD30469047336881
:1012F000054A9B6893420546EFD030469847000167
:101300004042EBE761970000699700000268A0F88F
:101310004210936A184700BFB0F84200704700BF00
:10132000026880F84410936A184700BF90F84400A0
:10133000704700BFB0F8421038B54FF47A750446D4
:1013400005FB01F1244801F045FC244A94F84410BF
:101350000346A2FB03239B09A4F84230204801F076
:1013600039FCB4F8421084F8440005FB01F11A4836
:1013700001F014FCA26BB4F84010156840F00703AC
:10138000DBB21046AD692022A84718BBA06BB4F8A9
:101390004010036822229D691023A847D0B994F811
:1013A00044100F4801F0FAFBA26BB4F84010156826
:1013B000030103F0F0031046AD692322A84748B9A2
:1013C000A06BB4F84010036824229C690823A0474E
:1013D00000B938BD034838BD3C8F0100D34D6210C1
:1013E000348F01000EFCFFFF10B5034B0360044671
:1013F000FFF7ECF8204610BDA48F010010B5054B97
:1014000003600446FFF7E2F8204606F08DFB204615
:1014100010BD00BFA48F0100034611B903689B6A89
:101420001847806BB3F84010036810B49C69202201
:10143000A44600235DF8044B604700BF2DE9F0414E
:10144000BDF81C50BDF8186004468846174619467A
:101450002A46FFF71FF90023142102220C482060BE
:10146000C4F83880E763A580A4F84060A4F842106F
:1014700084F84420A4F84630A4F84830A4F84A3050
:10148000E3802046FFF756FF2046BDE8F08100BF0D
:10149000A48F0100C16BC3880A68F0B55268294C5B
:1014A00043F48043A24287B0C38003D1002528467D
:1014B00007B0F0BD04460846904701280646F5D11E
:1014C000A06BB4F8401003680196062200921D6AD2
:1014D000A82204ABA847054688BB0320FFF76AF89B
:1014E000A06BB4F840100368019600961E6A312282
:1014F0000DF10F03B0479DF915309DF913609DF96B
:10150000111094F844702068DB00F600C90003FB5A
:1015100007F306FB07F611FB07F12F0CA4F8486050
:10152000A4F846109AB23F04A4F84A303A43036B39
:10153000D4F8461020469847284607B0F0BD024D23
:10154000B5E700BFDD0F01000EFCFFFF08B5FFF798
:10155000A1FF002008BD00BFFFF79CBFF8B5314BCD
:10156000314A044600894FF47A7101FB00F11D46AF
:10157000A3F1380001E053F8082D914202D89842B7
:101580001D46F8D1A37A082B46DC042B47DC274AFA
:10159000032B02F10206B6BF1646042202222B6874
:1015A0002349206CA272A1FB03230268218F976953
:1015B0009B0923812A220023B84700282AD1206CC6
:1015C000218F03682B229F691023B84710BB206C22
:1015D000218F03682D229F690123B847D0B9206C61
:1015E000218F03682E229F690123B84790B9206C90
:1015F00073780268218F96690E22B04750B9206C2B
:101600002B790268218F946943F001032A22A047B5
:1016100000B9F8BD0748F8BD0822074EBFE7064EDF
:101620000822BCE71890010000C40900D88F01000F
:10163000D34D62100EFCFFFFDC8F01000368DB6AF4
:10164000184700BF10B5034B03600446FEF7BEFF0A
:10165000204610BD2890010010B5054B03600446DC
:10166000FEF7B4FF204606F05FFA204610BD00BF2B
:1016700028900100034611B903689B6A1847006C63
:10168000198F036810B49C692A22A44600235DF8D0
:10169000044B6047C38822495A04C26B58BF43F4C5
:1016A000804370B558BFC38013685B688B4286B0B7
:1016B00003D10025284606B070BD04461046984761
:1016C0000028F6D1206C218F0368012206250192A3
:1016D00000951D6A04ABA8470546F8B99DF912109C
:1016E0009DF914209DF91030A67A2068C900D20017
:1016F000DB0011FB06F112FB06F213FB06F3ADF85B
:101700000830ADF80A10ADF80C2002AB93E80600E3
:10171000036B20469847284606B070BD014DC9E7C7
:10172000DD0F01000EFCFFFFF8B504460E4617461C
:101730001946BDF81C20BDF81850FEF7ABFF074B4B
:10174000E7632664258723602046FFF707FF18B963
:10175000E38843F48053E3802046F8BD28900100DD
:1017600010B5034B03600446FEF730FF204610BD62
:101770007490010010B5054B03600446FEF726FF88
:10178000204606F0D1F9204610BD00BF749001003C
:10179000034611B903689B6A1847806BB3F8401081
:1017A000036810B49C696B22A44640235DF8044B87
:1017B000604700BF10B5836BB0F840101C6884B060
:1017C0000122019200921846246A0DF10F0375223E
:1017D000A04718B14FF6FF7004B010BD9DF80F0080
:1017E000C0F3450004B010BD38B50446806BB4F8B2
:1017F00040100268802395696B22A8471420FEF7E9
:1018000089FCA06BB4F8401003686B229D6900232B
:10181000A847A06BB4F8401003681A229D69012301
:10182000A847A06BB4F8401003681B229D691823D9
:10183000A847A06BB4F84010036819229D692023C3
:10184000A847A06BB4F84010036837229D69302385
:10185000A847A06BB4F84010036838229D690123A3
:10186000A8472046FFF7A6FF01460248FEF7ACF85E
:10187000002038BD5C9001002DE9F041BDF81C60EE
:10188000BDF8185004468846174619463246FEF7FA
:1018900001FF6D000023142102220B482060A4F8F0
:1018A0004050C4F83880E763A6802181A272A4F872
:1018B0004430A4F84630A4F84830E3802046FFF7CF
:1018C00093FF2046BDE8F08174900100C16BC3888E
:1018D0000A68F0B552683D4C43F48043A24287B099
:1018E000C38003D10025284607B0F0BD0446084652
:1018F00090470128F6D1A36BB4F840101A68019004
:101900000E200090156A18463B2202ABA8470546F8
:10191000002859D19DF80E209DF80F302C4E9DF8CF
:1019200008709DF809009DF811E09DF80A109DF8D7
:101930000BC043EA02231BB203EB83035B0086FB6D
:101940000326DB179DF80C20C3EB261340EA072083
:101950009DF810609DF80D704EEA062E47EA0222AF
:101960009DF812609DF81370A4F844E003F64563F7
:10197000A4F8423000B29DF814304CEA012147EA45
:1019800006279DF81560A4F84670002809B246EABB
:101990000326B8BF0F3013B200292246B8BF0F315B
:1019A000002BB8BF0F330911E181001152F80C1B55
:1019B000A0811B112382A4F848600B6B204606CA45
:1019C0009847284607B0F0BD024D8CE7DD0F0100B7
:1019D000797878780EFCFFFF08B5FFF777FF0020D5
:1019E00008BD00BF0368034ADB6A934201D1FFF7D9
:1019F0006DBF1847D919010082B08DE80C0001486D
:101A000002B0704716FCFFFF0029406905DD08B9E8
:101A100004E010B10139406AFBD17047704700BF44
:101A200082B030B50C4685B049680546206802ACE6
:101A300003C4039908A880E80C00CB0712D549100D
:101A4000029B6A58D4580D440AAB93E8030008ABD4
:101A50000CCB8DE803002846A04705B0BDE8304018
:101A600002B0704705EB6105029CEDE7002935D017
:101A7000F8B54469002C2ED00D461A4E002705E01B
:101A8000A268AB689A4217D0646A8CB1AA88A3880E
:101A900053409907F8D49207F2D5A968A06801F0DD
:101AA000CDF848B9AB889B07EAD5646A002CEDD124
:101AB000002F10DD2046F8BD2B8813B122889A42F2
:101AC000E2D16B8813B162889A42DDD1A388334397
:101AD0000137A380D8E76FF47A70F8BD6FF47A709D
:101AE000704700BF0080FFFF002973D0F0B5446944
:101AF00085B00D4606464CB967E0A388990708D51E
:101B000022682B689A4212D0646AFCB1AB889807AD
:101B1000F3D422682B689A42F6D1A268AB689A4245
:101B2000F2D1A3881A040BD42C4805B0F0BDA968E3
:101B3000A06801F083F80028E6D0A3881A04F3D542
:101B40002648C3F30E03A38005B0F0BDD6F814E019
:101B5000BEF1000F39D02A887046734600E00B466C
:101B60001C88944211DA596A18460029F7D19E451B
:101B70001CD0596A69625D62012340F2FD316846FA
:101B800000F026FF002005B0F0BD21D16F885988F4
:101B90008F4204DC1CE048888742E8DD0B46596A26
:101BA0000029E4D00888A042F5D0E0E7BEF8001094
:101BB000914206DC8A42DCD1BEF802006988884284
:101BC000D7DDC5F824E07561D6E775612A88D3E7CB
:101BD0000346CCE76FF47A70704700BF16FCFFFF36
:101BE0002DE9F04183885F0782B0064603D59D0644
:101BF0002ED4DC063AD443F00403B38006F110057A
:101C000006F1180816E0F3680093B46895E80F0031
:101C1000A047B388DA0618D5346AB4B194E80F0047
:101C2000276985E80F002046376205F07DFFFEF743
:101C300067FAB38898070ED4D907E4D495E80F0063
:101C4000B468A047B388DA06E6D423F00403B3806F
:101C500002B0BDE8F08198E80300B4688DE80300A5
:101C6000204695E80C0000F0D1FFD2E700F1180300
:101C700093E803008DE8030006F110030CCB304617
:101C8000FEF74EFCE4E700BF38B5044602F04CFB1B
:101C9000A5692DB12B69A36133B1638C013B6384CA
:101CA00002F034FB284638BDE361F6E72DE9F04148
:101CB00044691CB3002607463546A3881A0406D497
:101CC0002546646A002CF8D13046BDE8F0815B07F8
:101CD000F6D475B1636A6B62D4F824802046FEF7AF
:101CE00015FC20464446013605F01EFF002CE4D1C9
:101CF000EAE7D4F82480C7F81480EFE72646E3E744
:101D00002DE9F0414469002C45D016460D46DFF818
:101D10008C8001270CE0A38803F0C003A3F1C0036B
:101D2000B3FA83F35B09B34215D00027646A34B376
:101D300023882988994201D0002BF7D163886A88CB
:101D40009A4201D0002BF1D1FEF74EF80028E2D1E3
:101D50000123B342E9D1B4F804C01CF4004FE4D12C
:101D600095E80F0004F1100E1CF0400F8EE80F00F4
:101D700008D02046FFF734FF646A002CD8D13846DB
:101D8000BDE8F081FEF730F80028F2D02146404649
:101D9000FEF746FACAE70127F1E700BFE11B0100A1
:101DA000F0B5012287B00446C6690D46FFF7A8FFCB
:101DB00010B9638C092B01DD07B0F0BD95E80F0069
:101DC00002AD85E80F00182005F0B0FE06AB07460F
:101DD00013E9030095E80C008DE80300384600F095
:101DE0003FFE02F0A1FA66B133693B6137613B699E
:101DF0005BB1638C0133638407B0BDE8F04002F04F
:101E000085BAA3693B61A761F2E7E761F1E700BF2B
:101E100082B008B502A981E80C00FFF7C1FFBDE858
:101E20000840002002B0704782B038B5054604A9CA
:101E300081E80C00FFF73AFF2846FFF725FF90B135
:101E4000044604E02846FFF71FFF044658B100226D
:101E500021462846FFF754FF204605F065FEFEF7B1
:101E60005DF80028EED1BDE8384002B0704700BFF1
:101E7000024B1888421C1A80704700BFF8010020EE
:101E80002DE9F041044682B00E46154610309846C2
:101E9000BDF8287000F0BCFD26806580182005F094
:101EA00045FE08AB064693E803008DE8030035467F
:101EB0006A4603CA45F8048B0023084AAB60EB600E
:101EC00047F00207706020466960A780A660E36063
:101ED00023626362726102B0BDE8F081211A0100E1
:101EE00030B51F4A1F4B0260002587B0044683604F
:101EF0008581C5810830FDF7DBFB1B4B656103F174
:101F00002002A561E56165842360A260174B0595F9
:101F10002820049305F00AFE06AB054613E90300EA
:101F2000C0228DE8030002920F2123462846022298
:101F3000FFF7A6FF29462046FFF7D6FD28B1284621
:101F4000FEF7E4FA284605F0EFFD094B1A6812B1D6
:101F5000204607B030BD20461C6007B030BD00BF32
:101F6000B0900100608A0100C4900100291E0100A8
:101F70003C0B002070B590B00025144B04930595E0
:101F800004AA0446124B92E80300102603F108024B
:101F900028332260A3602A4623468DE80300029678
:101FA00006A80F21FFF76CFF06A92046FFF75EFD8C
:101FB00006A8FEF7ABFA074BE58104F10800A36021
:101FC000FDF7E8FB204610B070BD00BF291E0100E0
:101FD000BC900100608A0100A0F10800FFF7CABFB1
:101FE00010B50446FFF7C6FF204605F09DFD2046CC
:101FF00010BD00BFA0F10800FFF7F2BF10B5044B01
:10200000036000230446C380FDF7C4FB204610BDD7
:10201000608A010010B5064B036000230446C380AC
:10202000FDF7B8FB204605F07FFD204610BD00BF40
:10203000608A010082B000B5816A85B00DF1180E8A
:1020400000208EE80C0081F80C0201236522072194
:10205000684600F0BDFC05B05DF804EB02B07047C7
:1020600082B030B50C4685B049680546206802ACA0
:1020700003C4039908A880E80C00CB0712D54910C7
:10208000029B6A58D4580D440AAB93E8030008AB8E
:102090000CCB8DE803002846A04705B0BDE83040D2
:1020A00002B0704705EB6105029CEDE72DE9F041B8
:1020B0000C4D0560002504468580C580884617467E
:1020C0001E46FDF7F5FA08482060C4F80880E7606E
:1020D0002661A56284F82D5084F82C502046BDE876
:1020E000F08100BF608A01003C9101002DE9F041C0
:1020F000054682B08846002969D0836A90F82D1081
:10210000D3F80822904528BF9046A2EB0802C3F8F6
:10211000082261B303F10801B8F1000F1DD0D3F814
:10212000FC4103F1100604EB080E0134C3F8FC4136
:1021300014F8010C00F00F078437001153F8272022
:1021400046F8082C8430744553F8202046F8042CB7
:1021500006F10806E9D14FEAC808A868234B0468CD
:10216000009542466468A04702B0BDE8F08103F1E3
:1021700008021146B8F1000F1FD008EB480842448E
:1021800003F10B0101E0AB6A0331D3F8FC01441CFD
:10219000C3F8FC41007884308A4253F8203001F8BB
:1021A000033C4FEA13204FEA134301F8020C01F8F5
:1021B000013CE8D1AB6A03F10801A8680B4B046845
:1021C0000095521A6468A04702B0BDE8F08140F261
:1021D0008D30FBF79FFE95F82D20AB6A1AB903F1FD
:1021E00008010A46E9E703F10801B6E725240100E2
:1021F000D0F828C02DE9F043DCF808328B4234BF18
:1022000023F003040C4683B08046002C00F0858048
:1022100090F82D10DCF8FC511B1BCCF80832A208FA
:102220000CF504730CF1080E00294BD0002A00F0C5
:1022300084800CF1280405EB820655F8040B00F0AD
:102240000F07C0F3031153F8277044F8207C53F8AC
:10225000217044F81C7CC0F30327C0F3033153F80A
:10226000277044F8187C53F8217044F8147CC0F3AC
:102270000347C0F3035153F8277044F8107C53F818
:10228000211044F80C1CC0F30361000F53F8211017
:1022900044F8081C53F8201044F8041CB54204F11B
:1022A0002004CAD15401D8F80800CCF8FC610368B6
:1022B000CDF80080224671465C68224BA04703B0EF
:1022C000BDE8F083E2B30CF1140405EB820655F887
:1022D000040BC0F30727C1B253F8279053F821101D
:1022E000C0F3074741EA096144F80C1C53F8271072
:1022F0000F04000E47EA192744F8087C53F8200021
:10230000090C41EA0021B54244F8041C04F10C0414
:10231000DDD102EB42029400C5E740F28D30FBF7BD
:10232000F9FDD8F828C098F82D30DCF8FC610CF1E4
:10233000080E002BB7D10024B5E72E461446B2E7AD
:102340002E46F8E725240100836A13B193F80C3276
:1023500003B9704765210720FDF700BF2DE9F04163
:1023600000F114078F420446154602D03846F9F7AB
:1023700009FE2069194E03681B68B34221D1E06849
:1023800018B103681B68B34225D1A06803683946B9
:102390001B6801229847206903681B68B34213D168
:1023A0006A1E002A05DDA068036804F115011B6898
:1023B0009847E06818B103681B68B34207D1BDE8CD
:1023C000F08100219847DAE701219847E8E70121E9
:1023D000BDE8F041184700219847D6E78911010070
:1023E0000346002908BF2C2170B503F8141F0446CA
:1023F00019460122FFF7B2FF2069094D03681B68E7
:10240000AB4206D1E06818B103681B68AB4203D148
:1024100070BD01219847F5E70021BDE870401847DD
:1024200089110100F0B5846AD4F8047285B00646BB
:1024300087B3002104F108054FF4FA72C4F80412BE
:102440002846FAF78FFF3B1F07F13C00E21D596851
:10245000C1F3854102F8011F5968C1F3852182F853
:10246000201053F8041FC1F38501984282F86010D0
:10247000EDD12D213046FFF7B3FFB0680368294640
:102480001B6880229847F06820B10368354A1B68B2
:10249000934256D1D4F80012002949D096F82D2045
:1024A000A2B9D4F8FC11D4F80832002B35D1F06869
:1024B00020B103682B4A1B6893424FD10123642249
:1024C0000721684600F084FA05B0F0BDD4F8083260
:1024D000ABB92368481CB1EB430FC4F80002E6D245
:1024E0006368D4F8FC1101335B08C007C4F80832F4
:1024F000DBD4C91AC4F8FC11002BD8D00DE0D4F8F5
:10250000FC1101F0030161B9032B22D93046DAB97D
:10251000A421FFF76DFE05B0F0BD01F00301002915
:10252000F2D0C1F104013046FFF7E0FD05B0F0BD87
:102530003046FFF755FFD4F800120131C4F80012FD
:10254000ACE701219847A5E73E21FFF751FE05B012
:10255000F0BD19463046FFF7C9FDB5E701219847A0
:10256000ACE700BF891101002DE9F043876A85B00F
:1025700004460E4615463FB397F80C2212BB94F85A
:102580002C20FAB994F82D100C98C7F804025A1CA4
:1025900052080120C7F8FC613D607B60C7F8082243
:1025A00087F80C0249B100252046C7F80052FFF712
:1025B00039FF284605B0BDE8F08302FB05F5C7F8F2
:1025C0000852F0E74248F5E74FF4C260019305F086
:1025D000ADFA4FF4C262A06239468046FAF7C2FEF5
:1025E00094F82D00019B002852D008F50372F900E1
:1025F00041EAE70147EA471041EA002189B2013781
:1026000041EA0141102F42F8041FF0D1314A0193F1
:102610002820D2F8009005F089FA0746103000F023
:10262000F7F90721642239807A80182005F07EFAB4
:10263000002229490392864602910DF1080884463A
:10264000B8E803004EF8044BC7F808C0CEF80820DD
:10265000CEF80C20CCF80400CEF80410D9F8001005
:10266000FA60D1F804801D493A621220B88088458A
:102670001B487A62CCF81400019B1FD138460193A5
:10268000FDF744FF384605F04FFAA76A019B73E750
:1026900008F5037700F00F02011102EB022C01EBA9
:1026A000011E02EB0C1201EB0E21013042EA012265
:1026B000B0F5807F47F8042FECD1A7E70193484697
:1026C0003946C047019B0028D8D1A76A54E700BF0C
:1026D00012FCFFFF3C0B00203520010031F600000A
:1026E0006120010090F82C208A422CD030B504469D
:1026F00083B00D4699B1836A102101228DF807102D
:1027000080F82C2013B193F80C32BBB9204601227B
:102710000DF10701FFF722FE002003B030BD02A932
:10272000112301F8013D0122FFF718FE7820FDF783
:10273000F1FC002084F82C5003B030BD6521072047
:10274000FDF70CFDE2E70020704700BF2DE9F843DC
:1027500007460B4600F1150800F114090FE03A7521
:102760005C7824F080052A46F9F70CFC6A1C49467F
:102770003846FFF7F3FD220606EB050307D41A7867
:102780009E1C31464046002AE9D1BDE8F8835C1C16
:10279000705DFDF7BFFC2346F1E700BF38B5044686
:1027A000C06890B103680F4D1B68AB4216D1206919
:1027B00003681B68AB420ED10A20FDF7ABFC204634
:1027C0000949FFF7C3FF002038BD2069054D0368A4
:1027D0001B68AB42F0D001219847EDE701219847F3
:1027E000E5E700BF89110100FC900100F0B585B05C
:1027F000013B0A9C8DF802100B44013C14441E124C
:102800000D124FEA242E8DF8043017122A238DF86A
:1028100003608DF801508DF80A20054602A92B2689
:1028200005228DF80BE08DF808308DF80C408DF8FE
:1028300009708DF80060FFF791FD28466946052272
:10284000FFF78CFD05B0F0BD70B582B0150A1446D7
:10285000160CB1233622FF298DF806508DF807405B
:102860008DF801108DF805608DF800208DF804308A
:10287000054603D002226946FFF770FD6FF07F43E3
:102880009C4209D09DF80730FF2B28460CBF03223D
:10289000042201A9FFF762FD02B070BD10B54068C7
:1028A00082B0002304680093E468A04702B010BD22
:1028B00030B5406885B00468089D019300230295F7
:1028C00000932469A04705B030BD00BF014A4160B4
:1028D000026070475C91010010B401704270436067
:1028E0005DF8044B704700BF10B483B08DE80C0056
:1028F0004B78BDF80440026084809DF810202BB115
:102900000488838864425B42048083804B68022B86
:102910002CD0032B23D0012B10D0012A15D0022A52
:1029200008D1B0F9002083884188018052425B427F
:102930004280838003B05DF8044B70470388418870
:1029400001805B42012A4380E9D1028843885242D8
:102950005B420280438003B05DF8044B70474388BC
:10296000B0F9001041805B420380D6E701884388BC
:1029700049425B4201804380CFE700BF10B584B07D
:1029800002AC84E80C000B78009394E80C00FFF78D
:10299000ABFF04B010BD00BF30B50B4B1C6883B05B
:1029A00024B12268094B15689D4201D103B030BDA6
:1029B00000F10802034692E803000CCB8DE8030007
:1029C0002046A84703B030BD3C0B0020F919010098
:1029D00038B50180428004461D46FEF739FAC4E945
:1029E000020115B12046FFF7D7FF204638BD00BFD2
:1029F000D0B5DDE904679DF8183001800446C0E9D0
:102A0000026742800BB1FFF7C7FF2046D0BD00BF71
:102A100010B50023038043800446FEF719FAC4E989
:102A20000201204610BD00BF30B50B4B1C6883B0BF
:102A300024B12268094B15689D4201D103B030BD15
:102A400000F10802034692E803000CCB8DE8030076
:102A50002046A84703B030BD3C0B0020F919010007
:102A600082B038B5002504A905804580044681E878
:102A70000C00FEF7EDF904AB0FCB256184E80F00E5
:102A80002046BDE8384002B0704700BF70B505462B
:102A9000101D14460E46F5F717FF286000F07AF86F
:102AA000286822464480314604301EB1BDE870409B
:102AB000F9F768BABDE87040FAF754BC014B0360FF
:102AC000704700BF649101000A1E10B5044604DD82
:102AD0000021FFF7DBFF204610BD024B03602046BC
:102AE00010BD00BF6491010010B504460868206065
:102AF00000F01AF8204610BD10B50446006800F03A
:102B000027F8204610BD00BF38B504460B680068A2
:102B1000984206D00D4600F01BF82868206000F0AF
:102B200003F8204638BD00BF03884FF6FF7293427A
:102B30000CD0012B10B5044601D0DA0703D41E20B7
:102B4000FBF7E8F923880233238010BD704700BFEC
:102B500003884FF6FF72934219D0012B10B504463B
:102B600007D0DA0705D5023B9BB2012B238009D0A1
:102B700010BD1E20FBF7CEF92388023B9BB2012B30
:102B80002380F5D12046BDE8104000F001B8704721
:102B9000F5F7F4BC03230380704700BF426810B40C
:102BA00002F100520468013A04EBC2039C420DD8C2
:102BB00054F83220914205D908E053F8080C8142BC
:102BC00004D81346A3F108029442F6D958685DF878
:102BD000044B7047426810B402F100520468013A95
:102BE00004EBC2039C4254F832000CD8814205D950
:102BF00009E053F8080C814204D81346A3F10802F7
:102C00009442F6D918685DF8044B704782B070B5ED
:102C100082B0044608A906A880E80C0003C926680B
:102C200065698DE8030006AB0CCB3046211DA84733
:102C300002B0BDE8704002B0704700BF08B502683E
:102C40000B689A4201D0002008BD043110220430E4
:102C500004F08BFFB0FA80F0400908BD00207047F7
:102C600010B5044B036000230446C380FCF792FDBB
:102C7000204610BD608A010010B5064B036000239A
:102C80000446C380FCF786FD204604F04DFF204635
:102C900010BD00BF608A010038B504460025074B0F
:102CA00003608580C580FCF703FDE388044A258125
:102CB00043F480532260E380204638BD608A0100DF
:102CC0007091010038B50D4B994214D90C4A9142CC
:102CD00094BF4FF080624FF0C862C3680948002477
:102CE0000625C3F80045C3F82425C3F80055FCF7B2
:102CF0006BFE204638BD4FF0CC72EEE78FD003005C
:102D00007F1A060098910100F0B585B004AC066802
:102D100004F8012D9DF82C70009722461F46766915
:102D2000012305460C46B04738B92B680090214670
:102D30003A46DC690A9B2846A04705B0F0BD00BFB3
:102D4000F8B504461F460D46164601F0ADFE194B78
:102D500084E8680027B3384601F060FBE06028B3E0
:102D60002B6802219B6828469847336802219B689C
:102D7000304698470A20FDF71DFCE368327C287C2A
:102D8000C3F808254FF0CC710622C3F80C05C3F830
:102D900024150A20C3F80025FDF70CFC2046F8BDD9
:102DA000012001F05BFBE0600028D9D15A20FBF73D
:102DB000B1F8D5E7B09101002DE9F041DFF850807E
:102DC000124FC268054682B00020012612FA81F136
:102DD00002E0D2F824312BB90C68002CF9D002B0F3
:102DE000BDE8F081D2F8C414C2F8C4144046FCF720
:102DF000EBFDEA68C2F82441D2F824310193019B2B
:102E000016624FF4827156613846DFE70EFCFFFF11
:102E10008C91010070B5C468C1F34701C4F88815EE
:102E20000021C4F8041186B0D4F804610496049E0D
:102E3000C4F82411D4F824610396039EC4F86011E9
:102E4000D4F860610296029EC4F85011D4F8506123
:102E50009DF828500196019EC4F84425C4F84835D1
:102E600095B14FF48073C4F80032C4F84811D4F817
:102E7000483105930123059A23624FF4A471A3609E
:102E8000FFF79AFF06B070BD01234FF40072C4F83B
:102E900000224FF482712362A360FFF78DFF06B01A
:102EA00070BD00BFF0B5C468C1F34701C4F8881510
:102EB0000021C4F8041183B0D4F804710197019F74
:102EC000C4F82411D4F824119DF8206000910099D1
:102ED000C4F83425C4F8383566B901234FF480525C
:102EE000C4F800224FF4827123622360FFF764FF6D
:102EF00003B0F0BD012626624FF4AE712660054690
:102F0000FFF75AFF0028F3D1EB682846DE614FF443
:102F1000A471FFF751FF03B0F0BD00BF0B4B03F1ED
:102F200008022C3310B50446026083602830FFF796
:102F3000E3FD04F12400FFF7DFFD054B23600023D0
:102F40002046E380FCF726FC204610BDF4910100EA
:102F5000608A01000D4B03F108022C3310B50446C2
:102F6000026083602830FFF7C7FD04F12400FFF7FB
:102F7000C3FD074B23600023E3802046FCF70AFCD7
:102F8000204604F0D1FD204610BD00BFF4910100A1
:102F9000608A010080697047C368D3F808057047EC
:102FA0000901B1F5004F10B51BDB0023013341FAD5
:102FB00003F2B2F5004FF9DA072B16DC1C4612FAC1
:102FC00003F3C16848BF0F331B11C1F80C45C1F8AA
:102FD0000825094AC36192FBF3F30022836110467E
:102FE00010BD00240A462346E9E70448FCF7ECFC40
:102FF0006FF47A72F3E700BF40420F00D4910100F2
:103000002DE9F843404D056000258580C5800446C4
:10301000904689461E46BDF82070FCF749FB3B48A8
:10302000206000F12403A360C4F80C90C4F8208051
:1030300004F12400FFF742FD04F12800FFF73EFDF4
:10304000E368A7806561657425743149C3F800554C
:1030500091FBF6F12046FFF7A3FFE3682D49C3F883
:103060000455022230208B42C3F81455C3F81025B2
:10307000C3F84855C3F82855C3F84C55C3F82C5528
:10308000C3F804032FD024498B421ED0234A934215
:103090000CD0206A016801224D68227404F10801F5
:1030A000C3F80025A8472046BDE8F8831C491D4AFF
:1030B00089681D481D4EC1F8C860042182F822535A
:1030C0008460C2F884115160E3E7154815498668A9
:1030D0001548174FC6F8C470446081F82153C1F8F1
:1030E00084214A60D5E710490D4A0C609168114867
:1030F000C1F8B000A2F540624FF0805182F81C5335
:10310000C2F880111160C4E7608A0100FC910100DF
:1031100040420F0000C00140001002400020024069
:1031200000ED00E000E100E0400B00207D320100F6
:103130006D3201005D320100C069704743692BB3F5
:1031400030B5016A457C013B436183B004460B689E
:1031500065B11B6801A8984701A904F12800FFF791
:10316000D3FC01A8FFF7C8FC03B030BD01221B68E7
:10317000427401A8984701A904F12800FFF7C4FC94
:1031800001A8FFF7B9FC657403B030BD704700BFFC
:1031900030B5836A5B8883B00446C3B104F1280567
:1031A000294604F12400FFF7AFFC01A8FFF786FCD5
:1031B00001A92846FFF7A8FC01A8FFF79DFC626A59
:1031C00053883BB900206361637403B030BDFFF7DF
:1031D000B5FFE3E7E16804325B100125C1F8202563
:1031E0002046C1F8243565748D60FFF7A7FF0020E5
:1031F00003B030BD4269417C013208B5426109B972
:10320000FFF7C6FF002008BDA0F10800FFF7F2BFDE
:10321000C368D3F8101191B1416910B50446C1B922
:1032200041740022C3F81021D3F81021D3F81421DF
:1032300022B10022C3F81421D3F8143110BDD3F801
:1032400014212AB10022C3F81421D3F81431704795
:103250007047FFF79DFFE368E3E700BF024B186884
:1032600008B1FFF7D5BF7047400B0020024B5868EC
:1032700008B1FFF7CDBF7047400B0020024B9868A4
:1032800008B1FFF7C5BF7047400B002030B50C46B2
:103290000A4923681B688B4283B0054608D1EB6856
:1032A000217C02F5AC72002043F8221003B030BD3F
:1032B0000192002120469847019AF0E78911010008
:1032C0006FF47D70704700BF6FF47D70704700BF72
:1032D0006FF47D70704700BFC1600020704700BF71
:1032E00010B5036804461B6C9847236820465B684A
:1032F000BDE81040184700BF6FF47D70704700BFF5
:10330000C08800F00500003018BF0120704700BFE2
:10331000037C0B4A1F2BD8BF4FF0A04203F01F03C2
:10332000D2F81415012202FA03F30B4206D1C08829
:1033300000F00A00003018BF0120704710467047A7
:1033400000030050C08810F0030018BF0120704730
:10335000C08800F00C00003018BF0120704700BF8B
:1033600008B503689B6B9847024BA3FB00308009AC
:1033700008BD00BFD34D6210027C0F4B202AB8BF9E
:103380004FF0A04302F01F0203EB82030129D3F8A0
:103390000027417122F00C0207D0022908BF42F039
:1033A0000C02C3F800270020704742F00402C3F863
:1033B00000270020704700BF00030050D0F81035F0
:1033C00021EA0301C0F81815704700BFD0F8103586
:1033D0001940C0F818157047C3881B0701D403486B
:1033E0007047034B1868FFF7A7BE00BF16FCFFFF2E
:1033F0000C0C0020F8B50446154610482181002227
:103400002F2D237125742060E280E260627102DD5D
:103410003220FAF77FFD0A4A0A4B0B4E42F825404C
:103420004FF0004700222025E28062614021C6F86B
:10343000047383F8065320461960F8BD2C920100EE
:103440004C0B002000E100E00060004038B5C3886C
:10345000DA06044605D5406918B103685B699847E8
:10346000E38813F0E00F16D0217C0C4B0C4D1F2984
:1034700001F01F02D8BF4FF0A04303EB82030122EB
:10348000D3F8000720F44030C3F800072B688A40C7
:1034900023EA02032B600023E38038BD00030050C1
:1034A0001C0C002038B50379DB073BD5037C1E4A92
:1034B00081B9202BB8BF4FF0A04203F01F030121B8
:1034C00001FA03F3C2F80C35C38813F0020410D0DC
:1034D000002038BD202BB8BF4FF0A04203F01F03DF
:1034E000012101FA03F3C2F80835C38813F002047E
:1034F000EED10546FFF7AAFF2A7C0B4BE988202A6C
:10350000B8BF4FF0A04302F01F0203EB820341F06B
:103510000202D3F8001741F00101C3F8001720465A
:10352000EA8038BD014838BD0003005016FCFFFF9B
:103530000279D2072DD5C28802F0E10238B50446DF
:1035400082B1017C01F01F001F29134AD8BF4FF040
:10355000A0420123D2F810258340134214BF01205A
:10356000002038BDFFF772FF217C0B4BE288202939
:10357000B8BF4FF0A04301F01F0003EB800342F0FF
:103580000102D3F8005725F00305C3F80057E28085
:10359000DAE70248704700BF0003005016FCFFFF47
:1035A0000379DB0721D570B5C38813F0100582B00D
:1035B000044607D0466933689B69304602B0BDE8CF
:1035C00070401847FFF742FF182004F0AFFA228935
:1035D00001950123009521460646FDF7A9FDE388E4
:1035E000666143F01003E380E5E70148704700BFE0
:1035F00016FCFFFF38B5027C1A4B202AB8BF4FF0EB
:10360000A04302F01F020125D3F8144505FA02F287
:10361000224223D10D460446C9B9C3F80C251846E9
:103620001146FFF7D3FE217C0E4B2029B8BF4FF087
:10363000A043D3F814351A4212D02046FFF706FFF4
:10364000236829461B6820469847002038BDC3F8E8
:10365000082518461146FFF7B1FEE4E7002038BD03
:10366000014838BD0003005012FCFFFF70B5124C3A
:10367000236882B0B3B1114D2B6813B1002002B0A2
:1036800070BD2C2004F052FA22680D4913230093D8
:1036900018324FF4C8630646FFF7B2FC00202E60D4
:1036A00002B070BD442004F041FA4FF6FF710546A8
:1036B00001F046FA2560DEE7180C00200C0C002013
:1036C00000C0014003799A0756D5B1F5806F55D2F5
:1036D0002DE9F0412B4F067C82B03A4600234FF093
:1036E000FF3412F9015BAE4208BF1C460133042BC4
:1036F000F7D1631C0D4606462BD0DFF8A080F38877
:10370000D8F8000043F00803F380FFF745FC07EE0C
:10371000905A07EE100AF8EEE77AB8EEC77ADFEDB6
:103720001A6A1A4B1A4E186867EE277A012387EE39
:10373000A67A0093314600230422FDEEC77A17EEE5
:10374000905A26F8145001F019FA002002B0BDE892
:10375000F081FFF78BFF0F4BDFF840801C78317C46
:10376000D8F80000013404F00304224639553146EC
:103770001C70FFF78BFDC2E7074870476FF47A7043
:10378000704700BF1C00002000C07F44180C0020C0
:10379000100C0020FA01002016FCFFFF0C0C00208A
:1037A000C3881B0741D570B52DED028B204D214CF0
:1037B000286882B00E46FFF7EFFB08EE900A31460C
:1037C0002868FFF7EDFBF8EEE88A04F10806238885
:1037D000286807EE103AB8EE478AFFF7DDFB07EEE0
:1037E000900AB8EEE77A27EE087AC7EE287AFCEE60
:1037F000E77A17EE903A24F8023BB442E7D10E4C38
:1038000028682568FFF7C8FB0146284601F0AEF995
:1038100001232068074900930422002301F0AEF938
:10382000002002B0BDEC028B70BD0448704700BFA1
:103830000C0C0020100C0020180C002016FCFFFFC0
:1038400070B50A4C0E460546FFF710FF2068FFF7DB
:1038500073FC44F62061884202D02068FFF7A0FB89
:1038600031462846BDE87040FFF79ABF0C0C002097
:1038700070B50479A40728D5002923DB002A21DDAF
:10388000002B1FDDB4294FF47A76A8BFB421104C69
:10389000104D06FB01F184FB01E40C44C917C1EB98
:1038A000E41102EBD27402FB01F1A3EB640306FB0B
:1038B000031385FB0321DB17C3EBA111BDE87040A7
:1038C000FFF7BEBF6FF47A7070BD034870BD00BFD4
:1038D000B7600BB6D34D621016FCFFFF4FF47A733E
:1038E00003FB01F1FFF75CBFD0B5044684B00A4684
:1038F000002321896846FFF76BF86369D3E900016B
:1039000050EA0102DDE9026708D0321A67EB0103D1
:103910006846CDE90223FFF787F86369C3E90067CA
:1039200004B0D0BD10B5C388590688B0044616D47B
:103930009A0607D41B0603D5E3680BB1012098470C
:1039400008B010BD00230120002221890290CDE99A
:10395000002304A80222FFF74BF8E388EAE70521D9
:10396000FFF7C2FFE388E3E710B5C388590688B0C4
:10397000044616D49A0607D41B0603D5E3680BB198
:103980000020984708B010BD0023012000222189A3
:103990000290CDE9002304A80322FFF729F8E38869
:1039A000EAE70421FFF7A0FFE388E3E7254BD3F81C
:1039B0007C21002A44D02DE9F0410024DFF89080DA
:1039C000214DC3F87C4101274FF0A04606E0C3F823
:1039D0000017FFF7C9FF0134202C26D0D8F800309B
:1039E00007FA04F21A42F6D055F824E0A30003F1D6
:1039F000A043BEF1000FEED0D6F820150A42EAD05F
:103A0000D3F80027C2F3014022F44031022841F4E8
:103A100000317046DBD142F44032C3F800277046D3
:103A20000134FFF77FFF202CD8D14FF0A041074A87
:103A30004FF0FF33C1F82035C2F82035BDE8F081E2
:103A4000704700BF006000404C0B00200003005096
:103A50001C0C0020F8B5C38813F0E00F04460D4697
:103A60000DD023F0E003022D9BB23BD0032D43D0B9
:103A7000012D08BF43F08003E3800020F8BD0368F8
:103A800041799B68984707466069002839D0002231
:103A90000023C0E90023267C1C4B1F2ED8BF4FF00B
:103AA000A04306F01F0103EB8100D0F8002722F4A9
:103AB0004032C0F80027D0F80027C7B942F40032DE
:103AC000C0F80027012202FA01F11148C3F82015BD
:103AD0000168E388B2400A4323F0E003022D02604C
:103AE0009BB2C3D143F02003E3800020F8BD42F431
:103AF0004032C0F80027E5E743F04003E3800020B0
:103B0000F8BD082004F012F86061C0E7000300501F
:103B10001C0C002000B583B004291FD8DFE801F099
:103B2000100A0A0A030003689B6A9847002003B042
:103B30005DF804FBFFF78EFF002003B05DF804FB87
:103B4000C38803F0F0031BB9084603B05DF804FB1B
:103B50000191FFF77BFC01990846E8E76FF47A7062
:103B6000E5E700BF027C0A4B202AB8BF4FF0A04314
:103B700002F01F0203EB8203D3F8002722F4E06275
:103B800009B142F44072C3F800270020704700BF1B
:103B900000030050082A4FF000034175837514BFDD
:103BA0006FF47A7018467047254BC26910B49A4278
:103BB0004FF00004847529D0224B99421BD8224B28
:103BC000994211D8214B99422AD8214B994219D8B0
:103BD000204B99422FD8204B99428CBF4FF08063E5
:103BE0004FF00073036102E04FF080430361002057
:103BF0005DF8044B70474FF0004303615DF8044BE0
:103C0000002070474FF080530361F0E7134B994257
:103C10000DD8134B9942CFD94FF020630361E6E7EB
:103C20004FF0005303615DF8044B002070474FF0E4
:103C3000A0530361DBE74FF000630361D7E700BFE8
:103C400000F00240FF117A00FF083D007F841E0053
:103C50003F420F001FA107008FD00300FF47E8017C
:103C6000FF23F400C369D3F8182182B100B5002204
:103C7000C3F8182187B0D3F81811036A019101998C
:103C800033B10262406A984707B05DF804FB7047A1
:103C900001230322182102A8FEF79AFE07B05DF85F
:103CA00004FB00BF70B504460125C068617DA575A1
:103CB0000368A9421B68D4BF002101219847E0682E
:103CC00010B12946FFF74EFF6068002853D001214C
:103CD000FFF748FF606800284DD0036800211B688B
:103CE00098476368A0681E7C002849D003685B6819
:103CF0009847A3681D7CE369E26821690020C3F846
:103D00000005127CC3F80825C3F80C65C3F81055EC
:103D1000C3F82415627D013AD2B2022A9CBF1F4823
:103D200050F8220094F91420C3F8540500254224C9
:103D30000720AA42C3F8C055C3F80443C3F80005DE
:103D400021DB530902F160449B0004F5614403F157
:103D5000604303F561430120E02502F01F0200FAF1
:103D600002F284F800530E48C3F88021BDE8704089
:103D70001A60FBF729BEA0684FF0FF360028B5D1C6
:103D80004FF0FF35B7E7074B054802F00F02134429
:103D9000E0221A76BDE87040FBF716BE8092010063
:103DA0008C920100FCEC00E038B504460498134DF9
:103DB0006160A260E3602560A8B100F02FFBE061C4
:103DC000B8B100F06DFBE169207500234FF080521F
:103DD00008462261A375637523622246084900F0F4
:103DE0007FFB204638BD042000F038FBE06100284E
:103DF000E7D15A20FAF78EF8E069E2E7AC920100C9
:103E0000653C01002DE9F04184B0847D0A9FDDF816
:103E10002C800546164644B3B6F5803F3AD2B7F536
:103E2000803F37D2EC690020C4F84415C4F84865D7
:103E3000C4F83435C4F83875C4F81801D4F818310A
:103E40000393039BC4F85005C4F84005B8F1000F74
:103E500012D0012240230C99C5F8208069622261AA
:103E6000C4F8043304B0BDE8F0818DE80A00FFF720
:103E700019FF9DE80A00CFE703211820FBF7BCFFDC
:103E8000EB69012140221961C3F80423FCF738F9DA
:103E90004046E7E76FF47A70E4E700BFF0B585B01D
:103EA000B2F5803F144606460F469E460A9D02D252
:103EB000B5F5803F09D373462246394630460A9508
:103EC00005B0BDE8F04000F0F5BD00240095029477
:103ED0000194FFF797FF05B0F0BD00BF2DE9F04159
:103EE000079C069E089FC4B1B2F5803F86468C466B
:103EF0001546984602D2B6F5803F0AD30897079434
:103F0000069643462A4670466146BDE8F04100F0F9
:103F1000FDBDBDE8F041FFF775BF6FF47A70BDE8F5
:103F2000F08100BF30B585B000250122C17500F1D8
:103F3000180300F1170102958DE824000446FFF7ED
:103F400061FFA842ACBF207E014805B030BD00BF74
:103F50000AFCFFFF007A704790F91030002B09DB54
:103F600003F1604303F561434901C9B283F80013CB
:103F700000207047044A03F00F031A444901C9B2F4
:103F800011760020704700BFFCEC00E090F9103083
:103F9000002B11DB5A0910B460320A4C03F01F03E6
:103FA000012101FA03F344F8223043695DF8044B20
:103FB000012200201A607047436901221A60002024
:103FC000704700BF00E100E090F91030002B07DBE4
:103FD00003F01F0001225B090249824041F82320BF
:103FE0000020704700E100E010B503680446DB6A7A
:103FF0009847636901225A60002010BD90F9103083
:10400000002B0DDB5A0920320121064803F01F0363
:1040100001FA03F340F82230BFF34F8FBFF36F8FE5
:104020000020704700E100E038B503680546DB6A10
:1040300098476B690122DA60DC68002CFCD12B68A0
:1040400028465B6A9847204638BD00BF012902D048
:1040500006D3022902D14369C3F804150020704732
:1040600043690022C3F8042500207047437A013BCE
:1040700099420FDC10B44FF48033446901F5A87005
:1040800003FA01F144F820200020C4F804135DF87D
:10409000044B70476FF47A70704700BF437A013B5E
:1040A000994211DC30B4446904EB81054FF480334C
:1040B000D5F8400503FA01F10244C5F84025002077
:1040C000C4F8041330BC70476FF47A70704700BFB7
:1040D000437A013B994208DC42694FF4803303FA8A
:1040E00001F1C2F80813002070476FF47A7070472E
:1040F00038B503680446DB6A984763692268012182
:10410000D964D3F84C55536A20469847284638BDA1
:10411000B1F57A5F1ED8B1F5FA5FF0B418D2022378
:1041200001274FF47A56DDB207FA03F26C1CB6FB96
:10413000F2F2914203F10103E4B207D2092BF2D16A
:1041400043690020C3F81045F0BC70472C46F7E7E0
:104150000124F5E76FF47A70704700BF032907D890
:10416000DFE801F01009020243690222C3F80825C2
:1041700001720020704743690022C3F808250172CC
:104180000020704743690122C3F80825017200200E
:10419000704700BF10B5044B036000230446C38082
:1041A000FBF7F8FA204610BD608A010010B5064BF7
:1041B000036000230446C380FBF7ECFA204603F0BB
:1041C000B3FC204610BD00BF608A01000E4BF0B565
:1041D00053F82070BFB100237E6918469E46012522
:1041E00006EB830205FA03F4D2F84011013319B14A
:1041F0002043C0B2C2F840E1042BF1D1FB6813B1F7
:10420000BDE8F0401847F0BD200C00200020FFF76B
:10421000DDBF00BF0120FFF7D9BF00BF0220FFF7BD
:10422000D5BF00BF0320FFF7D1BF00BF0420FFF7B9
:10423000CDBF00BFF8B52E4B036000258580C5803B
:1042400004460E461746FBF733FA2A492A482774D4
:1042500003238E4266612060637246D0274A9642ED
:104260003FD002F5803296423DD0254B9E4236D05B
:10427000244B204643F82540FFF7C0FE94F9103048
:1042800065690122002B6A6022DB03F1604303F5BC
:104290006143402283F80023022301274FF47A561A
:1042A00007FA03F2D9B2B6FBF2F2B2F57A7F01F166
:1042B000010003F1010302D9092BC1B2F0D102229E
:1042C0000323C5F810152046C5F808252372F8BD4C
:1042D0000D4A03F00F031A4440231376DCE704254C
:1042E000C6E70225C4E71D46C2E70125C0E700BFB7
:1042F000608A010000900040C892010000A00040C8
:1043000000B00140200C0020FCEC00E0054A1378CE
:10431000013B5BB2002B01DD13707047002313706B
:1043200062B670477A0C002072B6024A13780133E5
:10433000137070477A0C002020BF70474FF08051F7
:1043400010B44C6E086E2346002242EA000210466A
:1043500019465DF8044B7047BFF34F8F0549064B74
:10436000CA6802F4E0621343CB60BFF34F8F00BF13
:10437000FDE700BF00ED00E00400FA05704700BF54
:1043800008B50B4B0122C3F84025022100229300FF
:1043900003F1A0430132202AC3F80017C3F8001A22
:1043A000F5D1FFF7EBFFBDE80840F0F7D9BF00BF3C
:1043B00000E0014000487047000002204020F4F770
:1043C00083BA00BF8163704741637047C163704720
:1043D000C06B7047EFF30880704700BF406B7047B9
:1043E00080E80E00704700BF70B5094D094CAE68FB
:1043F000204631464FF48072F7F7C4FDAC60AB68DD
:10440000054831462246BDE87040FBF7DDBA00BFE3
:1044100000ED00E0000400201C930100F0B40D4FFB
:104420000D4A3C6806460523012505FA03F12142A1
:1044300003F1FF3302D1D06BB04206D0591CA2F178
:104440000C02F2D10020F0BC704721433960F0BC6F
:10445000704700BF380C00203C930100F0B50E4FB0
:10446000DFF838E03C6872460523012505FA03F1C0
:10447000214202D1566C304206D1013B591CA2F1B7
:104480000C02F3D10020F0BD03EB430321435EF89F
:1044900023003960F0BD00BF380C00203C930100C0
:1044A0000D4A10B50D4C904221464FF0000306D046
:1044B0000133062B0AD051F80C2F9042F8D103EBB0
:1044C000430304EB830393F9040010BD5A20F9F76A
:1044D00021FD4FF0FF3010BD003000403C93010043
:1044E000F8B50E4C0E4DA0420F4616464FF0000395
:1044F00006D00133062B0AD055F80C4FA042F8D154
:10450000084A094842F8237040F82360F8BD5A2051
:10451000F9F700FD4FF0FF33F2E700BF0030004035
:104520003C9301003C0C0020540C0020024A034B39
:1045300010681B68184700BF540C00203C0C00207A
:10454000024A034B50685B68184700BF540C0020B8
:104550003C0C0020024A034B90689B68184700BF40
:10456000540C00203C0C0020024A034BD068DB684E
:10457000184700BF540C00203C0C0020024A034B9B
:1045800010691B69184700BF540C00203C0C002028
:10459000024A034B50695B69184700BF540C002066
:1045A0003C0C0020002815D0006041608260C36090
:1045B000046145618661C761444604624C464462B9
:1045C000544684625C46C462644604636E46466335
:1045D00074468463002906D0C46B043C0439256802
:1045E0000D60B442F9D1946BA646566BB546002BCC
:1045F00006D0D46B043C043B1D682560B442F9D15D
:10460000146BA446D46AA346946AA246546AA1468F
:10461000146AA046D769966955691469D3685168C8
:10462000106892687047006041608260C3600461F6
:1046300045618661C761444604624C464462544603
:1046400084625C46C462644604636E464663744694
:104650008463C46B043C043925680D60B442F9D10D
:10466000C769866945690469704700604160826076
:10467000C360046145618661C761444604624C467B
:104680004462544684625C46C462644604636C4679
:1046900044637446846304697047846BA646446B24
:1046A000A546046BA446C46AA346846AA246446A2B
:1046B000A146046AA046C769866945690469C3685A
:1046C00082680068416870470649074A074B9B1A91
:1046D00003DD043BC858D050FBDC00F025F8FFF7A1
:1046E0004FFE0000C09A01000000002000040020DE
:1046F000FEE7FEE7FEE7FEE7FEE7FEE7FEE7FEE792
:10470000FEE7FEE7BFF34F8F0549064BCA6802F488
:10471000E0621343CB60BFF34F8F00BFFDE700BFE4
:1047200000ED00E00400FA0508B55F4B1B680D2B97
:1047300053D14FF080414FF080520020C1F80C015E
:104740005A4BC1F81001C1F83805D2F80404C3F877
:104750002005D2F80804C3F82405D2F80C04C3F8E5
:104760002805D2F81004C3F82C05D2F81404C3F8B5
:104770003005D2F81804C3F83405D2F81C04C3F885
:104780004005D2F82004C3F84405D2F82404C3F845
:104790004805D2F82804C3F84C05D2F82C04C3F815
:1047A0005005D2F83004C3F85405D2F83404C3F8E5
:1047B0006005D2F83804C3F86405D2F83C04C3F8A5
:1047C0006805D2F84004C3F86C05D2F84424C3F855
:1047D0007025D1F80034DB071CD4354AD2F8883074
:1047E00043F47003C2F88830BFF34F8FBFF36F8F6D
:1047F0004FF01023D3F80C22D20736D4D3F800227E
:10480000002A0CDBD3F80432002B08DB294B2A4AA0
:104810001A6008BD6FF00103C1F80034DDE7274AD4
:104820000123C2F80435D2F80034002BFBD04FF03E
:1048300010231221214AC3F80012D2F80034002BB1
:10484000FBD04FF0102312211C4AC3F80412D2F8F7
:104850000034002BFBD000231849C2F80435D1F8EE
:104860000034002BFBD0FFF74DFF144B0122C3F89F
:104870000425D3F80024002AFBD04FF010210F4A62
:10488000D1F80C3223F00103C1F80C32D2F8003415
:10489000002BFBD000230949C2F80435D1F80034BD
:1048A000002BFBD0DFE700BF3001001000C000404C
:1048B00000ED00E0240000200090D00300E0014063
:1048C0006FF47D70704700BF6FF47D70704700BF5C
:1048D0006FF47D70704700BF10B584B004688DF828
:1048E0000C20002200928DF80D306469022303AA87
:1048F000A04704B010BD00BFF0B587B01F469DF8BB
:1049000034508DF80F2004460E468DB10268012305
:10491000009355690DF10F02A84738B9236800903C
:10492000DD690C9B3A4631462046A84707B0F0BDEA
:1049300006AA9DF80F3002F8013D036800955D69F5
:104940000123A847E9E700BF2DE9F84F9DF828703B
:10495000002A3DD0002B3BDD88460168DFF87890C7
:104960001E464B684B458246144628D1CD68DFF879
:104970006CB05D451BD1264405E00134A6420AD047
:10498000DAF80030DD685D45F7D021785046013413
:10499000A847A642F4D117B10020BDE8F88FDAF895
:1049A00000309B684B450ED13846BDE8F88F5FFA62
:1049B00088F15046A847DAF80030DD68DBE7984711
:1049C000DAF80010D2E7504698473846BDE8F88F2D
:1049D0006FF47A70BDE8F88FC9480100D148010032
:1049E0002DE9F84F9DF82890002A55D0002B53DD73
:1049F000056890461F462A4A6B68934206460C4655
:104A00003BD1EB68DFF89CB05B452FD1012F3CD048
:104A1000023F08EB070A08F1FF3405E00B2004F819
:104A2000010FA2450BD035682B695B45F6D00021FC
:104A300030469847C0B204F8010FA245F3D135685B
:104A400001372B695B45B8441AD10B2088F8000068
:104A5000B9F1000F02D00020BDE8F88F3368104A8A
:104A60009B68934213D14846BDE8F88F44F001019A
:104A7000C9B2304698473568C8E798473568C0E7F7
:104A8000012130469847C0B2E0E70027D9E7304619
:104A900098474846BDE8F88F6FF47A70BDE8F88F04
:104AA000C9480100D1480100014B0360704700BFB5
:104AB0008C9301002DE9F84FDDF828904A45904687
:104AC00038BFC846B8F1000F1BD09B468A46054642
:104AD0001746002406E0A14588BF0BF80400013406
:104AE00044450ED02B68A74288BF1AF804109E6870
:104AF00098BF00212846B0470028ECDA0248BDE8FC
:104B0000F88F0020BDE8F88F0AFCFFFF30B583B0B6
:104B10000468069D0095E468A0470899034A044686
:104B20000798FBF7E9F9204603B030BD0D020100FC
:104B300010B508310446FDF7D7FF204610BD00BF71
:104B400038B5094B044640F8083B0D46FDF7B6FF63
:104B5000214604F1180000F033F9002201232561F9
:104B600062606361204638BDB893010001610902AB
:104B700048BFFF3109124161704700BF2DE9F04F76
:104B800087B00546109C406801911E4605F1080358
:104B900002936302174603934FEA440987423BDDC1
:104BA000A7EB0008B8F1FF0F3FDC08FB09F105A8EF
:104BB000FDF78AFF05A90298FDF7A6FF05A8FDF7F6
:104BC0009BFFAB68B8F1000F03F104031DDD6A68B9
:104BD0000199D5F810C001EB420002F1010E00214D
:104BE00030F8022B6245A8BF6246002C0EEB010A8A
:104BF00006DD92B203EB090B23F8022B5B45FBD1D8
:104C000001314145ECDBC5F804A005F1180000F0C6
:104C100061F868688742C3DC00239E42C8BF06F182
:104C2000FF366B608EB10020B8E7039905A8FDF749
:104C30004BFF05A90298FDF767FF05A8FDF75CFF8C
:104C4000AB684FF480780433C1E707B0BDE8F08F5C
:104C5000704700BF41627047F0B50F4601F108048C
:104C600085B021460646FDF73FFFFB68002B2CDD93
:104C7000012B2CD00025204604342146FDF744FFAB
:104C8000F86801350138A842F5DC023007EB8004F2
:104C90006846FDF713FF69462046FDF735FF684675
:104CA000FDF72AFF33683A695988FB68521A013BBD
:104CB0006D463A61FB60BA8B2846012340F2FE3113
:104CC000FDF786FE304605B0F0BD6D46F3E70020E7
:104CD000DBE700BF8369C2681344002B5BDD90F8FB
:104CE0002030002B4CD010B5816A0B68044686B08A
:104CF0001B6801A89847A369E0681A18002A16DD06
:104D0000A18B40F2FF30FBF777F8A369E0681A182F
:104D1000002A47DD0133A361FBF7F2F9A369E068DC
:104D2000013B0028A3610FDD1A18002AE8DC626944
:104D3000002A02DD21698A42E2DB002BE0D1002A51
:104D400002DD21698A42E5DB023001A904EB800023
:104D5000FDF7DAFE019B22695988E368606A0A441C
:104D600001332261E36028B194F820305BB103681D
:104D70001B68984701A8FDF7BFFE002006B010BDD4
:104D80006FF47B707047E28B012340F2FF3102A881
:104D9000FDF71EFEEEE74369002BA4DD0269934296
:104DA000A1DA9CE76269002A02DD21699142B1DC47
:104DB000002BAFD1C8E700BFA0F10400FFF78ABF06
:104DC0000D4B70B503F1080204461C33002580E842
:104DD0000C0008300E46FDF771FEE5602561656147
:104DE000E583FDF745F80123A083A5616562A6620E
:104DF00084F82030204670BDC0930100024B186833
:104E0000BFF35B8F704700BF6C0C002030B5214AA8
:104E100021F00043934287B01BDD1F4A934205DD1A
:104E200002460B4601F08AFF07B030BD02AAEEF73A
:104E3000C3FC00F00303012B1BD0022B0FD013B3D4
:104E40000124DDE90423DDE902010094EFF7F4FC1D
:104E5000EAE700220023EEF79BFF07B030BDDDE953
:104E60000423DDE90201EEF793FF01F1004107B0F1
:104E700030BDDDE904450093DDE9020122462B4601
:104E8000EFF7DAFCF1E7DDE90423DDE90201EEF7F3
:104E90007FFFC9E7FB21E93FFFFFEF7F21F00041E2
:104EA000704700BF30B51F4A21F00043934287B0DE
:104EB0001CDD1D4A934205DD02460B4601F03EFF14
:104EC00007B030BD02AAEEF777FC00F0030001281E
:104ED000DDE9042319D0022810D0D8B1DDE90201A0
:104EE000EEF756FF01F1004107B030BD00230093FB
:104EF00000220023EFF7A0FC07B030BD0124DDE95C
:104F000002010094EFF798FCECE7DDE90201EEF70F
:104F10003FFFD5E70124DDE902010094EFF78CFCA7
:104F2000CEE700BFFB21E93FFFFFEF7F30B5144A1A
:104F300021F00043934287B019DD124A934205DD08
:104F400002460B4601F0FAFE07B030BD02AAEEF7AA
:104F500033FC440004F00204C4F10104DDE904233D
:104F6000DDE902010094EFF71FFD07B030BD01231A
:104F7000009300220023EFF717FD07B030BD00BFFC
:104F8000FB21E93FFFFFEF7F354A21F000439342C9
:104F9000D0B506460F460C460DDD002F02460B46E7
:104FA0004FF000002F4932DB02F0A6F900222D4B12
:104FB00001F0C6FED0BD2C4A934207DD29490020EE
:104FC000002C02DA01F100431946D0BDB3F1725F43
:104FD00024DB264A93422ADDFFF760FF02460B4698
:104FE00001F0AEFEEFF7CCFE00224FF0804301F05F
:104FF000A7FE02460B4600204FF0804102F07CF9EC
:1050000002460B460020174901F098FED8E702F04F
:1050100073F90022134B01F091FED0BD0022114B19
:1050200001F08EFE32463B4602F03CF8D0BDFFF761
:1050300035FF00224FF0404302F034F8EFF7A0FEB6
:1050400000224FF08043064601F1004701F078FE50
:1050500002460B463046394602F04EF9B0E700BF33
:10506000FFFFEF7F0000F03FFFFF3540FFFFEF3F06
:10507000F8B5C1F30A56A6F2FF34132C0D460ADC2C
:10508000002C1BDB114941FA04F4002225EA040339
:1050900010461946F8BD332C05DDB4F5806F024685
:1050A0000B460FD0F8BD4FF0FF31A6F2134621FAA0
:1050B00006F620EA060210462946F8BD002005F053
:1050C0000041F8BD01F03CFEF8BD00BFFFFF0F003E
:1050D00000B585B0234A0190019B23F00043934221
:1050E0001DDDB3F1FF4F08DBDDED017A77EEE77AE6
:1050F00017EE900A05B05DF804FB02A900F04EFE21
:1051000000F00302012A1DD0022A12D01AB3012294
:105110000399029801F0C0FB07EE900AE8E700212E
:1051200000F0D8FF07EE900A17EE900A05B05DF880
:1051300004FB0399029800F0CDFF07EE900AF1EE10
:10514000677AD5E70399029801F0A6FB07EE900A6B
:10515000F1EE677ACCE70399029800F0BBFF07EE07
:10516000900AC5E7D80F493F00B585B0244A0190A1
:10517000019B23F0004393421EDDB3F1FF4F08DB98
:10518000DDED017A77EEE77A17EE900A05B05DF86B
:1051900004FB02A900F002FE00F00300012820D069
:1051A000022814D020B30399029800F093FF07EE71
:1051B000900AF1EE677AE7E70022002101F06CFB2C
:1051C00007EE900A17EE900A05B05DF804FB012285
:1051D0000399029801F060FB07EE900AF1EE677AFE
:1051E000D2E70399029800F075FF07EE900ACBE72B
:1051F00001220399029801F04FFB07EE900AC3E7E2
:10520000D80F493F2DE9F043DFF89C808BB004466E
:105210000D46ECF73DFA98F90030013306460F468B
:105220002BD022462B462046294602F0D5F981464E
:1052300018BB20462946FFF731FE0022174B02F02B
:10524000C1F9D0B1164B1748CDF8209001228DE856
:105250000C00CDE90445CDE9024501F073FB98F956
:105260000030022BCDE906010CD0684601F068FB46
:1052700040B1089B6BB9DDE90667304639460BB093
:10528000BDE8F08301F0E8FC21230360089B002BBC
:10529000F1D001F0E1FC089B0360ECE70000F03F77
:1052A000E0930100F08A0100FB0100202DE9F043AA
:1052B0008BB004460D46ECF73FFC244B93F900807D
:1052C000B8F1FF3F06460F460ED022462B46204639
:1052D000294602F081F9814630B900221C4B204654
:1052E000294602F051F920B9304639460BB0BDE8E5
:1052F000F083002200230127164ECDF8209010469F
:105300001946CDE90445CDE902450097019601F023
:10531000F3FFB8F1020FCDE906010CD0684601F0A9
:105320000FFB40B1089B5BB9DDE9066730463946A3
:105330000BB0BDE8F08301F08FFC21230360F1E79F
:1053400001F08AFC089B0360EEE700BFFB01002030
:105350000000F03FE89301002DE9F043DFF89C8066
:105360008BB004460D46ECF777FC98F9003001331A
:1053700006460F462BD022462B462046294602F0F1
:105380002BF9814618BB20462946FFF787FD0022EE
:10539000174B02F017F9D0B1164B1748CDF82090F3
:1053A00001228DE80C00CDE90445CDE9024501F06C
:1053B000C9FA98F90030022BCDE906010CD06846F5
:1053C00001F0BEFA40B1089B6BB9DDE906673046D3
:1053D00039460BB0BDE8F08301F03EFC21230360A9
:1053E000089B002BF1D001F037FC089B0360ECE731
:1053F0000000F03FF0930100F08A0100FB01002063
:10540000ECF752BE2DE9F04FDFF8DCA08BB004467C
:105410000D46ECF745FF9AF90030013306460F467A
:1054200038D022462B462046294602F0D5F883463E
:1054300080BB20462946FFF731FD0022284B8046DD
:10544000894602F0B5F828B3254B4046494600226C
:1054500002F0B8F8034610B30023002219460127D2
:10546000204ECDF820B01046CDE90445CDE90245E7
:105470000097019601F040FF9AF90030022BCDE928
:10548000060121D0684601F05BFAE8B1089B13BB26
:10549000DDE90667304639460BB0BDE8F08F0227DC
:1054A00008932046002329460E4E00970022CDE99E
:1054B0000445CDE90245019601F01EFF9AF900303E
:1054C000BB42CDE90601DDD101F0C6FB212303601B
:1054D000089B002BDCD001F0BFFB089B0360D7E7E3
:1054E0000000F03FF8930100FB0100202DE9F04F90
:1054F0008BB01D4606460F46144600F06FFA284B47
:1055000093F900A0BAF1FF3F804689462CD022468D
:105510002B462046294602F05FF828BB32463B4620
:105520003046394602F058F88346E8B90022002395
:105530002046294602F01EF8B0B11A4BCDF820B033
:105540000122CDE90267CDE904458DE80C00BAF1EE
:10555000000F0ED1CDE90667684601F0F1F998B168
:10556000089BC3B9DDE90689404649460BB0BDE852
:10557000F08F002200231046194601F0BDFEBAF15B
:10558000020FCDE90601E7D101F066FB212303609C
:10559000089B002BE6D001F05FFB089B0360E1E76E
:1055A000FB0100200C9401002DE9F0438BB0044670
:1055B0000D46EDF729F9374B93F90060731C8046CF
:1055C00089460DD022462B462046294602F004F893
:1055D00030B9002200232046294601F0F3FF20B114
:1055E000404649460BB0BDE8F0832B4B0890CDE90F
:1055F0000245CDE904450193DEB9284F4FF06046DE
:105600002046294600220023CDE9066701F0B2FFBB
:10561000002837D002230093684601F091F9C8B101
:10562000089BE3B9DDE90689404649460BB0BDE871
:10563000F083DFF870904FF00008204629460022E2
:105640000023CDE9068901F095FF68B102239E424F
:105650000093E1D101F000FB22230360E0E701F0B9
:10566000FBFA089B0360DDE70123022E00930BD1B8
:1056700001F0F2FA21230360094801F063F9CDE952
:105680000601CDE701230093684601F059F900288F
:10569000F2D1EDE7FB01002014940100FFFFEFC7FA
:1056A000F08A01000000F0FF2DE9F0438BB00446C2
:1056B0000D46EDF79DFA384B93F90060731C804658
:1056C00089460ED022462B462046294601F084FF0B
:1056D000074630B9002200232046294601F05EFF2C
:1056E00020B9404649460BB0BDE8F0832B4B0897E4
:1056F000CDE90245CDE904450193DEB9284F4FF0CD
:1057000060462046294600220023CDE9066701F0C5
:1057100031FF002837D002230093684601F010F9CA
:10572000C8B1089BE3B9DDE90689404649460BB09C
:10573000BDE8F083DFF870904FF00008204629465E
:1057400000220023CDE9068901F014FF68B102238D
:105750009E420093E1D101F07FFA22230360E0E74B
:1057600001F07AFA089B0360DDE70123022E009323
:105770000BD101F071FA212303600A4801F0E2F82D
:10578000CDE90601CDE701230093684601F0D8F882
:105790000028F2D1EDE700BFFB01002018940100C2
:1057A000FFFFEFC7F08A01000000F0FF2DE9F04392
:1057B0002B4E8BB080468946EEF722FA96F90030E0
:1057C000013304460D4603D001F0B4F8074620B17A
:1057D000204629460BB0BDE8F0834046494601F01B
:1057E000A9F80028F4D01F4B96F90040089703222F
:1057F0008DE80C00CDE90489CDE90289404649468F
:1058000000220023A4B901F0DDFE4FF0604210B386
:10581000154BCDE90623684601F092F888B1089B44
:10582000A3B9DDE90645204629460BB0BDE8F08363
:1058300001F0C8FE002280B10C4B022CCDE90623FA
:10584000E9D101F009FA22230360E8E701F004FA44
:10585000089B0360E5E7064BDBE7064BEDE700BF7F
:10586000FB01002024940100FFFFEF470000F07FC0
:10587000FFFFEFC70000F0FF2DE9F04F8BB00446AB
:105880000D4600F0CFF9294B93F900A0BAF1FF3F84
:1058900006460F4612D022462B462046294601F0E6
:1058A0009BFE834650B94FF000084FF00009204698
:1058B000294642464B4601F067FE20B9304639463C
:1058C0000BB0BDE8F08F1A4BCDF820B00122CDE926
:1058D0000445CDE902458DE80C00BAF1000F17D060
:1058E00042464B464046494601F006FDBAF1020FDA
:1058F000CDE906010ED101F0AFF921230360089B29
:1059000073B9DDE90667304639460BB0BDE8F08F64
:10591000CDE90689684601F013F80028EFD1EAE7DF
:1059200001F09AF9089B0360EBE700BFFB01002040
:105930002C94010010B52DED028B8AB008EE100AF0
:1059400000F076FB234B93F90040631C09D0B4EEC2
:10595000488AF1EE10FA04D6B5EEC08AF1EE10FADC
:1059600003D40AB0BDEC028B10BD01231A4A009388
:1059700018EE100A00230192089301F03FFB002269
:10598000CDE90401CDE902010023ACB1104619466E
:1059900001F0B2FC022CCDE906010FD101F05CF957
:1059A00021230360089B7BB9DDE9060101F072FE4B
:1059B0000AB0BDEC028B10BDCDE90623684600F0AD
:1059C000BFFF0028EED1E9E701F046F9089B03602C
:1059D000EAE700BFFB010020349401002DE9F84FF5
:1059E000904623F0004A944658EA0A029946044633
:1059F0000D4623D01E4683460346834821F00042CD
:105A000082421BDCC8F1000040EA0800DFF810E227
:105A10004AEAD070704511D85245474601F0004E11
:105A200018DC28DB444526D314D1784B4FEADE7EC0
:105A300003EBCE03D3E90001BDE8F88F42464B46A5
:105A40002046294601F02EFB02460B4601F054FC8D
:105A5000BDE8F88FB2F5801F11DA002A40F09C8073
:105A6000BBF1000F5C466A480CDD6400002C00F1BD
:105A7000FF30FADC06E020462946BDE8F88F101515
:105A8000A0F2FF30BAF5801F0EDABAF1000F40F035
:105A90009780BCF1000F65465D4C09DD6D00002D5F
:105AA00004F1FF34FADC03E04FEA2A54A4F2FF3495
:105AB000584DA84256DBC1F3130242F480125549F7
:105AC0008C425BDBC6F3130646F48016001B07E02E
:105AD00051EA050312D0EA0F02EB41026B000138D4
:105AE000DD1B911B98B1BB4238BF01F1FF3100298A
:105AF000EEDAD90F01EB42025B00F0E7434B4FEACD
:105B0000DE7E03EBCE0EDEE90001BDE8F88FBB427E
:105B10000E4638BF01F1FF36002EACBFDB1B164628
:105B200056EA0302EAD03C498E4208DCDA0F02EB67
:105B300046068E4204F1FF344FEA4303F6DD354A50
:105B4000944246DA121B142A4EDCC2F1200123FAD9
:105B500002F006FA01F30343164146EA0E01184625
:105B6000BDE8F88F2D1A1F2D24DCC5F120032BFA78
:105B700003F3AA401A430BFA05F3A0E7091B1F29F8
:105B800012DCC1F120060AFA01FA2CFA06F646EAFE
:105B90000A060CFA01F799E71E48D4026400002CAB
:105BA00000F1FF30FADC6DE71C4E361B0CFA06F6EE
:105BB00000278BE7194A121A0BFA02F200237EE73C
:105BC000144C4FEACA256D00002D04F1FF34FADCB5
:105BD0006EE7A6F5801646EA0E0E04F2FF324EEA94
:105BE00002511846BDE8F88F1F2A06DCC2F12001D9
:105BF0008E40D34033437646AFE7084B1B1B46FA33
:105C000003F37646A9E700BFFFFFEF7F1083010093
:105C1000EDFBFFFF02FCFFFFFFFF0F00E2FBFFFFBA
:105C20000000F07F2DE9F0415B4F8F4304460D46A5
:105C300000F0918000290B4602466EDD0F157AD0E8
:105C4000A7F2FF37C3F31303F80743F480135FD4BD
:105C500003EBD27100260B447F105200B64616208B
:105C60004FF400110EEB01049C424FEAD2754FEA4B
:105C7000420203DC1B1B04EB010E0E44013805EB52
:105C800043034FEA5101EDD1844620244FF00041F7
:105C900009E020D003EBD275013C4FEA51012B44BF
:105CA0004FEA420220D0734501EB0C05F1DD002DD7
:105CB00005EB010C09DBF0469542A3EB0E0300D97E
:105CC000013B521B0844C646E4E7BCF1000FF2DB7F
:105CD0000EF10108F0E79542DCD8002D05EB010C30
:105CE00045DB98460023ECE7134302D0411C42D029
:105CF000013044087310F20703F17F5303F50013DA
:105D000048BF44F0004403EB07512046BDE8F08152
:105D10005B0003EBD27352009AE7064621F000477E
:105D20003E4322D071BB0F46D30A153F5205002BCC
:105D3000FAD0DE0221D4002400E004465B00DD023C
:105D400004F10100F9D5C0F1200122FA01F10B4361
:105D50003F1B824074E702460B4601F0A3F922463E
:105D60002B4600F0EDFFBDE8F081BDE8F081BCF10D
:105D7000000FADDAB5E70136BCE7002020214FF077
:105D8000FF34E2E702460B4600F0D8FF02460B461E
:105D900001F0B2FABDE8F0810000F07F70B5964ADC
:105DA00020F00044944286B06ADD944A944206464C
:105DB0001CDC0028DFED927A924A24F00F0407EEF3
:105DC000100A40F3E180944277EE677A68D09FED45
:105DD0008E7A77EEC76A012077EEE67AC1ED006A27
:105DE00077EEC77AC1ED017A06B070BD874A94425A
:105DF0000D4667DDB4F1FF4F48DAE215863AA4EBB1
:105E0000C25307EE903ABDEEE77ADFED816AB8EE55
:105E1000C77A77EEC77A8DED037A67EEA67ABDEE84
:105E2000E77AB8EEC77A77EEC77A8DED047A67EE37
:105E3000A67AF5EE407AF1EE10FACDED057A40F053
:105E4000B680B5EE407AF1EE10FA0CBF01230223C2
:105E5000704901910221009103A8294600F0C4F97C
:105E6000002E11DA95ED007AD5ED017AB1EE477A80
:105E7000F1EE677A404285ED007AC5ED017A03E0E4
:105E8000002208604A60002006B070BD07EE900A4C
:105E900077EEE77A0020C1ED017AC1ED007AF3E7F1
:105EA000DFED5D6A9FED5D7A77EEE67A012077EEB1
:105EB000C76A77EEE67AC1ED006A77EEC77AC1ED80
:105EC000017AE1E700F0CEFD9FED556A9FED4C5A57
:105ED0009FED4D7A07EE900AF6EE006AE7EE866ACD
:105EE000FDEEE66AB8EEE66A16EE900AF1EE465A64
:105EF0001F28E5EE857A26EE077A1DDC494A411E09
:105F000024F0FF0352F82120934215D077EEC76AA0
:105F1000C5ED006A77EEE67A002E77EEC77AC5ED1A
:105F2000017AB1DAF1EE666AF1EE677AC5ED006AE0
:105F3000C5ED017A4042A7E777EEC76AE41516EE91
:105F4000903AC3F3C753E31A082BE1DD9FED327A91
:105F5000DFED326AB0EE675AA5EE875A77EEC57A62
:105F6000E5EE877AD6EE267A75EE676AB0EE677A46
:105F700016EE903AC3F3C753E41A192C2CDCC5ED86
:105F8000006AF0EE457AC5E7944277EE277A10D0A2
:105F90009FED1D7A77EE876A4FF0FF3077EEE67A55
:105FA000C1ED006A77EE877AC1ED017A6CE70323D1
:105FB0004EE7DFED196A9FED197A77EEA67A4FF07A
:105FC000FF3077EE876A77EEE67AC1ED006A77EE0A
:105FD000877AC1ED017A57E7DFED136ADFED134AE7
:105FE000F0EE457AE5EEA67A35EE677AA5EEA67A6A
:105FF00096EE247A8AE700BFD80F493FE3CB1640DC
:10600000800FC93FD00FC93F43443537800F494304
:1060100000008043449601000044353708A3852ED4
:1060200084F9223FC495010000A3852E32318D24CE
:1060300020F00042B2F1FF4F07EE900A31D292B346
:10604000002803463EDBB2F5000F70B44FEAE05083
:106050002CD3A0F17F02C3F31603D10743F400034E
:1060600048BF5B00002456105B00254619214FF005
:106070008072A818984202DC1B1A85181444013952
:106080004FEA43034FEA5202F3D113B1013424F033
:106090000104641004F17C5404EBC653184670BC30
:1060A0007047E7EEA77A17EE900A704713F40002E4
:1060B00001D00CE00A465B001C0202F10101F9D597
:1060C000801AC6E737EEE77AC7EE077AEBE74FF0BC
:1060D000FF32F5E720F00043B3F1485F06EE100A07
:1060E00006EE901A2EDAFDEEC67A17EE903A002BE5
:1060F00064D026EE067ADFED343A9FED344ADFEDC8
:10610000344A9FED345ADFED347ADFED345AA7EE8E
:10611000234AE7EE044AA7EE245AE7EE057AE7EEB3
:10612000275A65EE875A66EEC66AB6EE006AE7EE53
:10613000256AF7EE007AD7EE066A77EEE67A17EE72
:10614000900A704726EE067ADFED1F3A9FED1F4A50
:10615000DFED1F4A9FED1F5ADFED1F7ADFED1F5A5B
:106160001F4AA7EE234A9342E7EE044AA7EE245AB9
:10617000E7EE057AE7EE275A65EE875AD3DD194A2E
:10618000934216DC03F17F4307EE903AB7EE005AD4
:1061900035EE675A66EEC66AB6EE006AE7EE256A25
:1061A000D7EE067A77EEE67A75EE677A17EE900A02
:1061B0007047B6EE075AF5EE027AEBE7F7EE007A93
:1061C00017EE900A704700BF4ED747ADF6740F31F7
:1061D0007CF293B4010DD037610BB6BAABAA2A3D5D
:1061E0009999993E0000483F2DE9F04F2DED048B21
:1061F000D9B003F1FF390493D31E48BF131DDA4C05
:10620000669D0291DB1023EAE373194654F825607A
:1062100006930133A2EBC3030193A1EB090316EB31
:106220000901824616D419449FEDD07A679801314E
:106230001CAA002BA4BF50F8234007EE904A03F19C
:106240000103ACBFF8EEE77AF0EE477A8B42E2EC5E
:10625000017AEED1002EC0F21783049B44AD9C005E
:10626000771C1CAB05EB870718190AEB0401B9F181
:10627000000FC0F28582DFEDBD7A53460246F3EC93
:10628000016A32ED017A8B42E6EE877AF7D1E5ECCE
:10629000017ABD4200F10400E9D106F18043013BDF
:1062A0009B0008AD1A1FAA18B3460396DFEDB18A0A
:1062B0009FEDAF8A019E0792544405EB030844AF5B
:1062C0004FEA8B0258AB1344BBF1000F53ED146A35
:1062D00018DD07A907EB8B0366EEA87AB0EE667AA5
:1062E000FDEEE77A33ED016AF8EEE77ABB42A7EEFE
:1062F000C87A77EE866ABDEEC77A17EE100A41F8C3
:10630000040FE9D1314616EE900A059200F008FC20
:1063100009EE100AF4EE007A69EE277A17EE900A79
:1063200000F0A4FB07EE100AF2EE007AA7EE679ADF
:10633000002E059AFDEEC99AF0EE497AB8EEE99A78
:1063400037EEC99A40F3CB800BF1FF3EC6F108034C
:1063500055F82E0040FA03F101FA03F3C01A45F88C
:106360002E0019EE90EA8E44C6F1070309EE90EA7A
:106370001841002853DD19EE903ABBF1000F03F1EC
:10638000010309EE903A40F31A822968002940F08F
:106390007182BBF1010F40F33182AE4601235EF8FA
:1063A000041F002900F0268203F1010EC1F580715F
:1063B000F34545F8231012DD55F82E100233C1F1D4
:1063C000FF019B4545F82E1009DD05EB83012A44AA
:1063D0000B68C3F1FF0341F8043B9142F8D1002E52
:1063E0000DDD012E4FF0010140F0EF810BF1FF3286
:1063F00055F8223003F07F0345F82230EFE1022800
:106400000DD1F7EE007A37EEC99A31464FF07E5043
:1064100000F086FB07EE900A39EE679A0220B5EE8F
:10642000409AF1EE10FA70D1039B0BF1FF3E7345D9
:106430000EDC0BF18042013A05EB8202002152F89A
:106440000439424541EA0301F9D1002940F0968020
:10645000039B013B55F82330002B40F0D981079B6B
:106460004FF0010C53F804290CF1010C002AF9D06B
:10647000DC440BF1010EE6452FDC069A049B0EEB83
:10648000020103EB0B000CEB02031CAA01F180419B
:1064900002EB8000679A013902EB810107EB8E0E57
:1064A00002EB830B51F8043F07EE903AF8EEE77ADF
:1064B000B9F1000FE0EC017ADFED2C7A09DB5346ED
:1064C0000246F3EC016A32ED017AA342E6EE877AE6
:1064D000F7D15945EEEC017AE4D1E346F0E605D177
:1064E0000BF1FF3355F82300001242E7F6EE007A75
:1064F000B4EEE79AF1EE10FA80F24C81B5EE409AD4
:10650000F1EE10FA4FF000008ED0019C0490614231
:1065100019EE100A039E00F003FBDFED156A049AE2
:1065200007EE100AB4EEE67AF1EE10FAC0F28881B6
:10653000DFED107A67EE277A2346FDEEE77A08331F
:10654000F8EEE77A0193A7EEE67A0BF10103FDEE90
:10655000E77ABDEEC77A17EE101A45F82B1017EE42
:10656000901A45F823101EE09899010000000000E1
:10657000000080430000803B0000C93F02460198B4
:1065800055F82E10039E08387346019059B90EF144
:106590008041013905EB810151F80449013B08387C
:1065A000002CF9D00190019904934FF07E50039292
:1065B00000F0B6FA049B039A002B07EE100AC0F213
:1065C0004A814FEA830E44A901EB0E070EF1040C39
:1065D0005FED186A05EB0C01381D71ED017AF8EEDC
:1065E000E77AA94267EE877A27EE267A60ED017A8C
:1065F000F3D11FED1F6A0DF586780025002EC0F23D
:10660000DB80A34CDFEDA37A3846B0EE467A00215A
:1066100003E0A94208DCB4EC017AF0EC016A013134
:106620008E42E7EE267AF4DA043F58A901EB8501A1
:10663000474541ED287A05F10105DFD16699032927
:106640005BD8DFE801F08C636302002B40F300812C
:1066500058A9714430A811ED287A0EF104010144C3
:1066600031AC704450ED017A77EE876A77EEE67AC6
:1066700077EE877AB0EE667A61ED017AA14260ED3D
:10668000016AEFD1012B40F3E38058AB734430A98A
:1066900013ED287A0EF1040332A88E4419445EEDFE
:1066A000017A77EE876A77EEE67A77EE877AB0EE50
:1066B000667A61ED017A88426EED016AEFD130A809
:1066C000DFED747A034433ED017A994277EE877AED
:1066D000F9D1002A00F0AC80DDED306A9DED317A11
:1066E000029AF1EE677AF1EE666AB1EE477AC2ED90
:1066F000027AC2ED006A82ED017A19EE903A03F057
:10670000070059B0BDEC048BBDE8F08F0EF1040119
:1067100030A8DFED607A014431ED017A814277EEF5
:10672000877AF9D1002A76D0DDED306A0299B1EE90
:10673000677A002B76EEE77A81ED007A09DD31A8E1
:106740000121B0EC017A01318B4277EE877AF8DAD9
:106750000AB1F1EE677A029BC3ED017ACDE730AB67
:10676000DFED4C7A9C443CED017A634577EE877A05
:10677000F9D10AB1F1EE677A029BC3ED007ABCE76A
:10678000DFED447AE5EC017ABD4200F104007FF4CC
:106790006EAD82E519EE903ABBF1000F03F10103F3
:1067A00009EE903AC8BF02203FF7EFADF7EE007A4E
:1067B00037EEC99A022032E6DFED367A34E7002E52
:1067C0001EDD0021012E3FF411AE022E07D10BF188
:1067D000FF3255F8223003F03F0345F822300228FB
:1067E0007FF41DAEF7EE007A37EEC99A00293FF428
:1067F00016AE0AE601339B457FF4D1AD002EE1DCF5
:1068000002287FF40CAEF7EE007A37EEC99A06E65E
:106810004FF0010C2CE69DED307A0299002BC1ED72
:10682000007A77EE677A8ADC029BC3ED017A64E72F
:106830000298309A319BC0ED027A026043605CE7B7
:10684000BDEEC77A5B4617EE101A45F82B10AAE684
:10685000DFED107A3DE7669903293FF64EAF01A0C0
:1068600050F821F0836801007D6801007D68010017
:10687000516801004FF0010E002397E5DFED057A26
:1068800050E7DFED047A74E7049B9C0005E500BF48
:10689000709901000000000020F00043B3F1485F50
:1068A00007EE900A06EE101A04DABDEEE77A17EE4C
:1068B000103A23B327EEA77A9FED174ADFED174A68
:1068C0009FED175ADFED175ADFED176AE7EE044A1E
:1068D00027EE874AA7EE245AE7EE055AE7EE256A27
:1068E00082B166EEC46AF6EE005AE6EE256ADFED86
:1068F0000F5A97EE266AA4EE256A77EEC67A17EE4F
:10690000900A70479FED0A6AA7EE266AE4EE067ABF
:1069100017EE900A704700BFD3C92E2F342FD7B27D
:106920001BEF3836010D50B98988083CABAA2A3EC6
:10693000ABAA2ABE41F0004101F58010C00F70479C
:106940000020704700200149704700BF0000F87F19
:10695000F0B5C1F30A5EAEF2FF36132E83B00246E5
:106960000B460C464FEAD17507462EDC002E49DB5C
:106970003A49314103EA010010432BD049080B404A
:1069800053EA02070CD04FF48023132E24EA0101AE
:1069900043FA06F444EA01040CBF4FF00047002715
:1069A0002F4B03EBC5052146D5E900453846224665
:1069B0002B4600F0C5F9CDE9000122462B46DDE962
:1069C000000100F0BBF903B0F0BD332E06DDB6F5D3
:1069D000806F40D01046194603B0F0BDAEF2134EA2
:1069E0004FF0FF3121FA0EF10842F3D04908084276
:1069F000D6D04FF0804320EA010143FA0EFE4EEA62
:106A00000107CDE721F000410143E3D0C3F31301B7
:106A1000134E0143C1F1000C06EBC502D2E9006739
:106A20004CEA010C4FEA1C3C5C0C64040CF400239F
:106A300043EA040132463B4600F082F9CDE9000109
:106A400032463B46DDE9000100F078F921F00044D0
:106A500044EAC571C0E700F073F9BDE7FFFF0F001E
:106A60006083010020F00040704700BF10B483B085
:106A70000190019A22F00041CB0D7F3B162B19DCCF
:106A8000002B144628DB24481841024215D0DFEDC4
:106A9000237A9DED017A77EE277AF5EEC07AF1EE52
:106AA00010FA28DD002A29DB24EA000003B05DF893
:106AB000044B7047B1F1FF4F04D2019803B05DF869
:106AC000044B7047DDED017A77EEA77A17EE900A56
:106AD00003B05DF8044B7047DFED107A07EE100A43
:106AE00077EE277AF5EEC07AF1EE10FAE5DD002AAE
:106AF0000ADB0020E2E717EE100ADFE74FF400029E
:106B000042FA03F31C44CFE70029FFEE007A18BFD6
:106B100017EE900AD2E700BFFFFF7F00CAF249716B
:106B200000B52DED028B83B00190019B33F0004244
:106B300023D0B2F1FF4F15D2B2F5000F26D3D20DFC
:106B40000A44FE2A3CDC002A30DD23F0FF4343EAFE
:106B5000C25307EE903A17EE900A03B0BDEC028BD9
:106B60005DF804FB07EE900A77EEA77A17EE900A1D
:106B700003B0BDEC028B5DF804FBDDED017A17EE8E
:106B8000900A03B0BDEC028B5DF804FB9DED017A29
:106B9000DFED1E7A1E4B67EE277A9942CDED017A22
:106BA00020DB019BC3F3C752193AC9E712F1160F54
:106BB0001FDA4CF25033994202DC9FED168A01E055
:106BC0009FED158A019918EE100A00F031F807EED2
:106BD000900A67EE887A17EE900A03B0BDEC028B3C
:106BE0005DF804FBDFED0B7A9DED017A67EE277A05
:106BF000BCE7193223F0FF4343EAC2539FED077A03
:106C000007EE903A67EE877AB0E700BF0000004CCD
:106C1000B03CFFFF6042A20DCAF249710000003390
:106C200003F0004321F0004242EA0301704700BF35
:106C300001F0004120F000400843704710B5054CBA
:106C400013462CB10A4601460220AFF3008010BD66
:106C5000204610BD00000000014B1868704700BFBF
:106C60002800002008B5074B044613B10021AFF3FC
:106C70000080054B1868836A03B19847204600F0EE
:106C800051FF00BF00000000A499010070B50D4E37
:106C90000D4CA41BA4100025A54209D10B4E0C4C91
:106CA00001F060F8A41BA4100025A54205D170BD19
:106CB00056F8253098470135EEE756F825309847C5
:106CC0000135F2E7FC010020FC010020FC0100205E
:106CD0000C020020024B0146186800F06FBF00BF95
:106CE0002800002038B5074C002305460846114609
:106CF000236000F00FFF431C02D1236803B12B6017
:106D000038BD00BF7C0C0020084B37B51C68084D0F
:106D1000236A002B08BF2B46009313460A46014600
:106D2000204600F07DFF03B030BD00BF28000020EA
:106D30008C00002081F0004102E000BF83F000439E
:106D400030B54FEA41044FEA430594EA050F08BF06
:106D500090EA020F1FBF54EA000C55EA020C7FEACA
:106D6000645C7FEA655C00F0E2804FEA5454D4EB47
:106D70005555B8BF6D420CDD2C4480EA020281EA11
:106D8000030382EA000083EA010180EA020281EA49
:106D90000303362D88BF30BD11F0004F4FEA01319B
:106DA0004FF4801C4CEA113102D0404261EB4101AA
:106DB00013F0004F4FEA03334CEA133302D0524230
:106DC00063EB430394EA050F00F0A780A4F10104EC
:106DD000D5F1200E0DDB02FA0EFC22FA05F2801826
:106DE00041F1000103FA0EF2801843FA05F359410C
:106DF0000EE0A5F120050EF1200E012A03FA0EFC8B
:106E000028BF4CF0020C43FA05F3C01851EBE371B4
:106E100001F0004507D54FF0000EDCF1000C7EEBD1
:106E200000006EEB0101B1F5801F1BD3B1F5001F0F
:106E30000CD349085FEA30004FEA3C0C04F101042E
:106E40004FEA445212F5800F80F09A80BCF1004F57
:106E500008BF5FEA500C50F1000041EB045141EAD9
:106E6000050130BD5FEA4C0C404141EB010111F4DA
:106E7000801FA4F10104E9D191F0000F04BF014685
:106E80000020B1FA81F308BF2033A3F10B03B3F163
:106E900020020CDA0C3208DD02F1140CC2F10C02F3
:106EA00001FA0CF021FA02F10CE002F11402D8BF51
:106EB000C2F1200C01FA02F120FA0CFCDCBF41EA1D
:106EC0000C019040E41AA2BF01EB0451294330BDEC
:106ED0006FEA04041F3C1CDA0C340EDC04F11404C9
:106EE000C4F1200220FA04F001FA02F340EA0300A0
:106EF00021FA04F345EA030130BDC4F10C04C4F1E6
:106F0000200220FA02F001FA04F340EA03002946C5
:106F100030BD21FA04F0294630BD94F0000F83F40F
:106F2000801306BF81F480110134013D4EE77FEAF2
:106F3000645C18BF7FEA655C29D094EA050F08BF3E
:106F400090EA020F05D054EA000C04BF194610461F
:106F500030BD91EA030F1EBF0021002030BD5FEA63
:106F6000545C05D14000494128BF41F0004130BD8B
:106F700014F580043CBF01F5801130BD01F00045DF
:106F800045F0FE4141F470014FF0000030BD7FEA52
:106F9000645C1ABF194610467FEA655C1CBF0B464D
:106FA000024650EA013406BF52EA033591EA030F64
:106FB00041F4002130BD00BF90F0000F04BF00215C
:106FC000704730B54FF4806404F132044FF000058F
:106FD0004FF0000150E700BF90F0000F04BF002108
:106FE000704730B54FF4806404F1320410F000456E
:106FF00048BF40424FF000013EE700BF42004FEA69
:10700000E2014FEA31014FEA02701FBF12F07F43E5
:1070100093F07F4F81F06051704792F0000F14BFE2
:1070200093F07F4F704730B54FF4607401F0004526
:1070300021F0004120E700BF50EA010208BF70477D
:1070400030B54FF000050AE050EA010208BF704772
:1070500030B511F0004502D5404261EB41014FF4DB
:10706000806404F132045FEA915C3FF4DCAE4FF0DF
:1070700003025FEADC0C18BF03325FEADC0C18BFC6
:10708000033202EBDC02C2F1200300FA03FC20FA17
:1070900002F001FA03FE40EA0E0021FA02F1144464
:1070A000C1E600BF70B54FF0FF0C4CF4E06C1CEA79
:1070B00011541DBF1CEA135594EA0C0F95EA0C0FEE
:1070C00000F0DEF82C4481EA030621EA4C5123EA61
:1070D0004C5350EA013518BF52EA033541F4801190
:1070E00043F4801338D0A0FB02CE4FF00005E1FB43
:1070F00002E506F00042E0FB03E54FF00006E1FB8D
:1071000003569CF0000F18BF4EF0010EA4F1FF04CF
:10711000B6F5007F64F5407404D25FEA4E0E6D410F
:1071200046EB060642EAC62141EA55514FEAC52020
:1071300040EA5E504FEACE2EB4F1FD0C88BFBCF59C
:10714000E06F1ED8BEF1004F08BF5FEA500E50F14D
:10715000000041EB045170BD06F0004646EA010113
:1071600040EA020081EA0301B4EB5C04C2BFD4EB45
:107170000C0541EA045170BD41F480114FF0000E3E
:10718000013C00F3AB8014F1360FDEBF002001F0AC
:10719000004170BDC4F10004203C35DA0C341BDC26
:1071A00004F11404C4F1200500FA05F320FA04F0F8
:1071B00001FA05F240EA020001F0004221F000412C
:1071C00010EBD37021FA04F642EB06015EEA430E9F
:1071D00008BF20EAD37070BDC4F10C04C4F12005CF
:1071E00000FA04F320FA05F001FA04F240EA020082
:1071F00001F0004110EBD37041F100015EEA430E53
:1072000008BF20EAD37070BDC4F1200500FA05F272
:107210004EEA020E20FA04F301FA05F243EA0203F1
:1072200021FA04F001F0004121FA04F220EA020000
:1072300000EBD3705EEA430E08BF20EAD37070BD46
:1072400094F0000F0FD101F00046400041EB010126
:1072500011F4801F08BF013CF7D041EA060195F008
:10726000000F18BF704703F00046520043EB0303C2
:1072700013F4801F08BF013DF7D043EA06037047AF
:1072800094EA0C0F0CEA135518BF95EA0C0F0CD0BA
:1072900050EA410618BF52EA4306D1D181EA030100
:1072A00001F000414FF0000070BD50EA410606BFFA
:1072B0001046194652EA430619D094EA0C0F02D13F
:1072C00050EA013613D195EA0C0F05D152EA033684
:1072D0001CBF104619460AD181EA030101F00041A2
:1072E00041F0FE4141F470014FF0000070BD41F0EB
:1072F000FE4141F4780170BD70B54FF0FF0C4CF4C5
:10730000E06C1CEA11541DBF1CEA135594EA0C0FE3
:1073100095EA0C0F00F0A7F8A4EB050481EA030E30
:1073200052EA03354FEA013100F088804FEA033317
:107330004FF0805545EA131343EA12634FEA0222E5
:1073400045EA111545EA10654FEA00260EF00041A6
:107350009D4208BF964244F1FD0404F5407402D2F8
:107360005B084FEA3202B61A65EB03055B084FEA89
:1073700032024FF480104FF4002CB6EB020E75EB86
:10738000030E22BFB61A754640EA0C005B084FEAAE
:107390003202B6EB020E75EB030E22BFB61A75462B
:1073A00040EA5C005B084FEA3202B6EB020E75EB76
:1073B000030E22BFB61A754640EA9C005B084FEAEE
:1073C0003202B6EB020E75EB030E22BFB61A7546FB
:1073D00040EADC0055EA060E18D04FEA051545EAEA
:1073E00016754FEA06164FEAC30343EA52734FEA93
:1073F000C2025FEA1C1CC0D111F4801F0BD141EA0C
:1074000000014FF000004FF0004CB6E711F4801F70
:1074100004BF01430020B4F1FD0C88BFBCF5E06F50
:107420003FF6AFAEB5EB030C04BFB6EB020C5FEA60
:10743000500C50F1000041EB045170BD0EF0004EB5
:107440004EEA113114EB5C04C2BFD4EB0C0541EAE7
:10745000045170BD41F480114FF0000E013C90E6E4
:1074600045EA060E8DE60CEA135594EA0C0F08BFA8
:1074700095EA0C0F3FF43BAF94EA0C0F0AD150EAA7
:1074800001347FF434AF95EA0C0F7FF425AF10463A
:1074900019462CE795EA0C0F06D152EA03353FF462
:1074A000FDAE1046194622E750EA410618BF52EADF
:1074B00043067FF4C5AE50EA41047FF40DAF52EAB3
:1074C00043057FF4EBAE12E74FF0FF3C06E000BF50
:1074D0004FF0010C02E000BF4FF0010C4DF804CD5D
:1074E0004FEA410C7FEA6C5C4FEA430C18BF7FEA1D
:1074F0006C5C1BD001B050EA410C0CBF52EA430C4B
:1075000091EA030F02BF90EA020F0020704710F1CA
:10751000000F91EA030F58BF994208BF90422CBF59
:10752000D8176FEAE37040F0010070474FEA410C52
:107530007FEA6C5C02D150EA013C07D14FEA430C70
:107540007FEA6C5CD6D152EA033CD3D05DF8040BE1
:10755000704700BF8446104662468C461946634613
:1075600000E000BF01B5FFF7B7FF002848BF10F1EA
:10757000000F01BD4DF808EDFFF7F4FF0CBF01202F
:1075800000205DF808FB00BF4DF808EDFFF7EAFFAB
:1075900034BF012000205DF808FB00BF4DF808ED66
:1075A000FFF7E0FF94BF012000205DF808FB00BF5B
:1075B0004DF808EDFFF7CEFF94BF012000205DF8E5
:1075C00008FB00BF4DF808EDFFF7C4FF34BF0120F2
:1075D00000205DF808FB00BF4FEA410C7FEA6C5CBD
:1075E00002D150EA013C0AD14FEA430C7FEA6C5CBD
:1075F00002D152EA033C02D14FF0000070474FF035
:10760000010070474FEA410212F5001215D211D560
:107610006FF47873B3EB625212D94FEAC12343F08F
:10762000004343EA505311F0004F23FA02F018BF11
:10763000404270474FF00000704750EA013005D1DA
:1076400011F0004008BF6FF0004070474FF000009D
:10765000704700BF4A0011D212F5001211D20DD5A9
:107660006FF47873B3EB62520ED44FEAC12343F048
:10767000004343EA505323FA02F070474FF00000F2
:10768000704750EA013002D14FF0FF3070474FF0A1
:10769000000070474FEA4102B2F1E04324BFB3F566
:1076A000001CDCF1FE5C0DD901F0004C4FEAC00279
:1076B0004CEA5070B2F1004F40EB830008BF20F05D
:1076C0000100704711F0804F21D113F13872BCBF17
:1076D00001F00040704741F480114FEA5252C2F16C
:1076E0001802C2F1200C10FA0CF320FA02F018BFB5
:1076F00040F001004FEAC1234FEAD32303FA0CFC08
:1077000040EA0C0023FA02F34FEA4303CCE77FEA96
:10771000625307D150EA01331EBF4FF0FE4040F4E0
:107720004000704701F0004040F0FE4040F400008F
:10773000704700BF53B94AB9002908BF00281CBFD1
:107740004FF0FF314FF0FF3000F0DAB9ADF1080C27
:107750006DE904CE00F066F8DDF804E0DDE902230F
:1077600004B070472DE9F84382EAE274A4EBE274B6
:107770001546E20758BFDFF8609006460F4652BF35
:107780004FF0000880468946640832463B46304642
:10779000394613D0FFF786FCE30706460F46F3D5BC
:1077A0004046494632463B46FFF77CFC640880462B
:1077B000894632463B4630463946EBD1002D07DA42
:1077C00042464B4600200449FFF796FD8046894615
:1077D00040464946BDE8F8830000F03FD0B500229E
:1077E0000E4B06460F46FFF75DFCFFF733FF0446DE
:1077F000FFF7E2FB00220A4BFFF754FC02460B4660
:1078000030463946FFF79AFAFFF724FF2346002255
:1078100042EA000210461946D0BD00BF0000F03D0C
:107820000000F0412DE9F0478C460D460446089EC5
:10783000002B51D18A4217466DD9B2FA82FEBEF1B1
:10784000000F0BD0CEF1200C01FA0EF520FA0CFC43
:1078500002FA0EF74CEA050C00FA0EF44FEA174A4A
:10786000250CBCFBFAF81FFA87F90AFB18CC45EA8D
:107870000C4508FB09F3AB420AD9ED1908F1FF32B8
:1078800080F02381AB4240F22081A8F102083D4400
:10789000ED1AA4B2B5FBFAF00AFB105544EA054410
:1078A00000FB09F9A14509D9E41900F1FF3380F083
:1078B0000A81A14540F2078102383C44A4EB090447
:1078C00040EA08400021002E61D024FA0EF4002383
:1078D00034607360BDE8F0878B4207D9002E54D026
:1078E000002186E821000846BDE8F087B3FA83F15D
:1078F000002940F08E80AB4202D3824200F2FA802F
:10790000841A65EB03050120AC46002E3FD086E8C3
:107910001010BDE8F08712B90127B7FBF2F7B7FAEC
:1079200087FEBEF1000F34D1EB1B3A0C1FFA87FC27
:107930000121B3FBF2F8250C02FB183345EA03459D
:107940000CFB08F3AB4207D9ED1908F1FF3002D266
:10795000AB4200F2D1808046ED1AA3B2B5FBF2F043
:1079600002FB105543EA05440CFB00FCA44507D973
:10797000E41900F1FF3302D2A44500F2B8801846A2
:10798000A4EB0C0440EA08409DE731463046BDE8D0
:10799000F087CEF1200405FA0EF307FA0EF720FA6D
:1079A00004F83A0C25FA04F448EA0308B4FBF2F1AF
:1079B0004FEA184502FB11441FFA87FC45EA0445CB
:1079C00001FB0CF3AB4200FA0EF409D9ED1901F1F9
:1079D000FF3080F08A80AB4240F2878002393D441C
:1079E000EB1A1FFA88F5B3FBF2F002FB103345EAFD
:1079F000034500FB0CF3AB4207D9ED1900F1FF384A
:107A00006FD2AB426DD902383D44EB1A40EA0141D6
:107A10008FE7C1F1200722FA07F88B4005FA01F43D
:107A200048EA030320FA07FE4FEA134CFD404EEAF2
:107A3000040EB5FBFCF94FEA1E440CFB19551FFA66
:107A400083F844EA054509FB08F4AC4202FA01F266
:107A500000FA01FA08D9ED1809F1FF3043D2AC421F
:107A600041D9A9F102091D442D1B1FFA8EFEB5FB59
:107A7000FCF00CFB10554EEA054400FB08F8A0454D
:107A800007D9E41800F1FF3529D2A04527D90238DB
:107A90001C4440EA0940A4EB0804A0FB02894C45C1
:107AA000C6464D4615D312D056B1BAEB0E0364EB61
:107AB000050404FA07F7CB401F43CC4037607460DD
:107AC0000021BDE8F0871846F8E69046E0E6C2459A
:107AD000EAD2B8EB020E69EB03050138E4E7284669
:107AE000D7E7404691E78146BEE7014678E702388E
:107AF0003C4445E7084608E7A8F102083D442BE767
:107B0000704700BF024B58221A604FF0FF30704799
:107B10007C0C0020024B58221A604FF0FF30704757
:107B20007C0C0020FEE700BFF0F728BD10B5002850
:107B300014BF044601242046F0F7C6FE30B9FDF715
:107B40005DF908B900F00AF88047F4E710BD0B466C
:107B500001461846FFF772B8FFF7E8BF08B50620E0
:107B6000FFF7B8F80120FFF7DDFF10B50139024437
:107B7000904201D1002010BD10F8013B11F8014FD7
:107B8000A342F5D0181B10BD884210B501EB0203CB
:107B900003D8421E99420CD110BD9842F9D28118E7
:107BA000D21AD34200D110BD13F8014D01F8014D96
:107BB000F7E711F8014B02F8014FEBE71F2938B541
:107BC00004460D4604D9162303604FF0FF3038BD3C
:107BD000426C12B152F821304BB9204600F016F831
:107BE0002A4601462046BDE83840FFF77BB8012B06
:107BF0000AD0591C03D116230360012038BD00248C
:107C000042F8254028469847002038BDFFF77ABF44
:107C1000034613F8012B002AFBD1181A01387047CC
:107C20002DE9F84F8046894692461F468B465D46B1
:107C30000A9815F8014B00F073F82044467816F0C6
:107C400008060BD12D2C0BD12C7801260BF1020547
:107C500067B1102F14D1302C0AD011E0AB46E6E703
:107C60002B2C04BF2C780BF10205F1E7302C27D127
:107C70002B7803F0DF03582B4BD16C78102702359B
:107C8000002E0CBF6FF000414FF000410022B1FB0D
:107C9000F7FE104607FB1E1CA4F13003092B11D878
:107CA0001C46A7421DDD531C07D0864516D301D1C3
:107CB000A44513DB00FB0740012215F8014BEBE75D
:107CC0000A27DDE7A4F14103192B01D8373CE8E787
:107CD000A4F16103192B04D8573CE2E74FF0FF32BF
:107CE000EBE7531C08D12223C8F800300846BAF14C
:107CF000000F07D1BDE8F88F06B14042BAF1000F7E
:107D00000CD022B1013DCAF80050BDE8F88F4D46B5
:107D1000F9E73024002FB3D10827B1E7BDE8F88F89
:107D2000D0F8EC00704782B001B901A942B14BB163
:107D300013780B601278101C18BF012002B0704736
:107D40001046FBE76FF00100F8E749B1FF2A85BF55
:107D50008A2303600A704FF0FF3098BF01207047FC
:107D600008467047F8B500BFF8BC08BC9E4670478F
:107D7000F8B500BFF8BC08BC9E4670470000000084
:107D80001042000000A00100FE253191888660DAD3
:107D9000D553000039540000FD5400002D5500005B
:107DA000F5920000E9A20000818B0000798F0000AD
:107DB000858F00009D8F00008D6F0000918F000067
:107DC000DD8B0000598F0000817C00009D6F00005A
:107DD000157300003D720000ED7100004574000055
:107DE000C96C0000C56E0000D56E0000E96E000091
:107DF000056F0000C977000029770000017D0000B1
:107E0000597D0000F5AE0000F9AE0000C485010008
:107E1000948501001C85010064850100F485010042
:107E2000608601009086010054880100798B000073
:107E3000398C0000218A0000117F000015AF00007E
:107E40000DAF000011AF00002D7B00006179000034
:107E5000CD7900007170000085700000A5700000F1
:107E600031710000457100007D710000296B000038
:107E7000316F0000456F0000496F0000516F000036
:107E80005D6F0000656F0000756F00007D6F000082
:107E9000856F000015790000457900002D8C0000E9
:107EA0004990000075900000E5900000057F0000FB
:107EB0001D7F000035880000116900001D69000069
:107EC000756900007D6900007D6E0000896E00000C
:107ED000F5690000896B0000756D0000916B000072
:107EE000F16B0000B16C0000C16C0000F178000083
:107EF0008D740000B5740000DD740000357500005D
:107F000061750000197300001174000049730000CE
:107F100079730000A1730000C9730000E9730000C9
:107F20007D7A0000A57A0000C97A0000ED7A000091
:107F30000D7B0000F578000005790000A9770000AE
:107F4000B9770000C1750000116F0000E9750000ED
:107F5000A5760000B9760000CD760000E17600003D
:107F6000F576000009770000216F0000296F0000FE
:107F7000FDAE00008D6F00003DA100009D6F000070
:107F800005700000097000000D70000021700000F5
:107F90005570000059700000697000009171000078
:107FA0009D710000A1710000317C0000757D000012
:107FB0008D7D0000B17D0000017E0000217E00006B
:107FC000BD580000D1580000E5580000F9580000E5
:107FD0000D59000021590000355900004959000091
:107FE000359100005D9100007191000085910000C5
:107FF00099910000AD910000C1910000D591000061
:10800000C9590000CD590000E5590000F959000098
:10801000115A0000255A0000E15D00001D5F0000BC
:108020008D5A0000915A0000C15A0000ED5A00001C
:108030006D5B0000795B0000B95B00002D5C000007
:10804000455C00006D5C0000755C00006D8A0000FE
:10805000718A00003D5F0000415F00004D5F00003D
:10806000515F0000555F00005D5F0000615F000030
:10807000655F0000855F0000A15F0000C95F000030
:10808000CD5F0000D55F0000E95F0000F55F0000F4
:10809000F95F0000CD9A0000416D01008975010073
:1080A000C57501003D6D0100F9720100A570010068
:1080B000F5920000D5A20000FD9A0000999B0000F7
:1080C000CD9B0000E19B0000359C0000399C000026
:1080D000419C00004D9C0000559C00008D9D0000BF
:1080E0009D9D0000A59D0000C59D0000FD9D000018
:1080F000799E0000C59F00006DA0000071A00000E7
:1081000089A000008DA00000F195000009960000F4
:10811000199600002196000039960000559600003F
:10812000FD9600004597000061960000F5A1000053
:1081300059A2000071A2000079A20000C1A20000B3
:10814000C9A20000B9970000BD970000C9970000C0
:10815000CD970000C1A40000F1A4000029AD0000EB
:10816000EDAD0000F1AD000089AE000021E500009A
:1081700045E50000C9E5000011E6000069E60000E1
:1081800079E6000069E80000C1B20000C9B2000051
:10819000D1B20000E1B20000F9B20000D5BF00008A
:1081A00005B3000041B30000D5B6000069B300007C
:1081B000D1B300005DB7000009B9000021B900008B
:1081C00049B90000CDD0000055B90000BDB900008C
:1081D0001DCF0000A9D1000009BA0000F9BA0000C3
:1081E00031D20000B1CE000075CE00009DCE00005F
:1081F0002DD3000031BD00003DBE00001DBF0000BA
:1082000035BF000061D3000051D200000DF4000022
:1082100035F4000055F4000079F40000C5F40000C6
:1082200009F500000000000001000000000000004F
:108230000A000000000000006400000000000000D0
:10824000E80300000000000010270000000000000C
:10825000A08601000000000040420F000000000066
:10826000809698000000000000E1F5050000000085
:1082700000CA9A3B0000000000E40B54020000001A
:1082800000E87648170000000010A5D4E8000000C0
:1082900000A0724E1809000000407A10F35A000046
:1082A0004FBB610567ACDD3F182D4454FB21E93F0E
:1082B0009BF681D20B73EF3F182D4454FB21F93FFD
:1082C000E2652F227F2B7A3C075C143326A6813C83
:1082D000BDCBF07A8807703C075C143326A6913C2E
:1082E000000000000000E03F000000000000E0BFD0
:1082F0000000E0FE422EE63F0000E0FE422EE6BF18
:10830000763C7935EF39EA3D763C7935EF39EABD8F
:1083100000000000000000000000000000000080DD
:1083200000000040FB21F93F000000002D44743E96
:10833000000000809846F83C0000006051CC783B7B
:1083400000000080831BF0390000004020257A38AF
:10835000000000802282E336000000001DF3693532
:10836000000000000000304300000000000030C3A7
:108370000000000000000000455500004D550000C1
:108380003D160100751601005155000065550000AD
:108390004D060100BD05010005060100C1050100F3
:1083A0005D15010095160100C5090100757073691E
:1083B000646500006E6F726D616C0000636F6F72B8
:1083C00064696E6174652073706163653A20256429
:1083D000202F2025642C2025730000006163633A60
:1083E000206D6F756E74696E670000006163633A9B
:1083F000207573696E67205344412C2053434C0011
:108400006163633A206E6F2069326320617661692F
:108410006C61626C650000006163633A2064616DA9
:108420006167656420616363656C6572656F6D7417
:108430006572206F7220696E76616C6964204143B9
:1084400043454C45524F4D455445525F5459504554
:10845000000000006163633A20696E76616C6964B4
:1084600020414343454C45524F4D455445525F547E
:10847000595045006163633A206D6F756E74656491
:10848000000000006163633A206E6F7420646574BD
:1084900065637465640000006163633A2064657419
:1084A0006563746564202564000000003031323358
:1084B0003435363738396162636465660000000020
:1084C0006661696C656420747970652063686563B2
:1084D0006B20666F72202570204025700000000020
:1084E0005654202570202D206F626A7479706520A3
:1084F000256420636C6173734E6F20256400000057
:10850000756E68616E646C6564206578636570740F
:10851000696F6E2C2076616C75653A000C0003F96A
:1085200000000000010000000000000029620000BF
:10853000817C0000A564000015660000E96500006C
:10854000DD650000D1650000FD6500006D69737395
:10855000696E672070726F7065727479206F6E201B
:10856000257000000C0003F900000000010000006D
:108570000000000029620000817C00009964000076
:10858000196600006963000021660000256600008E
:10859000756300000C0003F90000000001000000FA
:1085A0000000000029620000817C00001D660000C0
:1085B000D1620000D9620000DD620000E1620000CB
:1085C000256300000C0003F900000000010000001A
:1085D0000000000029620000817C00002966000084
:1085E000B1620000B96200002D660000BD620000AB
:1085F000C16200000C0003F900000000010000004F
:108600000000000029620000817C00008D630000F2
:108610007D63000091630000A1630000A56300007A
:10862000A96300005B5265664F626A6563742076D9
:10863000743D257020636C3D256420737A3D25646C
:108640005D0000005B2573202570203D2025735DB3
:10865000000000005B4E61746976652025705D0046
:10866000080004F900000000030000000000000002
:1086700029620000817C000000000000B56300005A
:1086800000000000000000000000000000000000EA
:108690000C0002F9000000000200000000000000D1
:1086A00029620000817C000000000000B16300002E
:1086B00000000000000000000000000000000000BA
:1086C000C48501000700626F6F6C65616E00000079
:1086D000C48501000900756E646566696E65640095
:1086E000608601000000000000000000C485010059
:1086F00000000000C4850100080066756E6374699F
:108700006F6E0000C48501000900756E64656669BE
:108710006E656400C48501000800496E66696E6973
:1087200074790000C485010003004E614E00000012
:10873000C485010009002D496E66696E697479006F
:10874000C485010004006E756C6C0000C4850100D6
:108750000400747275650000C4850100050066613F
:108760006C736500C485010008005B4F626A656335
:10877000745D0000C48501000A005B46756E637479
:10878000696F6E5D00000000C485010006006E7513
:108790006D62657200000000C485010006006F6212
:1087A0006A65637400000000C485010006007374EC
:1087B00072696E67000000002D2D4D41524B000084
:1087C00052503A25702F25640000000052473A2588
:1087D000702F25640000000047432025642F256486
:1087E00020667265653B202564206D6178426C6F60
:1087F000636B0000474320626C6F636B20256462EB
:1088000020402025700000005265665265664C6F5E
:1088100063616C20257020763D25700052656643AB
:108820006F6C6C656374696F6E2025702073697A54
:10883000653D2564000000005265665265636F72F5
:10884000642025702073697A653D256420627974FF
:10885000657300000C0005F9000000000400000032
:10886000000000007D8B00009D8A0000F58900005B
:108870003D8A000000000000000000000000000031
:108880000000000076617269616E74206E6F742062
:10889000737570706F727465643A20257300000000
:1088A0005265664D61702025702073697A653D259B
:1088B000640000005365676D656E743A2025702C66
:1088C000206C656E6774683A2025642C2073697A81
:1088D000653A2025640000002D3E2025640000003C
:1088E0004572726F723A202564205B25645D00003A
:1088F000526566416374696F6E2025702070633D18
:1089000025582073697A653D25640000140004F938
:108910000000000008000000000000008D8A000038
:10892000CD8A0000098A00004D8A00000000000086
:10893000000000000000000000000000080004F932
:10894000000000000700000000000000898A00000D
:10895000BD8A0000018A0000498A00000000000072
:108960000000000000000000000000000C0004F9FE
:108970000000000006000000000000007D8A0000EA
:10898000698E0000ED890000398A000000000000B7
:10899000000000000000000000000000636F6D6D2B
:1089A000202564202D3E20257000000052532564B0
:1089B0003A25702F25640000756E6B6E6F776E0020
:1089C0002320257300000000232025733A20257002
:1089D000000000006932633A206C6F6F6B75702085
:1089E00064656661756C742070696E7300000000C8
:1089F0006932633A206D6F756E74696E67206F6EB1
:108A0000206E657720646576696365006932633A34
:108A100020666F756E64206578697374696E67206F
:108A20006932630000000000000000006197000050
:108A300065970000699700006D970000719700002E
:108A400079970000819700006E6F2070696E206337
:108A500066673A2025640000000000000000000066
:108A6000455500004D5500005D9C0000619C0000D4
:108A7000699C0000819C00000000000000000000D4
:108A800045550000D99C00005D9C0000619C0000E1
:108A9000A19C0000B99C0000616C6C6F63617465FF
:108AA0002054494D4552256400000000524553456D
:108AB0005420554943520A0010080000008000402D
:108AC0001109000000900040120A000000A00040C0
:108AD000131A000000A00140141B000000B0014068
:108AE00000000000000000000A444D4553473A0AC8
:108AF000000000000A0A0000000000000000000062
:108B000045550000251001005D9C0000619C00009F
:108B100081A3000095A30000ED0F010009110100E1
:108B200025A30000000000000000000045550000E3
:108B3000251001005D9C0000619C0000B1A30000B5
:108B4000C5A30000ED0F010081A4000039A40000BE
:108B5000000000000000000099AC000091A6000099
:108B6000F1A700003DA8000047EBF02D935A16C86E
:108B70000F1F3F0000030C0F30333C3FC0C3CCCF6E
:108B8000F0F3FCFF00112233445566778899AABBA5
:108B9000CCDDEEFF526566496D616765202570206A
:108BA00073697A653D256420782025640000000003
:108BB0000C0004F9000000000500000000000000A7
:108BC00019AF00001DAF0000E5890000358A0000E4
:108BD0000000000000000000000000000000000095
:108BE0004A44413A206D61676963206D69736D6124
:108BF0007463682025780000696E76616C69642072
:108C000073757065722D6672616D6520256420250F
:108C100064000000696E76616C696420737570652C
:108C2000722D6672616D652025642025642025649F
:108C3000000000000609090906040604040E0708DE
:108C400006010F0F080409060C0A091F081F010F6F
:108C5000100F08040E110E1F080402010E110E1150
:108C60000E0E110E040211000E1B1100018078116E
:108C7000807820003A010313800A29800A0000004E
:108C80002A2A2A20434F44414C2050414E49432038
:108C90003A205B25645D0000373448433A20776111
:108CA0006974696E672E2E2E000000003734484329
:108CB0003A20257800000000636F6E6669672074B3
:108CC0007970653A2025643B20636667303D2578DE
:108CD00020636667313D257800000000636F6E6693
:108CE00069677572652073637265656E3A204652D6
:108CF0004D435452313D2570204D414443544C3D29
:108D0000257020747970653D256400007363726579
:108D1000656E3A20256420782025642C206F6666D5
:108D20003D25642C256400000000000000000000C8
:108D30006DE800002DE9000075E8000005E900007D
:108D400072756E6E696E6720666C6173682046533B
:108D50002047433B206E65656465642025642C20B4
:108D60006C65667420256400474320646F6E653A25
:108D70002025642066726565000000006F75742010
:108D80006F6620737061636521206E65656465643C
:108D90003D256400666F726D617474696E672E2E76
:108DA0002E0000006D6F756E7465642C20656E6416
:108DB0003D2578206D6574613D2578206672656576
:108DC0003D257800636C656172696E672075736517
:108DD000722066696C657300666F6F626172000075
:108DE0000000000000000000F5F70000D1F70000CF
:108DF000EDF70000C9F70000E9F70000E1F7000017
:108E0000D9F7000030780000444D455347206C6985
:108E10006E6520746F6F206C6F6E67210A00000012
:108E2000250000003F3F3F000D0A00000000000049
:108E300000000000455500004D5500005D9C0000FD
:108E4000619C0000CD050100E50501004D06010013
:108E5000BD05010005060100C1050100C5050100B1
:108E6000C5050100C5090100000000000000000068
:108E7000850B0100750B01000000000000000000E0
:108E800045550000251001005D9C0000619C00001C
:108E9000F50F010009100100ED0F0100091101009B
:108EA000EF03038002CF0300C130ED04640312819D
:108EB000E803850078CB05392C003402F70120EA5D
:108EC000020000C00123C10110C5023E28C701866F
:108ED0003601083701003A0155B1020018B60308FF
:108EE0008227F20100260101E00F0F312B0C0E0842
:108EF0004EF1370710030E0900E10F000E140311A5
:108F00000731C148080F0C31360F1180782980785D
:108F1000000000000000000000000000C911010076
:108F20004D5500005D9C0000E526010091110100F7
:108F3000A9110100448F010004000000648F0100AA
:108F40000700000002000000000000000400000014
:108F500001000000080000000200000010000000F6
:108F600003000000C4090000700000008813000026
:108F7000600000001027000050000000204E00009C
:108F800040000000409C000030000000A08601006E
:108F90002000000040420F00100000000000000010
:108FA00000000000455500004D5500005915010016
:108FB00019140100E9130100FD1301000D13010054
:108FC00019130100211301002D13010035130100B5
:108FD0004D150100C509010002000401080200004E
:108FE000E204000000000000C409000008000000C6
:108FF0008813000010000000102700001800000077
:10900000204E0000200000008038010028000000F1
:10901000007102003000000000C4090038000000A8
:109020000000000000000000455500004D55000004
:109030003D16010075160100451601005916010084
:109040004D060100BD05010005060100C105010036
:109050005D15010095160100C50901004D505536FA
:1090600030353020696E69742025780000000000DA
:1090700000000000455500004D550000E5190100B5
:109080009117010061170100751701004D060100DD
:10909000BD05010005060100C1050100E917010039
:1090A000D9190100C50901000000000000000000FE
:1090B000F919010031F60000E5F900000000000098
:1090C00000000000111E0100E91A01006D1A0100E4
:1090D000091A0100751F0100E11F0100F8FFFFFFE1
:1090E00000000000455500004D5500005D9C00004B
:1090F000619C0000D91F0100F51F0100018078115B
:10910000807820003A0103E010021C071237322950
:109110002D29252B3900010310E110031D07062E10
:109120002C292D2E2E373F0000021013800A298093
:109130000A00000000000000000000009D27010060
:109140004D5500005D9C0000E5260100FD1F01005B
:109150001520010000000000000000009D28010013
:10916000B1280100FFFF0000000000000000000027
:10917000455500004D5500005D9C0000619C0000BD
:10918000612C0100792C01005D2C01004932432043
:1091900065727220257800004932432046524551BD
:1091A0003A202564000000000000000000000000DC
:1091B000C52C0100C9480100C9480100D14801007F
:1091C000D1480100152E0100D9480100A52E01004B
:1091D000092D01004E5246353250574D3A20496E06
:1091E00076616C69642073616D706C657261746521
:1091F00000000000000000000000000045550000D5
:109200004D5500005D9C0000619C00001D2F010079
:10921000552F0100F5310100F8FFFFFF00000000AD
:10922000093201000000000000000000A534010028
:1092300031350100E1320100C5360100713801000D
:10924000F9320100013301001133010045330100FF
:1092500051330100A1350100C1320100DD380100A8
:10926000C9320100D93301006133010079330100B3
:10927000D1320100D9320100153B0100F535010062
:1092800002000000040000000600000053504920C6
:10929000636F6E66696720646F6E6520663D25703A
:1092A000000000000000000000000000A93B0100D9
:1092B000953B0100253F01009D3E0100DD3E010080
:1092C0000000000000000000455500004D55000062
:1092D0005D9C0000619C000095410100AD410100D2
:1092E0006D0B0100593F01008D3F0100C93F010096
:1092F000E93F0100FD3F0100294001004D40010010
:109300006D4001009D400100D1400100F14001008D
:10931000114101005D410100553F010072656C6F14
:10932000636174652076746F7220746F20257820D5
:109330002D3E2025782025780000000000300040D8
:10934000030000000F000000004000400400000087
:109350000F00000000300240230000000C0000005D
:1093600000200040020000001000000000F0024059
:109370002F000000040000000080024028000000D0
:10938000100000000000000000000000C1480100C3
:10939000C9480100C9480100D1480100D148010075
:1093A00049490100D9480100E1490100F94801009B
:1093B0000000000000000000314B0100514C010092
:1093C0000000000000000000594C0100554C010055
:1093D000D54C0100FCFFFFFF00000000B94D01006B
:1093E00061636F730000000061636F7368000000C9
:1093F0006173696E000000006174616E68000000B6
:10940000636F73680000000065787000666D6F64BC
:10941000000000006C6F67006C6F67313000000067
:10942000706F770073696E6800000000737172746A
:10943000000000007371727466000000FB21F93FA8
:10944000FB2109407CD91240FB2119407A6A1F4058
:109450007CD92240BBFD2540FB2129403A462C40C7
:109460007A6A2F405C4731407CD932409C6B344053
:10947000BBFD3540DB8F3740FB2139401BB43A4000
:109480003A463C405AD83D407A6A3F404C7E404084
:109490005C4741406C1042407CD942408CA2434022
:1094A0009C6B4440AC344540BBFD4540CBC6464078
:1094B000DB8F4740EB584840FB21494083F9A2002D
:1094C000444E6E00FC291500D1572700DD34F5000D
:1094D00062DBC0003C999500419043006351FE005F
:1094E000BBDEAB00B761C5003A6E2400D24D42002E
:1094F0004906E00009EA2E001C92D100EB1DFE0097
:1095000029B11C00E83EA700F535820044BB2E00BF
:109510009CE98400B4267000417E5F00D69139003A
:10952000538339009CF439008B5F840028F9BD0017
:10953000F81F3B00DEFF97000F980500112FEF008A
:109540000A5A8B006D1F6D00CF7E360009CB2700B5
:10955000464FB7009E663F002DEA5F00BA277500B0
:10956000E5EBC7003D7BF100F739070092528A0016
:10957000FB6BEA001FB15F00085D8D0030035600F1
:109580007BFC4600F0AB6B0020BCCF0036F49A00A9
:10959000E3A91D005E619100081BE6008599650046
:1095A000A0145F008D40680080D8FF0027734D0035
:1095B00006063100CA561500C9A873007BE2600098
:1095C0006B8CC000000FC93F000F494000CB964094
:1095D000000FC9400053FB4000CB164100ED2F4166
:1095E000000F49410031624100537B41003A8A41FA
:1095F00000CB9641005CA34100EDAF41007EBC4131
:10960000000FC94100A0D5410031E24100C2EE4146
:109610000053FB4100F20342003A0A420083104229
:1096200000CB164200141D42005C234200A52942D3
:1096300000ED2F4200363642007E3C4200C74242D7
:10964000000F4942A2000000F90000008300000062
:109650006E0000004E0000004400000015000000F5
:1096600029000000FC000000270000005700000057
:10967000D1000000F500000034000000DD00000013
:10968000C0000000DB000000620000009500000048
:10969000990000003C000000430000009000000022
:1096A00041000000FE0000005100000063000000C7
:1096B000AB000000DE000000BB000000C5000000A1
:1096C00061000000B7000000240000006E000000F0
:1096D0003A000000420000004D000000D2000000EF
:1096E000E000000006000000490000002E0000001D
:1096F000EA00000009000000D10000009200000014
:109700001C000000FE0000001D000000EB00000037
:109710001C000000B100000029000000A7000000AC
:109720003E000000E800000082000000350000005C
:10973000F50000002E000000BB0000004400000007
:1097400084000000E90000009C00000070000000A0
:1097500026000000B40000005F0000007E00000052
:10976000410000003900000091000000D600000018
:1097700039000000830000005300000039000000A1
:10978000F40000009C000000840000005F00000066
:109790008B000000BD000000F90000002800000060
:1097A0003B0000001F000000F800000097000000D0
:1097B000FF000000DE00000005000000980000002F
:1097C0000F000000EF0000002F000000110000005B
:1097D0008B0000005A0000000A0000006D0000002D
:1097E0001F0000006D000000360000007E00000039
:1097F000CF00000027000000CB000000090000009F
:10980000B70000004F000000460000003F000000CD
:10981000660000009E0000005F000000EA000000FB
:109820002D0000007500000027000000BA000000B5
:10983000C7000000EB000000E5000000F1000000A0
:109840007B0000003D000000070000003900000020
:10985000F70000008A0000005200000092000000A3
:10986000EA0000006B000000FB0000005F00000049
:10987000B10000001F0000008D0000005D0000002E
:109880000800000056000000030000003000000047
:1098900046000000FC0000007B0000006B000000A0
:1098A000AB000000F0000000CF000000BC00000092
:1098B000200000009A000000F400000036000000C4
:1098C0001D000000A9000000E3000000910000005E
:1098D000610000005E000000E60000001B000000C8
:1098E00008000000650000009900000085000000ED
:1098F0005F00000014000000A000000068000000ED
:10990000400000008D000000FF000000D8000000B3
:10991000800000004D0000007300000027000000E0
:1099200031000000060000000600000015000000E5
:1099300056000000CA00000073000000A8000000EC
:10994000C900000060000000E20000007B00000091
:10995000C00000008C0000006B000000020000004E
:109960000300000004000000060000000000C93FE2
:109970000000F0390000DA370000A2330000842E26
:109980000000502B0000C2270000D0220000C41F9E
:109990000000C61B00004417040000000700000080
:1099A000090000002C0000204300504F534958008C
:1099B0002E000020202020202020202028282828B9
:1099C000282020202020202020202020202020208F
:1099D00020202088101010101010101010101010DF
:1099E00010101004040404040404040404101010EF
:1099F000101010104141414141410101010101019B
:109A00000101010101010101010101010101101028
:109A1000101010104242424242420202020202026E
:109A200002020202020202020202020202021010FA
:109A300010102000000000000000000000000000E6
:109A40000000000000000000000000000000000016
:109A50000000000000000000000000000000000006
:109A600000000000000000000000000000000000F6
:109A700000000000000000000000000000000000E6
:109A800000000000000000000000000000000000D6
:109A900000000000000000000000000000000000C6
:109AA00000000000000000000000000000000000B6
:089AB0000000000000000000AE
:089AB800A8B8FE7F01000000C8
:109AC00000000000A10D0C000101010180BA010F8E
:109AD00080BA010F0138FDD170470000FFFFFFFF82
:109AE000800C00200090D0032C000020000000001B
:109AF0000000000000000000000000000000000066
:109B00000000000000000000000000000000000055
:109B10000000000000000000000000000000000045
:109B20000000000000000000000000000000000035
:109B30000000000000000000000000000000000025
:109B400000000000000000000000000043000000D2
:109B50000000000000000000000000000000000005
:109B600000000000000000000000000043000000B2
:109B700000000000000000000000000000000000E5
:109B80000000000000000000000000004300000092
:109B900000000000000000000000000000000000C5
:109BA0000000000000000000000000004300000072
:109BB00000000000000000000000000000000000A5
:109BC0000000000000000000000000004300000052
:109BD0000000000000000000000000000000000085
:109BE0000000000000000000000000004300000032
:109BF0000000000000000000000000000000000065
:109C00000000000000000000000000004300000011
:109C10000000000000000000000000000000000044
:109C20000000000000000000000000004B7D01006B
:109C3000277D010000000000B2990100B0990100E9
:109C4000B1990100B1990100B1990100B1990100E8
:109C5000B1990100B1990100B1990100B1990100D8
:109C6000B1990100FFFFFFFFFFFFFFFFFFFFFFFFB5
:109C7000FFFF00000100415343494900000000007C
:109C800000000000000000000000000000000000D4
:109C9000000000000000415343494900000000005B
:109CA00000000000000000000000000000000000B4
:109CB0000000000000000000000403011953000030
:109CC000518A0000F1940000E9430100F5520000C0
:109CD0000000000000000000000000000000000084
:109CE0000000000000000000000000000000000074
:109CF0000000000000000000000000000000000064
:109D00000000000000000000000000000000000053
:109D10000000000000000000000000000000000043
:109D20000000000000000000000000000000000033
:109D30000000000000000000000000000000000023
:109D40000000000000000000000000000000000013
:109D50000000000000000000000000000000000003
:109D600000000000000000000000000000000000F3
:109D700000000000000000000000000000000000E3
:109D800000000000000000000000000000000000D3
:109D900000000000000000000000000000000000C3
:109DA00000000000000000000000000000000000B3
:109DB00000000000000000000000000000000000A3
:109DC0000000000000000000000000000000000093
:109DD0000000000000000000000000000000000083
:109DE0000000000000000000000000000000000073
:109DF0000000000000000000000000000000000063
:109E00000000000000000000000000000000000052
:109E10000000000000000000000000000000000042
:109E20000000000000000000000000000000000032
:109E30000000000000000000000000000000000022
:109E40000000000000000000000000000000000012
:109E50000000000000000000000000000000000002
:109E600000000000000000000000000000000000F2
:109E700000000000000000000000000000000000E2
:109E800000000000000000000000000000000000D2
:109E900000000000000000000000000000000000C2
:109EA00000000000000000000000000000000000B2
:109EB00000000000000000000000000000000000A2
:109EC0000000000000000000000000000000000092
:109ED0000000000000000000000000000000000082
:109EE0000000000000000000000000000000000072
:109EF0000000000000000000000000000000000062
:109F00000000000000000000000000000000000051
:109F10000000000000000000000000000000000041
:109F20000000000000000000000000000000000031
:109F30000000000000000000000000000000000021
:109F40000000000000000000000000000000000011
:109F50000000000000000000000000000000000001
:109F600000000000000000000000000000000000F1
:109F700000000000000000000000000000000000E1
:109F800000000000000000000000000000000000D1
:109F900000000000000000000000000000000000C1
:109FA00000000000000000000000000000000000B1
:109FB00000000000000000000000000000000000A1
:109FC0000000000000000000000000000000000091
:109FD0000000000000000000000000000000000081
:109FE0000000000000000000000000000000000071
:109FF0000000000000000000000000000000000061
:10A00000708E3B92C615A841C49866C975EE5197EB
:10A01000FE253191888660DA95004100F900E10063
:10A020007500555A88FC03000000010088F5030004
:10A030007BA40300A4720400D7A40300D42204006C
:10A0400054880100000000004DA0010000B5002070
:10A050003768786000203768B860032007218901DD
:10A06000376878506F467760ECF762FF01B4E249D9
:10A070006F467760ECF76CFF01BC6D218900376893
:10A080007850DE48112109013768785006204521B3
:10A0900089003768785001202721C9003768785037
:10A0A000D7486F467760EEF799FD01B4D54801B403
:10A0B000019801B408F02AF902B001BC1721090186
:10A0C00037687850CE486F467760EEF787FD01B469
:10A0D000CD4801B4019801B408F018F902B001BCF0
:10A0E000C02137687850C6486F467760EEF776FD36
:10A0F00001B4C64801B4019801B408F007F902B0F0
:10A1000001BC5B21890037687850BD486F46776095
:10A11000EEF764FD01B4BE4801B4019801B408F043
:10A12000F5F802B001BCC42137687850C92071210C
:10A130008900376878506F467760ECF799FF01B473
:10A1400063210D226F467760EDF718F800986221C1
:10A1500011226F467760EDF711F800987B21AD4A28
:10A160006F467760EDF70AF801BCE8213768785050
:10A170006F467760ECF77CFF01B4632119226F46CC
:10A180007760ECF7FBFF0098622119226F46776039
:10A19000ECF7F4FF00987B219F4A6F467760ECF75D
:10A1A000EDFF01BCEC21376878506F467760ECF723
:10A1B0005FFF01B463210D226F467760ECF7DEFF8D
:10A1C000009862210B226F467760ECF7D7FF00986A
:10A1D0007B21924A6F467760ECF7D0FF01BC37686D
:10A1E00038670A203768F8608D4801B420F0E4FB36
:10A1F0006F467760EBF7B2FE01B08A4801B420F0F9
:10A20000EEFB6F467760F4F7DFF901B015F0BEFAA8
:10A210003768B86784487321890037687850834865
:10A220001D2109013768785017F0B2FE80486F464B
:10A230007760EEF7D3FC01B4092001B40B2001B420
:10A24000029801B417F00CFD03B001BCA0213768DF
:10A25000785077486F467760EEF7C0FC01B40B206A
:10A2600001B40D2001B4029801B417F0F9FC03B059
:10A2700001BC9C21376878506D486F467760EEF7D7
:10A28000ADFC01B45F2001B4032001B4029801B415
:10A2900017F0E6FC03B001BCA4213768785064488D
:10A2A0006F467760EEF79AFC01B4632001B4052095
:10A2B00001B4029801B417F0D3FC03B001BC94219F
:10A2C000376878505A486F467760EEF787FC01B4DC
:10A2D000612001B4072001B4029801B417F0C0FC5A
:10A2E00003B001BCB0213768785051486F467760A1
:10A2F000EEF774FC01B4652001B4092001B40298A2
:10A3000001B417F0ADFC03B001BCB421376878503C
:10A3100047486F467760EEF761FC01B4672001B4EF
:10A320000F2001B4029801B417F09AFC03B001BCED
:10A33000DC21376878503F486F467760EEF74EFC77
:10A3400001B40120404201B4012001B4029801B4DB
:10A3500017F086FC03B001BC3768386142206721E2
:10A3600089003768785003200002E93065218900B0
:10A37000376878503D203321C9003768785017F08E
:10A3800051FC3768786117F04DFC3768B86117F0F9
:10A3900049FC3768F861284801B417F02DFC01B07A
:10A3A00037683862002037687862244801B417F0B3
:10A3B000DFFB01B0224801B417F096FB01B0214841
:10A3C0006F467760EEF70AFC01B4032001B40198F0
:10A3D00001B403F0D1FE02B001BCE021376878502F
:10A3E0006F467760ECF7A4FD3768F8630A202121F7
:10A3F000C900376828E0000040F702006423040029
:10A4000060C60300341D0400601D0400741D0400B8
:10A41000901D040030240400D03804008042040061
:10A4200014AA010010460400B01D0400BC1D040065
:10A4300044BF03007CC003001C2304007CAA01006D
:10A440002CAB0100F8CD030078500A205D21890073
:10A450003768785000203768F86200203768386322
:10A4600000203768786300203768B8630A204F21DE
:10A4700089003768785017F015FB17F0F9FA37683C
:10A48000F86B01B420F0BEFAE0496F467760ECF754
:10A490005FFD01B0DE486F467760F2F761FF376815
:10A4A0003864DC486F467760F2F75AFF37687864A3
:10A4B000D9486F467760F2F753FF3768B864D748DA
:10A4C0006F467760F2F74CFF3768F864D4486F4600
:10A4D0007760F2F745FF37683865D2486F46776096
:10A4E000F2F73EFF37687865CF486F467760F2F73E
:10A4F00037FF3768B865CD486F467760F2F730FFB1
:10A500003768F865CA486F467760F2F729FF376801
:10A510003866C8486F467760F2F722FF376878667A
:10A52000C5486F467760F2F71BFF3768B8660320AF
:10A53000632189003768785011203121C9003768BC
:10A5400078503768386F3768F8663768B86F01B485
:10A5500020F06BFA6F467760F0F7B6FE01B021F09D
:10A5600044FC01B43768F86E01B4622120F066FA49
:10A5700001B0052121F0ACFB01B4019800996F46B0
:10A580007760ECF7D7FF02B001B46F467760EDF764
:10A590009DF801B0032121F0ABFB3768786737687D
:10A5A000B86F01B420F041FA6F467760F0F788FE8B
:10A5B00001B021F01AFC112121F09AFB01B4376897
:10A5C000F86E01B4632120F039FA01B001B40198AA
:10A5D00000996F467760ECF7ADFF02B001B46F46AB
:10A5E0007760EDF773F801B03768F867934801B406
:10A5F00015F05AF801B0924801B420F05DFA01B0AC
:10A6000047218900376878508E486F467760EEF7AB
:10A61000E5FA01B4792001B4012001B4292001B484
:10A62000039801B40AF006FE04B001BC09214901F7
:10A630003768785084486F467760EEF7CFFA01B4F8
:10A64000002001B4019801B414F00CFF02B001BC69
:10A650008021376878507D484921890037687850D3
:10A660007B486F467760EEF7B9FA01B4794801B4D8
:10A670001F200002413001B4512001B4152001B463
:10A68000049801B40CF022F805B001BC59218900EE
:10A69000376878506E486F467760EEF79FFA01B4DE
:10A6A0006D4801B417200002713001B4652001B477
:10A6B0001F2001B4049801B40CF008F805B001BCE7
:10A6C000B8213768785065486F467760EEF786FAAC
:10A6D00001B4634801B4C92001B4029801B40AF07E
:10A6E000C5F903B001BC2321C900376878505B4825
:10A6F0006F467760EEF772FA01B45A4801B4FB2056
:10A7000001B4029801B40AF0B1F903B001BC2D21E3
:10A71000C9003768785054486B21890037687850F1
:10A7200052486F467760EEF759FA01B4504801B4C9
:10A73000019801B411F084FC02B001BC3521C900BC
:10A74000376878504B4801B417F012FA01B04A4804
:10A7500001B417F0C9F901B0484801B414F07AFE09
:10A7600001B014F057FE464801B420F038F96F46A6
:10A770007760F2F7F5FD01B08C21376878504148D9
:10A7800001B4414801B414F003FE02B03F4801B4E3
:10A790003F4801B414F0FCFD02B03E4801B43E480D
:10A7A00001B414F0F5FD02B017F03CFA90213768BF
:10A7B00078503A4801B410200002033001B49420CC
:10A7C0003768385801B414F03DFD03B0344801B483
:10A7D00010200002033001B49C203768385801B4BF
:10A7E00014F030FD03B02F4801B4102000020330F4
:10A7F00001B4A0203768385801B414F023FD03B029
:10A80000294801B41020000250E00000DCF80200EA
:10A81000B4480400944B0400744E040054510400E6
:10A8200064530400745504008457040094590400D0
:10A83000A45B0400B45D0400C45F040098F402004B
:10A84000A05C0200E0DB0300B4C10300402304006D
:10A85000D4DA030004920200044F0200CCD70300B4
:10A86000004702009C900200BC1F040090E9030016
:10A87000682004000CAC0100C8AC010030F40200F8
:10A880004462040094AD010080200400E4AD0100A6
:10A89000FC0A0400D4B20100B422040004B3010095
:10A8A00048B301008CB30100D0B30100033001B400
:10A8B000A4203768385801B414F0C4FC03B0CB4866
:10A8C00001B4152001B43768786901B414F076FB3F
:10A8D00003B0C74801B410200002033001B4B02017
:10A8E0003768385801B414F0ADFC03B0C14801B466
:10A8F00010200002033001B4B4203768385801B486
:10A9000014F0A0FC03B0BC4801B40BF007FF01B089
:10A91000BA4801B43768B86901B43768786901B4D6
:10A920000AF0F8F903B0B64801B4052001B437685D
:10A93000786901B414F042FB03B00620C8213768DF
:10A9400078506F467760ECF7F3FACC21376878508F
:10A95000062069218900376878506F467760ECF7E8
:10A96000E7FA0D214901376878500620BC21376885
:10A9700078500120A82137687850062041218900AD
:10A980003768785006200121090237687850062080
:10A99000FC21376878500620F82137687850062067
:10A9A000F421376878500620F02137687850062067
:10A9B0009821376878500120AC213768785006F02C
:10A9C000E3F80320AC213768785011F017FA07201C
:10A9D00001B406F033F801B0012001B403F0C0FB6C
:10A9E00001B0884801B403F099FB01B00F200002C8
:10A9F000A1302E210902E1316F467760ECF7F4FDBA
:10AA00000346814801B408B401F0D4FD02B000202F
:10AA100000BD0000548801000000000021AA0100D0
:10AA200000B542206F467760ECF7D0FF002823D0B6
:10AA30000A203768F86001200002913001B417F055
:10AA4000B7FB01B03768F8686F467760ECF7BEFF78
:10AA50006F467760ECF734F96F467760ECF752FA9F
:10AA60006F467760ECF7B2FF002804D017F088FB40
:10AA700042203768F860D4E7002000BD5488010008
:10AA80000000000089AA0100012C06DA00B520F0C0
:10AA900031F800F002F801B000BD00B53768786AFF
:10AAA0006F467760ECF792FF00283DD03768B86AB0
:10AAB0006F467760ECF78AFF6F467760ECF700F936
:10AAC0006F467760ECF71EFA6F467760ECF77EFF13
:10AAD000002805D06F467760ECF72AFA3768B8622D
:10AAE0006F467760ECF7C4FA01B4C72149003768B4
:10AAF0007A6A6F467760ECF741FB0098AB2149001A
:10AB0000029A6F467760ECF739FB3768B86A01B490
:10AB1000019801B41FF0F2FF6F467760ECF718FA66
:10AB200003B0002037687862002000BD548801001F
:10AB30000000000039AB010000B5002001B401B4F1
:10AB400016F0C6FF00900020376878623768B86A50
:10AB500001B46F467760ECF703FF002802D100983C
:10AB600001B00EE00098009801B03768B86A01B4EF
:10AB70001FF048FF6F467760ECF7E4F901B021F071
:10AB800034F96F467760ECF721FF00282BD0376847
:10AB9000B86A01B41FF036FF6F467760ECF7DEF954
:10ABA00001B00190019801B4AB2149001FF046FFAC
:10ABB00001B0009921F075F909D0019801B4C721BD
:10ABC00049001FF03BFF01B0376878620BE037683F
:10ABD000B86A01B4029801B41FF090FF6F46776025
:10ABE000ECF7B6F902B0002002B000BDECB30100F2
:10ABF00044B40100C4B40100F0B4010024B5010064
:10AC000094B5010038B6010094B7010054880100E2
:10AC10000000000019AC0100012C06DA00B51FF09D
:10AC200069FF00F002F801B000BD00B5842037686C
:10AC300038586F467760ECF7C9FE002842D088206C
:10AC4000376838586F467760ECF7C0FE6F4677601C
:10AC5000ECF736F86F467760ECF754F96F4677609B
:10AC6000ECF7B4FE002806D06F467760ECF760F989
:10AC70008821376878506F467760ECF7F9F901B4AE
:10AC8000C721490084223768BA586F467760ECF7CD
:10AC900075FA0098AB214900029A6F467760ECF78D
:10ACA0006DFA88203768385801B4019801B41FF054
:10ACB00025FF6F467760ECF74BF903B00020842145
:10ACC00037687850002000BD548801000000000063
:10ACD000D5AC010000B5002001B401B416F0F8FEB7
:10ACE00000900020842137687850882037683858D1
:10ACF00001B46F467760ECF733FE002802D100986C
:10AD000001B00FE00098009801B0882037683858EB
:10AD100001B41FF077FE6F467760ECF713F901B0CE
:10AD200021F063F86F467760ECF750FE00282ED0D4
:10AD300088203768385801B41FF064FE6F4677608A
:10AD4000ECF70CF901B00190019801B4AB21490076
:10AD50001FF074FE01B0009921F0A3F80AD0019809
:10AD600001B4C72149001FF069FE01B08421376892
:10AD700078500CE088203768385801B4029801B444
:10AD80001FF0BCFE6F467760ECF7E2F802B00020DF
:10AD900002B000BD5488010000000000A1AD010018
:10ADA000012C06DA00B51FF0A5FE00F002F801B094
:10ADB00000BD00B5019801B414F05CFA01B001B413
:10ADC0000146C8486F467760ECF792FD002801D035
:10ADD00001B001E001BC03E08C203768385800E086
:10ADE000062000BD5488010000000000F1AD010004
:10ADF000012C06DA00B51FF07DFE00F002F801B06C
:10AE000000BD00B5019801B414F034FA01B001B4EA
:10AE10000146B5486F467760ECF76AFD002801D01F
:10AE200001B041E1B14800996F467760ECF760FDF1
:10AE3000002801D001B03DE1AD4800996F46776030
:10AE4000ECF756FD002801D001B039E1A94800997E
:10AE50006F467760ECF74CFD002801D001B035E17A
:10AE6000A54800996F467760ECF742FD002801D0B5
:10AE700001B031E1A14800996F467760ECF738FDE9
:10AE8000002801D001B07BE19D4800996F467760B2
:10AE9000ECF72EFD002801D001B077E19948009928
:10AEA0006F467760ECF724FD002801D001B073E114
:10AEB000954800996F467760ECF71AFD002801D09D
:10AEC00001B06FE1914800996F467760ECF710FD93
:10AED000002801D001B06BE18D4800996F46776082
:10AEE000ECF706FD002801D001B067E18948009920
:10AEF0006F467760ECF7FCFC002801D001B063E1FD
:10AF0000854800996F467760ECF7F2FC002801D085
:10AF100001B05FE1814800996F467760ECF7E8FC8B
:10AF2000002801D001B05BE17D4800996F46776051
:10AF3000ECF7DEFC002801D001B057E17948009918
:10AF40006F467760ECF7D4FC002801D001B053E1E4
:10AF5000754800996F467760ECF7CAFC002801D06D
:10AF600001B04FE1714800996F467760ECF7C0FC83
:10AF7000002801D001B04BE16D4800996F46776021
:10AF8000ECF7B6FC002801D001B047E16948009910
:10AF90006F467760ECF7ACFC002801D001B043E1CC
:10AFA000654800996F467760ECF7A2FC002801D055
:10AFB00001B03FE1614800996F467760ECF798FC7B
:10AFC000002801D001B03BE15D4800996F467760F1
:10AFD000ECF78EFC002801D001B037E15948009908
:10AFE0006F467760ECF784FC002801D001B033E1B4
:10AFF000554800996F467760ECF77AFC002801D03D
:10B0000001B02FE1514800996F467760ECF770FC72
:10B01000002801D001B02BE14D4800996F467760C0
:10B02000ECF766FC002801D001B027E149480099FF
:10B030006F467760ECF75CFC002801D001B023E19B
:10B04000454800996F467760ECF752FC002801D024
:10B0500001B01FE1414800996F467760ECF748FC6A
:10B06000002801D001B01BE13D4800996F46776090
:10B07000ECF73EFC002801D001B017E139480099F7
:10B080006F467760ECF734FC002801D001B013E183
:10B09000354800996F467760ECF72AFC002801D00C
:10B0A00001B00FE101BC13E130486F467760F2F761
:10B0B00057F90EE12E486F467760F2F751F908E133
:10B0C0002C486F467760F2F74BF902E12A486F4649
:10B0D0007760F2F745F9FCE028486F467760F2F7B1
:10B0E0003FF9F6E08C200400A4200400B420040002
:10B0F000C4200400D4200400E4200400F420040050
:10B10000042104001421040024210400342104003B
:10B11000442104005421040064210400742104002B
:10B120008421040094210400A4210400B42104001B
:10B13000C4210400D4210400E4210400F42104000B
:10B1400004220400142204002422040034220400F7
:10B1500044220400542204006422040074220400E7
:10B160008422040094220400A4220400D462040077
:10B1700064630400F4630400846404001465040040
:10B18000B7486F467760F2F7EBF8A2E0B5486F4634
:10B190007760F2F7E5F89CE0B3486F467760F2F726
:10B1A000DFF896E0B1486F467760F2F7D9F890E0A3
:10B1B000AF486F467760F2F7D3F88AE0AD486F4644
:10B1C0007760F2F7CDF884E0AB486F467760F2F72E
:10B1D000C7F87EE0A9486F467760F2F7C1F878E0DB
:10B1E000A7486F467760F2F7BBF872E0A5486F4654
:10B1F0007760F2F7B5F86CE0A0486F467760F2F739
:10B20000AFF866E0A0486F467760F2F7A9F860E013
:10B210009A486F467760F2F7A3F85AE09B486F466A
:10B220007760F2F79DF854E099486F467760F2F73F
:10B2300097F84EE097486F467760F2F791F848E04C
:10B2400095486F467760F2F78BF842E093486F4677
:10B250007760F2F785F83CE091486F467760F2F747
:10B260007FF836E08F486F467760F2F779F830E084
:10B270008D486F467760F2F773F82AE08B486F4687
:10B280007760F2F76DF824E089486F467760F2F74F
:10B2900067F81EE082486F467760F2F761F818E0C1
:10B2A00075486F467760F2F75BF812E081486F46A9
:10B2B0007760F2F755F80CE07F486F467760F2F759
:10B2C0004FF806E07D486F467760F2F749F800E0F6
:10B2D000062000BD5488010000000000E1B201001A
:10B2E000012C06DA00B51FF005FC00F002F801B0F1
:10B2F00000BD00B5019801B413F0BCFF01B00620F9
:10B3000000BD0000548801000000000011B30100DE
:10B3100000B5072001B498203768385801B413F0FD
:10B320004AFF02B06F467760ECF750FB002808D068
:10B33000634801B498203768385801B413F001FF0E
:10B3400002B0002000BD0000548801000000000091
:10B3500055B3010000B5072001B49820376838586C
:10B3600001B413F028FF02B06F467760ECF72EFBB4
:10B37000002808D0524801B498203768385801B4E2
:10B3800013F0DFFE02B0002000BD00005488010071
:10B390000000000099B3010000B5072001B4982017
:10B3A0003768385801B413F006FF02B06F46776073
:10B3B000ECF70CFB002808D0414801B4982037680E
:10B3C000385801B413F0BDFE02B0002000BD0000EB
:10B3D0005488010000000000DDB3010000B5012029
:10B3E000A82137687850002000BD00005488010073
:10B3F00000000000F9B30100012C06DA00B51FF0CF
:10B4000079FB00F002F801B000BD00B5AC20376850
:10B410003858072120F0F5FC0BD0AC20376838589D
:10B42000032120F055FCAC213768785010F0E6FC81
:10B4300006E0002001B4422001B40BF0CBFB02B0C7
:10B44000002000BD548801000000000051B401003C
:10B4500000B50320A82137687850002000BD000007
:10B46000A465040034660400C46604005467040044
:10B47000E467040074680400046904004462040082
:10B4800094690400246A0400B46A0400446B040054
:10B49000D46B0400646C0400F46C0400846D04003C
:10B4A000F4630400B46E0400446F0400D46F04001D
:10B4B00064700400F47004008471040014720400C9
:10B4C000F3FEFFFF5488010000000000D1B401002A
:10B4D00000B5052001B40BF055F901B001B402200C
:10B4E0000002BB3001B40BF01DFA02B0002000BD19
:10B4F0005488010000000000FDB4010000B50320E5
:10B500000002E93001B416F053FE01B0B8203768EC
:10B51000385801B40A2001B40BF05CFB02B00020E3
:10B5200000BD0000548801000000000031B501009A
:10B53000022C06DA00B51FF0E7FA00F002F802B0BC
:10B5400000BD00B5002001B4002001B4049801B48E
:10B5500008F015FF03B0032001B408F0D9FE01B0D4
:10B560000298BC213768795820F09BFC04D0032056
:10B5700001B408F09FFE01B001200002FF3001B4C9
:10B58000C0203768385801B406F0DFFE02B0002052
:10B5900000BD00005488010000000000A1B50100BA
:10B5A000012C06DA00B51FF0A5FA00F002F801B090
:10B5B00000BD00B50120404201B408F07BFE01B09F
:10B5C000C92001B416F0F4FD01B006F0ABFE012174
:10B5D00020F02BFC14D001200002FF3001B4C42065
:10B5E0003768385801B406F0B0FE02B0132001B439
:10B5F00098203768385801B405F0ECFE02B019E025
:10B60000A82037683858032120F04BFC09D00F20C0
:10B6100001B498203768385801B405F0D3FE02B061
:10B6200008E0112001B498203768385801B405F0BB
:10B63000C9FE02B0002000BD5488010000000000D7
:10B6400045B6010000B506F06DFE012120F0EDFBCE
:10B6500000D19CE098203768385801B401B40198B3
:10B6600001B402F01CFA01B00027019701B4652073
:10B6700001B402F041FA01B001B40198009920F040
:10B6800027FB02B001B406BC02B404B402F07DF999
:10B6900003B098203768385801B413F070FD01B03A
:10B6A000012120F026FC28D0A82037683858032133
:10B6B00020F0F7FB10D098203768385801B4C44800
:10B6C0006F467760F1F74CFE01B406BC02B404B4D7
:10B6D00001F085FE02B00FE098203768385801B4B9
:10B6E000BC486F467760F1F73BFE01B406BC02B47C
:10B6F00004B401F074FE02B049E0B0203768385855
:10B7000001B424211FF009FA01B06F467760ECF70D
:10B710005DF9002809D0012001B498203768385815
:10B7200001B405F04FFE02B031E0A420376838586C
:10B7300001B424211FF0F1F901B06F467760ECF7F6
:10B7400045F9002809D0072001B4982037683858F7
:10B7500001B405F037FE02B019E0A8203768385868
:10B76000032120F09EFB09D0032001B49820376804
:10B77000385801B405F026FE02B008E0052001B4F7
:10B7800098203768385801B405F01CFE02B000203C
:10B7900000BD00005488010000000000A1B70100B6
:10B7A00000B5CC203768385801B4CC2037683858F9
:10B7B00001B41FF027F96F467760EBF7C3FB01B0C8
:10B7C00020F013FB032120F093FA01B4009901202B
:10B7D0006F467760EBF708FF01B001B4019800995C
:10B7E0001EF0C1FE02B00346032001B408B400F00D
:10B7F0006FF902B0C82137687850422001B4382070
:10B800000002013001B4C8203768385801B400F094
:10B810002AF903B0422001B4092001B4C8203768D6
:10B82000385801B400F01FF903B06320404201B45E
:10B83000C8203768385801B401210902BD311FF012
:10B840007EF902B0C8203768385801B400F05AF8C1
:10B8500001210902413120F03BFA01B41520A12158
:10B860006F467760EBF7C0FE01B40EBC02B404B4BF
:10B8700008B400F060F803B01320404201B4C820BF
:10B880003768385801B400F00CF802B0002000BD51
:10B89000022C0BDA00B51FF037F900F007F802B000
:10B8A00000BD774600981FF086F9BE4600B50198A6
:10B8B00001B4039801B416F09FF901B001B40198E6
:10B8C0000099416102B0002000BD0000012C0BDA9C
:10B8D00000B51FF00FF900F007F801B000BD774682
:10B8E00000981FF068F9BE4600B50198406901B4A0
:10B8F0000221090201316F467760EBF71BFE01B0B0
:10B9000000BD000000B5002001B416F0E1F8009081
:10B9100000981FF05EF9006A1FF069F9C06801B075
:10B9200000BD0000032C0BDA00B51FF06EF900F02B
:10B9300007F803B000BD774600981FF03CF9BE46FB
:10B9400000B5002001B416F0C3F81FF042F9C06939
:10B950000090009801B4039801B4059801B40598CB
:10B9600001B402F0A1F801B001B40198009920F0EF
:10B97000BFF902B001B416F03FF901B001B4079865
:10B9800001B4069801B400F02CF801B001B401989C
:10B99000009920F0ADF902B001B416F02DF901B014
:10B9A00001B41EBC02B404B408B410B42C211FF0BE
:10B9B0003AF904B0002001B000BD0000012C10DAFB
:10B9C00000B51FF097F800F00CF801B000BD0000C2
:10B9D000E467040074680400774600981FF0EBF8F1
:10B9E000BE4600B50198006901B402210902013187
:10B9F0006F467760EBF79EFD01B001B40298806C52
:10BA000001B41FF012F86F467760EFF75DFC01B0EC
:10BA100020F0EBF901B405216F467760EBF78AFD62
:10BA200001B001B40198009920F052F902B000BDB4
:10BA3000042C0BDA00B51FF008F900F007F804B089
:10BA400000BD774600981FF013F9BE4600B50020F0
:10BA500000BD0000032C0BDA00B51FF0D6F800F093
:10BA600007F803B000BD774600981FF0A4F8BE4663
:10BA700000B503986F467760EBF7A8FF00280DD05C
:10BA8000019801B401B40198406E049920F04DF979
:10BA900001B401980099416603B017E0019801B420
:10BAA0000298406E01B46F467760EBF78DFC01B0F1
:10BAB000039920F03AF901B46F467760EBF784FC04
:10BAC00001B001B401980099416602B0002000BDA8
:10BAD00000B5002001B401B415F0FAFF0090C5488C
:10BAE0006F467760EDF77AF801B4049801B40198D5
:10BAF00001B400F0FDFA02B001BC0190049801B459
:10BB0000029801B400F017F902B000981FF061F834
:10BB1000C0690346019801B408B424211FF083F8DA
:10BB200002B00120B4496F467760EDF729F801B4FF
:10BB30000021059A6F467760EBF772FA0120AF4952
:10BB40006F467760EDF71CF801B40021039A6F4649
:10BB50007760EBF765FA02981FF03BF8C06A03467E
:10BB6000019801B408B400F049F802B00027019729
:10BB7000034601BC01B001B408B400F08BF802B078
:10BB8000019802B000BD00005488010000000000D0
:10BB900095BB0100012C06DA00B51EF0ABFF00F0EA
:10BBA00002F801B000BD00B501981FF071F84068BF
:10BBB00001B4E86801B4019800996F467760EBF72B
:10BBC00099FE02B000BD0000548801000000000092
:10BBD000D5BB0100012C06DA00B51EF08BFF00F08A
:10BBE00002F801B000BD00B5E86801B4029801B4E4
:10BBF000BB211FF05BF802B0002000BD00B50020A3
:10BC000001B401B401B401B46F467760EBF790F969
:10BC10000090059801B41EF0F5FE6F467760EBF7D3
:10BC200091F901B020F0E1F8019001200290029812
:10BC3000019920F0E6F82AD0059801B4039801B4E0
:10BC4000019800991EF08FFC02B00390069801B491
:10BC5000039801B4059801B402981FF087F803B067
:10BC60006F467760EBF7B2FE00280AD0009801B467
:10BC7000049801B41EF042FF6F467760EBF768F955
:10BC800002B00298032120F023F80290CFE7009839
:10BC900004B000BD00B5002001B401B4039801B4A4
:10BCA0001EF0B0FE6F467760EBF74CF901B020F064
:10BCB0009CF80090012001900198009920F0A1F8D3
:10BCC0001AD0049801B4049801B4039801B40198FF
:10BCD00000991EF048FC02B001B406BC04B40298FE
:10BCE00001B402B402981FF041F803B00198032197
:10BCF0001FF0EEFF0190DFE7002002B000BD000062
:10BD0000022C0BDA00B51EF0FFFE00F007F802B0BF
:10BD100000BD774600981EF0ABFFBE4600B5002080
:10BD200000BD0000022C0BDA00B51EF0EDFE00F0A5
:10BD300007F802B000BD774600981EF03CFFBE46F3
:10BD400000B5002001B401B4049801B400216F468D
:10BD50007760EBF7CFFD01B001B46F467760EBF78A
:10BD6000FFFD002802D0009801B00EE00098009876
:10BD700001B00398006B01B4059801B401980099D3
:10BD80006F467760EBF710FD02B06F467760EBF718
:10BD90001DFE002800D0CBE015F09AFE1EF019FF22
:10BDA000806900900398006B01B401216F467760B1
:10BDB000EBF79CFE01B001B46F467760EBF7D0FD66
:10BDC000002802D1009801B00CE00098009801B062
:10BDD000009801B40498006B01B41EF0EDFF1EF052
:10BDE00033FC02B06F467760EBF7F0FD002807D117
:10BDF00017E00000BCC2030088BB0100C8BB010003
:10BE0000009801B40498006B01B41EF0D5FF1EF039
:10BE10001BFC02B00346039801B408B400F013F908
:10BE200002B00498012120F028F83FD0009801B416
:10BE3000059801B41EF0C0FF1EF006FC02B06F466C
:10BE40007760EBF7C3FD6F467760EAF739FF6F461F
:10BE50007760EBF757F86F467760EBF7B7FD002890
:10BE600014D0A2486F467760ECF7B8FE01B401B475
:10BE700000F0CCF801B0019801B4069801B4029822
:10BE800001B41EF0A1FF1EF028FC04B0009801B41C
:10BE9000059801B41EF090FF1EF0D6FB02B00346D9
:10BEA000039801B408B400F050F802B015F010FE89
:10BEB0001EF08FFE406B0190019801B4059801B40B
:10BEC0001EF07AFF1EF0C0FB02B06F467760EBF702
:10BED0007DFD6F467760EAF7F3FE6F467760EBF71C
:10BEE00011F86F467760EBF771FD00280DD00198CF
:10BEF00001B4059801B46F467760EBF719F801B407
:10BF00001EF062FF1EF0E9FB03B0039801B4029833
:10BF100001B4069801B41EF04FFF1EF095FB02B06D
:10BF200001B401980099016602B003980499016375
:10BF3000002002B000BD0000022C0BDA00B51EF09C
:10BF4000E3FD00F007F802B000BD774600981EF050
:10BF500044FFBE4600B502986F467760EBF736FDAA
:10BF60006F467760EAF7ACFE6F467760EAF7CAFF84
:10BF70006F467760EBF72AFD002801D00A201BE00E
:10BF8000029801B4029801B400F026F802B06F469E
:10BF90007760EBF71BFD002801D00A200CE0019828
:10BFA000406801B4039801B41EF0A8FD6F467760A5
:10BFB000EAF7CEFF02B0422000BD0000022C0BDAEF
:10BFC00000B51EF0A1FD00F007F802B000BD7746F5
:10BFD00000981EF002FFBE4600B50198406801B40B
:10BFE000039801B41EF08AFD00226F467760EBF7DC
:10BFF00091FC02B01FF0F9FE01B4012149426F46E5
:10C000007760EBF783FD01B000BD00007746009834
:10C010001EF0E3FEBE4600B5019801B46F4677609E
:10C02000EAF786FF01B401980099416002B0002050
:10C0300000BD0000022C0BDA00B51EF065FD00F01B
:10C0400007F802B000BD774600981EF0C6FEBE4657
:10C0500000B5002001B40298406801B4049801B40E
:10C060001EF04CFD00226F467760EBF753FC02B0E8
:10C070001FF0BBFE00900098012149421FF0D5FE41
:10C080000CD0029840680346032001B4019801B423
:10C0900008B400F007F803B0422000E00A2001B025
:10C0A00000BD000000B5002001B4039801211FF07D
:10C0B000A8FE00D017E001200090009804991FF01E
:10C0C000A0FE10D0029801B4049801B41EF093FEB3
:10C0D0006F467760EAF752FF02B0009803211FF025
:10C0E000F7FD0090E9E7002001B000BD64C7030040
:10C0F000774600981EF05FFDBE4600B5012001B4F2
:10C10000029801B400F0C8F902B0019801B4376890
:10C11000B86F01B41EF089FC6F467760EFF7D0F876
:10C1200001B01FF062FE01B4049801B41EF07DFC62
:10C130006F467760EFF7C4F801B01FF056FE01B408
:10C14000019800991FF0D4FD02B001B403211FF043
:10C1500031FE01B001B415F04FFD01B001B40198FA
:10C160000099C16002B0019801B43768B86F01B49A
:10C170001EF05BFC6F467760EFF7A6F801B01FF08A
:10C1800034FE01B4049801B41EF04FFC6F46776092
:10C19000EFF79AF801B01FF028FE01B4019800995A
:10C1A0001FF0A6FD02B001B403211FF003FE01B091
:10C1B00001B415F021FD01B001B4019800990161AD
:10C1C00002B0019801B40298C06801B401980099C6
:10C1D000816302B0019801B40298006901B401982A
:10C1E0000099C16302B0012001B4029801B4FFF7C5
:10C1F0005DFB02B0012001B4029801B412F0A6FF69
:10C2000002B0012001B4029801B400F019F902B0A3
:10C21000012001B4029801B400F0D8F802B0012066
:10C2200001B4029801B400F091F802B0012001B409
:10C23000029801B400F040F802B001980121416673
:10C24000029801B4029801B401F0CEF802B00120C6
:10C25000404201B4029801B4FFF772FD02B00198A8
:10C2600003214163019800214164019801B46F46A4
:10C270007760EAF75DFE01B401980099C16502B0EC
:10C28000019801B46F467760EAF752FE01B4019855
:10C290000099C16402B0002000BD0000022C0BDA3E
:10C2A00000B51EF031FC00F007F802B000BD774683
:10C2B00000981EF080FCBE4600B5019801B40398BA
:10C2C00001B4012001B400F00DF802B001B415F082
:10C2D00093FC01B001B401980099816202B0002082
:10C2E00000BD000000B5019802991FF0C6FD01D005
:10C2F000019800E0029800BD012C0BDA00B51EF099
:10C30000F9FB00F007F801B000BD774600981EF079
:10C3100052FCBE4600B50198806A01B402210902B0
:10C3200001316F467760EBF705F901B000BD000001
:10C33000022C0BDA00B51EF0E7FB00F007F802B0A4
:10C3400000BD774600981EF036FCBE4600B5019849
:10C3500001B4039801B4012001B4FFF7C3FF02B098
:10C3600001B415F049FC01B001B401980099416293
:10C3700002B0002000BD0000012C0BDA00B51EF059
:10C38000B9FB00F007F801B000BD774600981EF039
:10C3900012FCBE4600B50198406A01B402210902B0
:10C3A00001316F467760EBF7C5F801B000BD0000C2
:10C3B000022C0BDA00B51EF0A7FB00F007F802B064
:10C3C00000BD774600981EF0F6FBBE4600B501980A
:10C3D00001B4039801B415F00FFC01B001B4019849
:10C3E0000099016202B0002000BD0000012C0BDAB0
:10C3F00000B51EF07FFB00F007F801B000BD7746E6
:10C4000000981EF0D8FBBE4600B50198006A01B442
:10C410000221090201316F467760EBF78BF801B01A
:10C4200000BD0000022C0BDA00B51EF06DFB00F021
:10C4300007F802B000BD774600981EF0BCFBBE4670
:10C4400000B5019801B4039801B415F0D5FB01B013
:10C4500001B401980099C16102B0002000BD000044
:10C46000012C0BDA00B51EF045FB00F007F801B017
:10C4700000BD774600981EF09EFBBE4600B50198B1
:10C48000C06901B40221090201316F467760EBF700
:10C4900051F801B000BD0000774600981EF0B8FCCE
:10C4A000BE4600B5029801B4029801B400F052F8FB
:10C4B00002B015F00DFB0346019801B408B400F07A
:10C4C0000CF802B0002000BD022C0BDA00B51EF003
:10C4D0001BFB00F007F802B000BD774600981EF085
:10C4E00078FBBE4600B50198006901B4039801B419
:10C4F0001EF004FB6F467760EAF72AFD02B0019850
:10C5000001B401B40198406901B403211FF0E0FBBC
:10C5100001B402980099416101B000270197029788
:10C5200001BC02B001B4039801B4C8211EF007FB9E
:10C5300002B0002000BD0000022C0BDA00B51EF096
:10C54000E3FA00F007F802B000BD774600981EF04D
:10C550005FFCBE4600B50198406802991FF0DDFC03
:10C5600014D001980299416015F0B2FA01B401B4F7
:10C5700001981EF02EFB406A03211FF0D6FB01B488
:10C58000019800991EF025FB416203B0002000BD18
:10C59000012C0BDA00B51EF0ADFA00F007F801B07F
:10C5A00000BD774600981EF033FCBE4600B50198EA
:10C5B000406800BD00B5002001B403986F46776065
:10C5C000EBF704FA6F467760EAF77AFB6F4677601D
:10C5D000EAF798FC01B46F467760EBF7C1F90028E1
:10C5E00002D0009801B00AE00098009801B00298CB
:10C5F00001B401216F467760EBF766FA01B06F4630
:10C600007760EBF7E3F9002800D02FE06F46776002
:10C61000EAF7FCFC0090009801216F467760EAF78A
:10C62000F3FC0320C5496F467760ECF7A9FA01B423
:10C630000021019A6F467760EAF7F2FC0098012129
:10C64000039A6F467760EAF7EBFC00980221049AA0
:10C650006F467760EAF7E4FC12F0DCFE03460098D0
:10C66000272001B408B400F04CF803B0002001B05A
:10C6700000BD0000548801000000000081C60100D8
:10C6800000B5002001B415F023FA406D0090E86871
:10C690006F467760EAF7B6FC00991FF0DAFB12D01C
:10C6A000E86801B4019829691FF012FB01B40198F0
:10C6B00000996F467760EAF7A7FC02B0686901B499
:10C6C0001EF0FAF901B0002001B000BD012C0BDA18
:10C6D00000B51EF00FFA00F007F801B000BD774674
:10C6E00000981EF076FABE4600B50198406D00BD78
:10C6F000032C0BDA00B51EF088FA00F007F803B03F
:10C7000000BD774600981EF093FBBE4600B50020A2
:10C7100001B401B4039880686F467760EBF756F96F
:10C720006F467760EAF7CCFA6F467760EAF7EAFB84
:10C730006F467760EBF74AF900280FD0039801B4F1
:10C740006F467760EAF7F4FB01B4019800998160C5
:10C7500002B0039801B400F06DF801B078486F465C
:10C760007760ECF73BFA0090009804991EF06EFB9E
:10C770004160009805991EF069FB816001200190DD
:10C78000019801B40498806801B41EF03BF96F462B
:10C790007760EAF7D7FB01B01FF027FB01B40198DF
:10C7A00000991FF02EFB02B026D00398806801B4D8
:10C7B000029801B4019800991DF0D5FE02B01EF058
:10C7C00045FB406804991FF030FB0FD00398806848
:10C7D00001B4029801B4029801B41EF045FB6F4603
:10C7E0007760EAF7CFFB03B0009812E001980321CD
:10C7F0001FF06EFA0190C3E70398806801B40198B6
:10C8000001B41EF07BF96F467760EAF7A1FB02B036
:10C81000009802B000BD0000012C0BDA00B51EF03C
:10C8200069F900F007F801B000BD774600981EF0E6
:10C83000FFFABE4600B5002001B4029880686F463A
:10C840007760EBF7C3F86F467760EAF739FA6F461F
:10C850007760EAF757FB6F467760EBF7B7F8002889
:10C8600000D01EE00298C0680090022035496F4653
:10C870007760ECF785F901B40021039A6F46776081
:10C88000EAF7CEFB00980121019A6F467760EAF73C
:10C89000C7FB00981EF090F86F467760E9F75EFBE3
:10C8A00001B0002001B000BD54880100000000006C
:10C8B000B5C8010000B5002001B4E868406A6F46C1
:10C8C0007760EBF783F8002813D001201E496F46EC
:10C8D0007760ECF755F901B40021EA686F4677609C
:10C8E000EAF79EFB002001B4019801B400F002FABF
:10C8F00003B0E86842214162E86801210161E8680B
:10C9000001214161E86801218161E86801B46F4655
:10C910007760E9F713FB1FF068FA01B401980099FA
:10C92000C16102B0286901B4E868C06801B4019827
:10C9300000991FF0B6FA02B008D113E074C60100E6
:10C9400070CA0300A8C8010070C90100E86801B4FA
:10C9500000F032F801B00090009801B415F028FC06
:10C9600001B0DFE7E8680A214162002001B000BDA4
:10C9700054880100000000007DC9010000B5E8688E
:10C98000406A6F467760EBF721F86F467760EAF709
:10C9900097F96F467760EAF7B5FA00BD012C0BDA1C
:10C9A00000B51EF0A7F800F007F801B000BD77460B
:10C9B00000981EF03DFABE4600B5002001B401B457
:10C9C00001B401B401B401B401B46F467760E9F772
:10C9D000B5FA1FF00AFA0090089801B4019801B462
:10C9E0000A98C06901B4019800991FF081F902B05A
:10C9F00001B401980099816102B008980099C16161
:10CA0000002001900898806802900120039003980C
:10CA100001B403986F467760EAF794FA1FF0E5F9DE
:10CA200001B4019800996F467760EBF727F802B0E0
:10CA3000002819D0029801B404981FF0CCF901B471
:10CA4000019800996F467760EAF78CFA02B001907E
:10CA5000019801B4BB211EF016FA01B0039803211E
:10CA60001FF036F90390D2E7002002906F467760FE
:10CA7000E9F764FA1FF0B9F900991FF039F9049049
:10CA8000089801B401B40198406906991FF020F993
:10CA900001B401980099416103B0089801B401B450
:10CAA0000198006903211FF013F901B4019800995E
:10CAB000016103B00898406901B407210902D1312E
:10CAC0006F467760EBF722F801B001B46F467760EC
:10CAD000EAF746FF002802D0009801B00BE000986A
:10CAE000009801B00898006901B43D216F46776055
:10CAF000EBF70CF801B06F467760EAF767FF0028A4
:10CB000000D1CAE00898006901B40998406901B4ED
:10CB100007210902D1316F467760EAF70BFD01B0BA
:10CB200001B4019800996F467760EAF703FD02B0FF
:10CB30000590059801B46F467760EAF7E5FD01B00E
:10CB400001B41EF0FAF9BC486F467760E9F752FF6E
:10CB500001B0D021376878500598C7211FF051F9EE
:10CB60002CD0D0203768385801B4069801B415216C
:10CB70006F467760EAF7B2FC01B001B46F467760A8
:10CB8000EAF7C2FD01B001B415216F467760EAF7FC
:10CB9000E7FC01B001B41EF0D0F9A8486F467760F9
:10CBA000E9F728FF01B001B41EF0CEF96F467760B7
:10CBB000E9F720FF02B0D0213768785000F07CF808
:10CBC00001B49F496F467760EAF7A0FF01B001B456
:10CBD0006F467760EAF7C4FE002802D1009801B0E2
:10CBE0000AE00098009801B06F467760E9F704FA10
:10CBF0006F467760EAF786F96F467760EAF7E6FEF8
:10CC0000002844D06F467760E9F7B4FE01B4069877
:10CC100001B4C9216F467760EAF760FC01B00121D9
:10CC20001FF083F801B41EF0C7F86F467760E9F78C
:10CC3000E1FE02B001B41EF093F982496F467760BD
:10CC4000E9F7D8FE01B001B40998006901B41EF0FB
:10CC50007BF96F467760E9F7CDFE02B001B41EF0B4
:10CC60007FF979496F467760E9F7C4FE01B001B4F6
:10CC70001EF076F96F467760ECF7D2FC01B06F4694
:10CC80007760E9F7A3F96F467760EEF743F9089804
:10CC900001214161089801210161292004991FF0B7
:10CCA00027F801B4032001B4FFF71CFB02B0069083
:10CCB000069807B000BD000000B5CD2000216F46EA
:10CCC0007760EAF76BF91FF090F801B46F46776070
:10CCD000EAF746FE002802D0009801B008E000986C
:10CCE000009801B06F467760ECF7B4FC1FF07DF858
:10CCF00000BD000000B501986F467760EAF766FE58
:10CD00006F467760E9F7DCFF6F467760EAF7FAF87D
:10CD100001B46F467760EAF723FE002802D000983E
:10CD200001B007E00098009801B0019801B41DF02F
:10CD3000C3FE01B06F467760EAF748FE002800D0D6
:10CD40001DE002986F467760EAF740FE6F46776015
:10CD5000E9F7B6FF6F467760EAF7D4F86F46776079
:10CD6000EAF734FE002801D001200290002001B42F
:10CD7000029801B4049801B400F004F803B0002054
:10CD800000BD000000B5002001B430486F46776058
:10CD9000EBF724FF01B46F467760ECF73DFC1FF022
:10CDA00024F801B46F467760E9F7C8F81FF01DF862
:10CDB00001B4059801B4079801B409986F467760EB
:10CDC000EAF704FE6F467760E9F77AFF6F4677600F
:10CDD000EAF798F801B40027009801B40197029887
:10CDE00001B40397049801B40597069801B4079716
:10CDF000089801B4099707200002FF3001B40B988E
:10CE000001B400F0B7FA0CB001BC00903768B86804
:10CE10006F467760EAF7DAFD6F467760E9F750FF13
:10CE20006F467760EAF76EF86F467760EAF7CEFDF7
:10CE300000280DD128E00000341C0400401C040030
:10CE400001093D00481C04005C1C0400B8CA030032
:10CE50006F467760EAF76CF801B401B4029801B448
:10CE6000019800996F467760EAF772F802B001BC4A
:10CE70003768B860C74801B41DF09EFD6F46776003
:10CE8000E9F76CF801B00BE03768B86801B40198B5
:10CE900001B41DF033FE6F467760EAF759F802B02F
:10CEA00004986F467760EAF791FD002814D0009847
:10CEB0001EF05CF8406801B401981EF057F88068D5
:10CEC00001B406BC212001B4059801B402B404B435
:10CED00000F016F804B010E000981EF047F8406823
:10CEE00001B401981EF042F8806801B41EF04CF8BD
:10CEF0006F467760E9F734F802B0002001B000BD5A
:10CF000000B5002001B400F039F9009000986F4698
:10CF10007760EAF75BFD6F467760E9F7D1FE6F4611
:10CF20007760E9F7EFFF6F467760EAF74FFD00287B
:10CF30000FD0029801B4049801B4069801B408987F
:10CF400001B41EF031F86F467760E8F7FFFF04B0D8
:10CF50000CE0059801B4059801B4059801B4059852
:10CF600001B4049801B400F00EF805B0002001B03F
:10CF700000BD0000052C0BDA00B51EF032F800F001
:10CF800007F805B000BD774600981DF051FFBE467A
:10CF900000B5002001B401B401B401B40020009038
:10CFA00005984068019001200290029801B402980F
:10CFB0006F467760E9F7C6FF1EF017FF01B40198CE
:10CFC00000996F467760EAF759FD02B000284DD00E
:10CFD000019801B403981EF0FEFE01B40198009977
:10CFE0006F467760E9F7BEFF02B0009000981EF030
:10CFF00010F8406801B4079801B4019800996F4691
:10D000007760EAF777FC02B001B46F467760EAF721
:10D01000A7FC002802D1009801B010E00098009809
:10D0200001B000981DF0F5FF806801B4089801B4C4
:10D03000019800996F467760EAF75CFC02B06F4692
:10D040007760EAF7C3FC00280AD0009809991DF020
:10D05000E0FF0161009808991DF0DBFFC1602DE041
:10D06000029803211EF034FE02909EE700200190FA
:10D0700049486F467760EBF7B1FD01B40A9801B4F7
:10D080000A9801B40A9801B40A9801B4049801B44A
:10D0900000F060F805B001BC03900598406801B449
:10D0A000049801B41DF02AFD6F467760E9F750FF40
:10D0B00002B0039801B400F00EF801B0002004B0F3
:10D0C00000BD0000012C0BDA00B51DF013FD00F0CF
:10D0D00007F801B000BD774600981DF09AFFBE46E4
:10D0E00000B501202D496F467760EBF749FD01B48B
:10D0F0000021029A6F467760E9F792FF0298406834
:10D1000001B40398806801B4029801B405980069DD
:10D1100001B41DF049FF6F467760E8F717FF05B0CF
:10D12000002000BD548801000000000031D1010042
:10D1300000B5E868C0686F467760EAF747FC0028EA
:10D1400005D0E86801B4BB211DF09DFE01B00020B0
:10D1500000BD0000774600981DF05BFFBE4600B59D
:10D16000019802994160019803998160019804999E
:10D17000C160019805990161002000BD00B5D4206F
:10D18000376838586F467760EAF720FC002807D1E7
:10D1900021E00000DCD101002CCB030024D10100F0
:10D1A000D4203768385801B4D4203768385801B4CF
:10D1B0001DF028FC6F467760E9F7C4FE01B01EF051
:10D1C00014FE03211EF094FD01B4019800991DF096
:10D1D000CAF902B000E0002000BD00005488010040
:10D1E00000000000E9D1010000B5002001B401B445
:10D1F00001B43768B86801B41DF004FC6F4677606D
:10D20000E9F7A0FE01B01EF0F0FD01211EF00DFEB9
:10D2100000D1A9E06F467760E8F790FE1EF0E5FDCB
:10D22000009001200190019801B43768B86801B4FA
:10D230001DF0E8FB6F467760E9F784FE01B01EF051
:10D24000D4FD01B4019800991EF0DBFD02B000D1BD
:10D2500084E03768B86801B4029801B40198009975
:10D260001DF081F902B00290029801B46D211DF009
:10D270000AFE01B001B46F467760EAF771FB00283F
:10D2800002D0009801B033E00098009801B00298F5
:10D290001DF06CFE006901B401216F467760EAF76A
:10D2A00035FC01B001B46F467760EAF759FB0028FE
:10D2B00002D1009801B01BE00098009801B00098DE
:10D2C00001B403981DF052FEC06801B401980099A2
:10D2D0001EF00EFD02B001B403981DF047FE006978
:10D2E00001B4019800996F467760EAF70FFC02B02D
:10D2F0006F467760EAF76AFB002829D002981DF094
:10D3000035FE406801B403981DF030FE806801B41A
:10D310001DF03AFE6F467760ECF76AF902B00298AA
:10D320001DF024FE80696F467760EAF74FFB002806
:10D330000ED0032001B4029801B43768B86801B474
:10D34000FEF7B0FE03B0019803211EF0D1FC01905E
:10D35000019803211EF0BCFC019064E7652001B434
:10D3600014F026FF01B044E700203768B8600020C1
:10D3700003B000BD774600981DF0F8FDBE4600B52D
:10D38000019802994160019803998160019804997C
:10D39000C160019805990161019806994161019860
:10D3A00007998161002000BD012C0BDA00B51DF04A
:10D3B000A1FB00F007F801B000BD774600981DF012
:10D3C00036FEBE4600B50198406900BD022C0BDA5E
:10D3D00000B51DF099FB00F007F802B000BD7746DC
:10D3E00000981DF0E8FBBE4600B502986F467760D6
:10D3F000EAF7ECFA6F467760E9F762FC6F46776010
:10D40000E9F780FD6F467760EAF7E0FA002800D080
:10D4100007E0019802998164019801B400F012F8C4
:10D4200001B0002000BD0000012C0BDA00B51DF09A
:10D4300061FB00F007F801B000BD774600981DF0D1
:10D44000BAFBBE4600B5002001B401B401B401B47A
:10D4500001B401B401B401B401B401B401B40C9835
:10D4600001B400F041F901B000900C98806D6F4656
:10D470007760EAF7ABFA6F467760E9F721FC6F4611
:10D480007760E9F73FFD01B46F467760EAF768FA25
:10D49000002802D0009801B008E00098009801B080
:10D4A0000C98806D01B400F0D0F801B06F46776041
:10D4B000EAF78CFA002803D00C9800998165A8E05F
:10D4C0000C98806D1DF0C3FD006901900C98806D73
:10D4D0001DF0BDFD406902900C98806D1DF0B7FDF8
:10D4E000806901B4029802BC1EF0F2FB03900C9814
:10D4F000806D1DF0ACFDC06901B4039802BC1EF044
:10D50000E7FB049000981DF0A2FD006905900098CB
:10D510001DF09DFD4069069000981DF098FD806902
:10D5200001B4069802BC1EF0D3FB079000981DF0D2
:10D530008EFDC06901B4079802BC1EF0C9FB0890BB
:10D54000019805991EF0D4FB01B400F065F801B014
:10D5500001B4049808991EF0CBFB01B400F05CF80C
:10D5600001B001B4019802BC01B01EF0B1FB0990FA
:10D57000029806991EF0BCFB01B400F04DF801B012
:10D5800001B4059809991EF0B3FB01B400F044F80A
:10D5900001B001B4019802BC01B01EF099FB0A90E1
:10D5A0000C980099816509980421090201311EF047
:10D5B00050FC13D00C98806D01991DF048FD01615D
:10D5C0000C98806D01B4049802991EF091FB01B48F
:10D5D000019800991DF03BFD816102B00A98042179
:10D5E000090201311EF035FC13D00C98806D0299B0
:10D5F0001DF02DFD41610C98806D01B405980399D3
:10D600001EF076FB01B4019800991DF020FDC16168
:10D6100002B000200BB000BD00B5019801211EF042
:10D62000F0FB05D0012001991EF062FB03E001E050
:10D63000019800E0002000BD012C0BDA00B51DF0C0
:10D6400059FA00F007F801B000BD774600981DF0C8
:10D65000FEFCBE4600B50198406801B40298C0685F
:10D66000806C01B4019800996F467760EAF79CF8E6
:10D6700002B001B46F467760EAF772F9002802D170
:10D68000009801B01CE00098009801B001988068F3
:10D6900001B40298C068806C01B41DF0C6F96F46F1
:10D6A0007760EDF729FE01B06F467760E9F72AFC55
:10D6B00001B4019800996F467760EAF775F802B0F7
:10D6C00000BD0000012C0BDA00B51DF013FA00F0CC
:10D6D00007F801B000BD774600981DF06CFABE4611
:10D6E00000B50198806C00BD00B5002001B401B404
:10D6F00001B401B401B401B401B401B401B40A9895
:10D700001DF059FA806D01B46F467760EAF728F989
:10D71000002802D1009801B00AE00098009801B0FA
:10D720000A981DF048FA806D01B4FFF78EFF01B032
:10D730006F467760EAF74AF9002804D00A981DF08E
:10D740003AFA806DB1E00A98806C0090009801B4BC
:10D750001DF06BF96F467760EDF7B2FD01B01EF07A
:10D7600044FB0190009801B41DF05FF96F467760AB
:10D77000EDF7AAFD01B01EF038FB029001200390E6
:10D780000120049001200590059801B4019801B48E
:10D790001DF04BF96F467760EDF792FD01B01EF07A
:10D7A00024FB01B4019800991EF02BFB02B056D067
:10D7B00001200690069801B4019801B41DF035F9D6
:10D7C0006F467760EDF780FD01B01EF00EFB01B4EF
:10D7D000019800991EF015FB02B03AD0009801B4F0
:10D7E000069801B4089801B41DF03FFC6F467760BD
:10D7F000EDF7A6FD03B01EF0F8FA6F467760EAF782
:10D80000E5F800281FD0059801B4029801B400F093
:10D81000A9F802B00190069801B4039801B400F091
:10D82000A1F802B00290059801B4049801B4FEF783
:10D8300059FD02B00390069801B4059801B4FEF7B3
:10D8400051FD02B00490069803211EF041FA0690A3
:10D85000B0E7059803211EF03BFA059094E7039882
:10D8600001991EF045FA03211EF032FA0790049840
:10D8700002991EF03DFA03211EF02AFA0890C048D2
:10D880006F467760EBF7AAF901B4039801B40398E7
:10D8900001B40B9801B40B9801B40F9801B405982A
:10D8A00001B400F005F806B001BC09B000BD0000ED
:10D8B000774600981DF0CBFBBE4600B5019801B439
:10D8C0000398806C01B401980099416002B00198FE
:10D8D00001B40398806C01B41DF0A7F86F4677601F
:10D8E000EDF70AFD01B06F467760E9F70BFB01B475
:10D8F00001980099816002B001980299C160019875
:10D9000001B4049801B414F077F901B001B401989E
:10D910000099816102B0019801B4059801B414F036
:10D920006BF901B001B401980099C16102B001988E
:10D9300001B4069801B414F05FF901B001B4019884
:10D940000099016102B0019801B4079801B414F084
:10D9500053F901B001B401980099416102B000206F
:10D9600000BD000000B5019802991EF072FA01D0C6
:10D97000019800E0029800BD022C0BDA00B51DF002
:10D98000C3F800F007F802B000BD774600981DF01C
:10D9900012F9BE4600B5019801B4039801B403988A
:10D9A000806C01B41DF041F86F467760EDF788FC9C
:10D9B00001B01EF01AFA01B405216F467760E9F74D
:10D9C000B9FD01B001B4019800991EF091F902B0BF
:10D9D00001B406BC02B404B400F012F802B0002096
:10D9E00000BD0000022C0BDA00B51DF08DF800F030
:10D9F00007F802B000BD774600981DF0DCF8BE467F
:10DA000000B5002001B414F063F81DF0E2F8C0691D
:10DA10000090009801B4039801B4059801B414F083
:10DA2000EBF801B001B40598C06801B4019802BCDC
:10DA300001B01EF05DF901B40EBC012001B402B4C6
:10DA400004B408B42C211DF0EEF804B0002001B09D
:10DA500000BD0000012C0BDA00B51DF04BF800F002
:10DA600007F801B000BD774600981DF0A4F8BE4647
:10DA700000B50198C06801B40221090201316F4666
:10DA80007760E9F757FD01B000BD0000012C0BDA0B
:10DA900000B51DF02FF800F007F801B000BD774683
:10DAA00000981DF088F8BE4600B50198C06801B422
:10DAB0000221090201316F467760E9F73BFD01B0B1
:10DAC00001B40298806C01B41CF0AFFF6F46776020
:10DAD000EDF7F6FB01B01EF088F901B405216F46A1
:10DAE0007760E9F727FD01B001B4019800991EF0B5
:10DAF000EFF802B000BD000000B500F009F80346E1
:10DB0000019801B408B400F08CF902B000BD000027
:10DB100000B5D820376838586F467760E9F756FF68
:10DB20006F467760E9F7CCF86F467760E9F7EAF976
:10DB300001B46F467760E9F713FF002802D0009820
:10DB400001B016E00098009801B0D8203768385826
:10DB500001B401211CF007FD01B06F467760E9F7C1
:10DB600035FF6F467760E9F7ABF86F467760E9F706
:10DB7000C9F96F467760E9F729FF002802D162E012
:10DB8000A0CB0300BB486F467760EBF727F801B4E2
:10DB90006F467760E9F7CCF901B401B4A420376887
:10DBA000385801B4019800996F467760E9F7D0F9C9
:10DBB00002B094203768385801B4009901986F4634
:10DBC0007760E9F7C5F901B0B0203768385801B47B
:10DBD000009901986F467760E9F7BAF901B0B4206F
:10DBE0003768385801B4009901986F467760E9F7B3
:10DBF000AFF901B0A0203768385801B400990198F6
:10DC00006F467760E9F7A4F901B09C20376838586F
:10DC100001B4009901986F467760E9F799F901B06E
:10DC2000DC203768385801B4009901986F46776056
:10DC3000E9F78EF901B00098032001B4029801B40D
:10DC400000F00AF804B0D8203768385801B4012130
:10DC50001CF089FC01B000BD774600981DF01AFA4F
:10DC6000BE4600B5002001B401B401B4049801B46B
:10DC70006F467760EBF7D0FC1EF0B7F801B401985F
:10DC80000099016102B004980A2141610498059944
:10DC9000416004980A21C16006986F467760E9F7F1
:10DCA00095FE002803D004980699816048E0049806
:10DCB00001B46F467760E9F73BF901B40198009928
:10DCC000816002B00498406803211EF011F801B48D
:10DCD0000F216F467760E9F701FC01B00146032090
:10DCE0001DF0F6FF00900120019001980F211EF019
:10DCF00088F825D060486F467760EAF76FFF01B477
:10DD0000019802991DF0E4FF03460120404201B44E
:10DD100008B4029801B413F0A3FF03B0059880681B
:10DD200001B4019801B41CF0E9FE6F467760E9F791
:10DD30000FF903B0019803211DF0CAFF0190D4E749
:10DD400001200290029801B40598806801B41CF08B
:10DD500059FE6F467760E9F7F5F801B01EF045F817
:10DD600001B4019800991EF04CF802B013D0049849
:10DD7000806801B4039801B4019800991CF0F3FB8A
:10DD800002B004991DF053F94160029803211DF07F
:10DD90009FFF0290D6E7049801B400F005F801B0A7
:10DDA000002003B000BD000000B5D8203768385807
:10DDB0006F467760E9F70AFE6F467760E8F780FF05
:10DDC0006F467760E9F79EF86F467760E9F7FEFDEA
:10DDD000002806D06F467760E9F7AAF8D82137689F
:10DDE0007850D8203768385801B402981DF052F99D
:10DDF000406803211DF07CFF01B4039801B4029830
:10DE00000199009A1CF0FAFB03B0002000BD00004D
:10DE1000022C0BDA00B51CF077FE00F007F802B018
:10DE200000BD774600981DF035F9BE4600B50020CC
:10DE300001B4FFF7A3F9009000986F467760E9F707
:10DE4000C5FD6F467760E8F73BFF6F467760E9F7FF
:10DE500059F86F467760E9F7B9FD002801D0012035
:10DE6000B4E00298C0686F467760E9F7AFFD00281C
:10DE700004D144E0B4CC030044BF0300029801B4D1
:10DE800000F006F901B001B400F015F901B001B4D9
:10DE9000039801B400F0C6F801B001B400F00BF92A
:10DEA00001B001B4019800991DF022FF02B001B445
:10DEB0000421090201316F467760E9F73BFB01B0AD
:10DEC00001B40198806901B407210902D1316F467C
:10DED0007760E9F72FFB01B001B4019800996F4614
:10DEE0007760E9F7FBFA02B001B4049801B4019835
:10DEF00000996F467760E9F7F1FA02B066E00298A0
:10DF000001B400F08FF801B001B424211CF005FE2B
:10DF100001B06F467760E9F759FD00282CD00298D0
:10DF200001B400F0B5F801B001B424211CF0F5FDF6
:10DF300001B06F467760E9F749FD002802D0012063
:10DF400044E018E0012003991DF0D2FE01B40198CD
:10DF5000806901B407210902D1316F467760E9F782
:10DF6000E9FA01B001B4019800996F467760E9F7CA
:10DF7000B5FA02B02AE028E0029801B400F088F86F
:10DF800001B001B424211CF0C8FD01B06F467760D8
:10DF9000E9F71CFD002816D0039801B401988069A8
:10DFA00001B407210902D1316F467760E9F7C2FA5F
:10DFB00001B001B4019800996F467760E9F78EFAD5
:10DFC00002B003E001E0012000E0002001B000BD4C
:10DFD000012C0BDA00B51CF08DFD00F007F801B044
:10DFE00000BD774600981CF023FFBE4600B501989F
:10DFF000806901B407210902D1316F467760E9F7E2
:10E0000099FA01B000BD0000012C0BDA00B51CF03C
:10E0100071FD00F007F801B000BD774600981DF0D3
:10E0200039F8BE4600B5032001B4029801B400F0EF
:10E0300011F802B000BD0000022C0BDA00B51CF094
:10E0400063FD00F007F802B000BD774600981DF0B0
:10E0500021F8BE4600B50198806801B403980321F9
:10E060001DF046FE01B4019800991CF07CFA02B044
:10E0700000BD0000012C0BDA00B51CF03BFD00F0E8
:10E0800007F801B000BD774600981DF003F8BE46C2
:10E0900000B5072001B4029801B4FFF7DBFF02B01E
:10E0A00000BD0000012C0BDA00B51CF023FD00F0D0
:10E0B00007F801B000BD774600981CF0B8FFBE46D7
:10E0C00000B56F467760EBF79FFABC491DF0E9FE9B
:10E0D00012D0019801B424211CF0EAFF01B06F4670
:10E0E0007760E9F773FC002803D0042000020130B8
:10E0F00000E0012010E00EE00198806801B41CF0FF
:10E10000E4FF012149426F467760ECF7D9F901B08D
:10E110001DF06BFE00E0002000BD000000B501987E
:10E120006F467760E9F752FC6F467760E8F7C8FD05
:10E130006F467760E8F7E6FE6F467760E9F746FCE2
:10E14000002800D00AE011F065F90346019801B4F7
:10E15000292001B408B4FEF7D4FA03B0002000BDB2
:10E1600000B5019801B4E0203768385801B400F0D8
:10E1700044F902B0002000BD774600981CF0ADFFC6
:10E18000BE4600B501980299416001980321C16023
:10E1900001980321016101980121C16101980021C9
:10E1A000416101980021816101980021016201987B
:10E1B0000021C16201980021016301984068032198
:10E1C0001DF083FE21D03768B86F01B41CF02DFC20
:10E1D0006F467760EDF77CF801B06F467760E8F73F
:10E1E00091FE6F467760E9F7F1FB002801D001202E
:10E1F00000E0052001B4029802BC81600198012171
:10E200004162019801218162BAE0029805211DF066
:10E210005CFE34D03768B86F01B41CF006FC6F4662
:10E220007760EDF755F801B06F467760E8F76AFE62
:10E230006F467760E9F7CAFB002801D0012000E0B3
:10E24000112001B4029802BC8160019801B43768C2
:10E25000B86F01B41CF0E9FB6F467760EDF730F85A
:10E2600001B01DF0C2FD01B401980099416202B0F5
:10E2700001980121816201984221C16280E00298E7
:10E2800007211DF022FE34D03768B86F01B41CF0AE
:10E29000CCFB6F467760EDF71BF801B06F467760F7
:10E2A000E8F730FE6F467760E9F790FB002801D071
:10E2B000012000E0092001B4029802BC81600198AD
:10E2C00001214162019801B43768B86F01B41CF0B4
:10E2D000ACFB6F467760ECF7F7FF01B01DF085FDF2
:10E2E00001B401980099816202B001984221016352
:10E2F00046E03768B86F01B41CF097FB6F46776053
:10E30000ECF7E6FF01B06F467760E8F7FBFD6F467C
:10E310007760E9F75BFB002801D0012000E00F20C7
:10E3200001B4029802BC8160019801B43768B86FEB
:10E3300001B41CF07AFB6F467760ECF7C1FF01B0C7
:10E340001DF053FD01B401980099416202B001989B
:10E3500001B43768B86F01B41CF067FB6F46776093
:10E36000ECF7B2FF01B01DF040FD01B40198009937
:10E37000816202B001984221C16201984221016389
:10E38000E420376838586F467760E9F71FFB6F461F
:10E390007760E8F795FC6F467760E8F7B3FD6F4666
:10E3A0007760E9F713FB00280AD06F467760E8F73B
:10E3B000BFFDE4213768785002E00000D81D04005A
:10E3C000E4203768385801B40298406803211DF0F2
:10E3D0008FFC01B4039801B402980199009A1CF0D3
:10E3E0000DF903B0002000BD022C0BDA00B51CF0C3
:10E3F0008BFB00F007F802B000BD774600981CF0D8
:10E400006CFEBE4600B5002001B4029801B402F0D3
:10E410001BFA01B000903768786A1CF06CFE8068C7
:10E4200081211DF075FC6F467760E9F7CFFA6F46E2
:10E430007760E8F745FC6F467760E8F763FD6F4665
:10E440007760E9F7C3FA002806D0422001B405201E
:10E4500001B400F053F802B0029801B400F020F8C3
:10E4600001B0009801B4049801211DF05EFC01B4D4
:10E47000019800991CF04DFE416002B0002001B0EF
:10E4800000BD0000012C0BDA00B51CF033FB00F0DE
:10E4900007F801B000BD774600981CF01EFEBE468E
:10E4A00000B5002001B40298406900211DF00DFD67
:10E4B00002D00298422141610298006A00211DF0B9
:10E4C00004FD02D0029842210162029801B402F0D8
:10E4D000BBF901B0009000981CF01BFE40680621BB
:10E4E0001DF0DFFC04D0009801211CF012FE4160F9
:10E4F00000981CF00EFE406801B000BD00B500F0B1
:10E500003BF802986F467760E9F760FA002812D06E
:10E510003768786A01B401B401981CF0ECFD80689A
:10E5200003991DF002FC01B4019800991CF0E3FD71
:10E53000816003B01DE03768786A01B43768786A93
:10E540001CF0D9FD806801B46F467760E8F73CFFA6
:10E5500001B002991DF0E9FB01B46F467760E8F75E
:10E5600033FF01B001B4019800991CF0C4FD816033
:10E5700002B0002000BD000000B53768786A6F4621
:10E580007760E9F723FA002800D015E0BF486F460E
:10E590007760EAF723FB01B401B402F095F801B00B
:10E5A00001BC37687862002001B4B94801B4C920C1
:10E5B00001B402F03FF803B0002000BD5488010010
:10E5C00000000000C9E5010000B5002001B401B45D
:10E5D00001B401B401B43768786A6F467760E9F72F
:10E5E000F5F96F467760E8F76BFB6F467760E8F701
:10E5F00089FC6F467760E9F7E9F9002800D008E167
:10E600003768786A1CF077FD806821211DF080FB57
:10E610006F467760E9F7DAF9002818D09D4801B411
:10E62000E4203768385801B4FDF7E8FA02B00090EA
:10E63000994801B4019801B4FDF72CFB02B097484A
:10E6400001B4019801B4FDF725FB02B054E0E020CD
:10E65000376838580190019801B401F010FB01B0FF
:10E6600001B46F467760E9F77BF9002802D1009882
:10E6700001B00AE00098009801B03768786A1CF091
:10E680003AFD806805211DF043FB6F467760E9F78E
:10E690009DF9002804D0019801B401F0D2F901B02D
:10E6A000019801B401F091F901B001B46F467760AF
:10E6B000E9F756F9002802D1009801B00AE0009865
:10E6C000009801B03768786A1CF015FD8068092150
:10E6D0001DF01EFB6F467760E9F778F9002804D03B
:10E6E000019801B400F0D1FE01B0422001B40298BB
:10E6F00001B401F0E8FA02B03768786A1CF0FBFC5C
:10E70000C06801B400216F467760E9F755F801B0A1
:10E7100001B46F467760E9F723F9002802D1009829
:10E7200001B00AE00098009801B03768786A1CF0E0
:10E73000E2FC806803211DF0EBFA6F467760E9F791
:10E7400045F9002865D013F0C3F902903768786A5C
:10E750001CF0D1FCC06801B40398406D01B401986D
:10E7600000991DF0C5FA02B00390039801B400F0BF
:10E77000B9F801B0039801B407210902D1316F46FD
:10E780007760E8F7D7FE01B00490049801211DF0EE
:10E7900060FB3ED0012004903768786A1CF0ABFC27
:10E7A000406A6F467760E9F711F96F467760E8F7DE
:10E7B00087FA6F467760E8F7A5FB6F467760E9F761
:10E7C00005F9002825D03768786A42211CF093FCAF
:10E7D00041623768786A00211CF08DFCC16037689F
:10E7E000786A1CF088FC806A6F467760E9F7EEF87B
:10E7F000002807D03768786A01B472211CF043FB07
:10E8000001B006E0002001B40A2001B408F0E2F9EA
:10E8100002B0002005B000BD5488010000000000D7
:10E8200025E80100012C06DA00B51CF063F900F0C0
:10E8300002F801B000BD00B501986F467760E9F7B6
:10E84000C5F86F467760E8F73BFA6F467760E8F700
:10E8500059FB6F467760E9F7B9F86F467760E8F7DC
:10E860002FFA6F467760E8F74DFB00BD5488010032
:10E870000000000079E80100012C11DA00B51CF05D
:10E8800039F900F00DF801B000BD00008CCF030095
:10E89000BCE5010018E801006CE80100B0E80100E7
:10E8A00000B5019801B401F079FA01B0002000BD73
:10E8B0005488010000000000BDE80100012C06DAC8
:10E8C00000B51CF017F900F002F801B000BD00B56A
:10E8D0000A2001B4029801B401F0F5F902B0002059
:10E8E00000BD000000B5002001B401B401B401B4C2
:10E8F00001B401B401B401B401B401B401B401B470
:10E900000D9801211DF07DFA01D001200D900D9888
:10E9100001211DF00AFA0D90E82037683858009060
:10E920003768386F01900D9801B41CF0CEFB7D2143
:10E93000C9006F467760E8F7F7FA01B01DF055FAA5
:10E940000290009801B463211CF078F801B001B482
:10E950000B216F467760E8F7C1FD01B005211DF07E
:10E96000C7F903903768B86F01B41CF05EF86F46C2
:10E970007760ECF7A5FC01B01DF037FA01B4032174
:10E980001DF018FA01B001B4049801B403211DF080
:10E9900011FA01B001B4019800991DF0A9F902B073
:10E9A00003211DF095F904903768786A1CF0A3FBE9
:10E9B000006A05903768786A1CF09DFB80690690B4
:10E9C000029801B415216F467760E9F77DF801B030
:10E9D00001B46F467760E8F7C3FF002802D10098C2
:10E9E00001B006E00098009801B0029803211DF0E4
:10E9F0008FF901B46F467760E8F7B2FF002802D1C3
:10EA0000009801B01CE00098009801B03768B86F1A
:10EA100001B41CF00AF86F467760ECF759FC01B0BE
:10EA20006F467760E8F76EFA6F467760E8F7CEFFDB
:10EA30006F467760E8F744F96F467760E8F762FA67
:10EA40006F467760E8F7C2FF002805D00598079069
:10EA500006980590079806903768B86F01B4059836
:10EA600007211DF045F901B405980D211DF030F97D
:10EA700001B4039801B462211BF0E0FF01B007214B
:10EA80001DF026F901B43768786A1CF034FBC069C0
:10EA900001B40027009801B40197029801B40397CC
:10EAA000049801B40597012001B4079801B40897B0
:10EAB000099801B40A9700F0C1FC0BB03768B86F31
:10EAC00001B4059805211DF013F901B40598092139
:10EAD0001DF0FEF801B4039801B462211BF0AEFFF3
:10EAE00001B005211DF0F4F801B41EBC069801B474
:10EAF00002B404B4012001B408B410B400F09EFCC8
:10EB000006B0029879211DF07CF968D00D9801B407
:10EB100007210902D1316F467760E8F721FD01B086
:10EB200001B41CF0D2FA0A216F467760E8F7FCF9CD
:10EB300001B01DF05AF908903768B86F01B4039816
:10EB400001B400F095F801B001B41CF009FAC44911
:10EB50006F467760E7F74EFF01B001B406BC0020B6
:10EB600001B4019801B4079801B4032001B40898D6
:10EB700001B402B404B400F099F807B0049801B4E9
:10EB8000019801B463211BF059FF01B001B4009951
:10EB900007206F467760E8F7A1FC01B001B4019847
:10EBA00000991DF095F802B009903768B86F01B46C
:10EBB000099801B400F05CF801B001B406BC002073
:10EBC00001B4029801B4079801B4072001B40D986C
:10EBD00001B402B404B400F069F807B045E002984B
:10EBE00001B41CF072FA3C216F467760E8F79CF99B
:10EBF00001B01DF0FAF80A90029801B479216F462D
:10EC00007760E8F7ADFC01B00B903768B86F01B4DE
:10EC10000B9801B400F02CF801B001B41CF0A0F97D
:10EC200090496F467760E7F7E5FE01B001B40D98B3
:10EC300001B400F01DF801B001B41CF085F96F4675
:10EC40007760E7F7D7FE02B001B406BC002001B43C
:10EC5000019801B4079801B4032001B4089801B4E5
:10EC600002B404B400F022F807B000200CB000BDDC
:10EC700000B5019801211DF058F801900198152167
:10EC80001DF0BFF80AD0019801B41CF056F976487F
:10EC90006F467760E7F7AEFE01B006E0019801B479
:10ECA0006F467760E8F742FF01B000BD00B5002075
:10ECB00001B401B401B401B401B401B401B401B4AC
:10ECC00001B401B401B401B401B401B401B401B49C
:10ECD00001B401B401B401B401B401B401B401B48C
:10ECE00001B41C9801211DF020F81C901D980121F1
:10ECF0001DF01BF81D901F986F467760E8F766FEC1
:10ED00006F467760E7F7DCFF6F467760E8F7FAF861
:10ED10006F467760E8F75AFE002805D01B9801B4CB
:10ED200000F052FB01B01F901E986F467760E8F725
:10ED30004DFE6F467760E7F7C3FF6F467760E8F7F1
:10ED4000E1F86F467760E8F741FE002801D0032024
:10ED50001E901C980090012001901F9801B4012181
:10ED6000090201311BF06AFE01B06F467760E8F7D7
:10ED70002DFE002808D01F9801B40121090201319D
:10ED80001BF05CFE01B000E0032002901F9801B46C
:10ED900063211BF053FE01B001B4039801B41CF0D1
:10EDA000F3F86F467760E8F7BFF802B01DF01DF882
:10EDB00003901F9801B462211BF040FE01B001B422
:10EDC000039801B41CF0E0F86F467760E8F7ACF800
:10EDD00002B01DF00AF8049004980F211CF078FF8F
:10EDE00001B407211CF0E6FF01B00590059801B4BD
:10EDF000049801B4019800996F467760E8F76EFBBC
:10EE000002B00690052006991CF062FF07901F983B
:10EE100001B47B211BF012FE01B00890089801B4E8
:10EE20001BF0DDFD6F467760E6F730FE01B01CF0A9
:10EE3000DCFF01B4089801B41CF0A6F86F467760B7
:10EE4000E8F772F802B01CF0D0FF03211CF050FF6D
:10EE50000990029803211DF024F807D135E0000045
:10EE6000401C0400241D0400741B0400112006999A
:10EE70001CF02EFF01B41CF028F96F467760E6F70E
:10EE8000F5FE01B00A900A9801B4012187221BF017
:10EE900090FB01B00A9801B4032101221BF089FB09
:10EEA00001B00A9801B4049801B41CF040F905219E
:10EEB0001BF07FFB02B00A9801B4059801B41CF066
:10EEC00036F909211BF075FB02B0019801B41C98BA
:10EED00001B41CF045F86F467760E7F755FE01B0C6
:10EEE0001CF083FF01B4019800991CF08AFF02B066
:10EEF00000D10DE201200B9001200C90209801B46C
:10EF00006F467760E8F72CFD002802D1009801B029
:10EF100017E00098009801B0019801B4219801B45D
:10EF20001BF070FD6F467760E8F70CF801B01CF03D
:10EF30005CFF01B4019800996F467760E8F7C4FD63
:10EF400002B06F467760E8F741FD00281FD0209897
:10EF500001B4029801B4019800991BF004FB02B0BF
:10EF600001B4DB2149001BF069FD01B00B90209832
:10EF700001B4029801B4019800991BF0F4FA02B0B0
:10EF800001B4DD2149001BF059FD01B00C9001983E
:10EF900001B403211CF09CFE02901C9801B401985E
:10EFA00001B41CF0CEF86F467760E7F767FF03B057
:10EFB0000D900D9815211CF074FF13D01D9801B40D
:10EFC000209801B462211BF039FD01B005211CF02D
:10EFD0007FFE01B4019800991CF07AFE02B01D90EA
:10EFE00000981C900D9841211CF00BFF00D06CE79D
:10EFF00001200E9009980F90012010900D9841214A
:10F000001CF076FE01B4089801B4019800996F468F
:10F010007760E8F763FA02B01190089801B412988B
:10F0200001B41CF09CF804216F467760E6F776FF88
:10F0300002B00D991CF035FF02D01198109050E0ED
:10F040000E980F991CF005FF4BD00E9801B4109844
:10F050000F991CF04DFE01B403211CF0ABFE01B072
:10F0600001B4019800991CF033FE02B01290089888
:10F0700001B4139801B4099801B4019800996F463E
:10F080007760E8F72BFA02B001B41CF068F80421AD
:10F090006F467760E6F742FF02B0139013980D9920
:10F0A0001CF0FFFE0CD0129801B4089801B401982E
:10F0B00000996F467760E8F711FA02B0109010E0FF
:10F0C00013980D991CF09DFE05D0129803211CF099
:10F0D000FFFD0E9004E0129803211CF009FE0F9032
:10F0E000AEE7029803211CF0DCFE42D00A9801B47E
:10F0F000099801B4129805211CF0EAFD01B40998A1
:10F1000001B41CF039F86F467760E6F7D9FC03B01C
:10F1100001B41CF046F808216F467760E6F786FDDB
:10F1200002B01A9801B40B9801B41E980D991CF006
:10F13000CFFD01B420980F991CF0CAFD01B41EBC8C
:10F140001E9801B402B404B408B410B400F0E4F89A
:10F1500005B01C9801B4209801B463211BF06EFC2B
:10F1600001B001B4019800991CF0B2FD02B01C90EE
:10F17000CDE0109805211CF0ABFD109001201490FB
:10F18000149803991CF03DFE00D1C0E001201590B9
:10F1900003201690109801B403211CF099FD1190E2
:10F1A000099801B4019801B4019800991BF0B2F9D3
:10F1B00003B01790159804991CF023FE00D19BE032
:10F1C00016980221090201311CF06BFE11D0109833
:10F1D00001B403211CF07CFD1190099801B4019841
:10F1E00001B4019800991BF095F903B01790032022
:10F1F000169001201890179816991CF089FD6F46FB
:10F200007760E8F7E3FB00280CD0189803211CF086
:10F210005FFD1890169801B403211CF0A1FD01B008
:10F220001690E8E718986F467760E8F7CFFB00285C
:10F2300055D01A9801B41D9801B40D9801B40598E1
:10F2400001B4019800996F467760E8F747F902B07A
:10F2500001B4019800991CF03BFD02B001B41F9865
:10F2600001B418980F991CF033FD01B4069801B44D
:10F27000019800996F467760E8F730F902B001B461
:10F28000019800991CF024FD02B001B4059801B466
:10F29000069801B41D9801B4019800996F467760F3
:10F2A000E8F71CF902B001B40027239801B40198D3
:10F2B00001B40297039801B40497059801B4069726
:10F2C000079801B40897099801B40A9700F0B6F8B6
:10F2D0000BB0159818991CF0FBFC15900BE01698D4
:10F2E00001B403211CF03CFD01B0169015980321D8
:10F2F0001CF0EEFC15905DE71C9802991CF0E8FCF0
:10F300001C90149803211CF0E3FC149038E7DCE512
:10F31000002019B000BD000000B5019801B40398A9
:10F3200001B4069801B4069801B400F00DF802B0DB
:10F3300001B4089801B41BF03EFF6F467760EDF70B
:10F34000F5FF04B0002000BD00B5019801211CF0BC
:10F35000ECFC01B4EA200002613001B4CE4801B4F3
:10F3600000F020F803B0CD491CF0D2FC01B40398A2
:10F3700001211CF0DAFC01B4EA200002613001B482
:10F38000C54801B400F00EF803B001B421211CF00F
:10F39000E7FC01B001B4019800991CF0C6FC02B072
:10F3A00000BD000000B5029801B4049801B40398B0
:10F3B00001B4FCF797FF02B001B406BC02B404B478
:10F3C000FEF7D0FA02B000BD00B5002001B4012064
:10F3D0000090009801B4039801B41BF0C1FD6F4682
:10F3E0007760E7F7D1FB01B01CF0FFFC01B4019896
:10F3F00000991CF006FD02B01AD0029801B40198E1
:10F4000001B41BF09EFE6F467760E7F737FD02B050
:10F410004021090201311CF008FD03D0EC203768BF
:10F42000385808E0009803211CF052FC0090D0E707
:10F43000E8203768385801B000BD000000B50198D9
:10F4400001B4049801B4049801B4FFF77DFF02B041
:10F4500001B4079801B4079801B4FFF775FF02B033
:10F4600001B4099801B41BF0C0FE6F467760ECF759
:10F4700075F904B0002000BD012C0BDA00B51BF0BB
:10F4800039FB00F007F801B000BD774600981BF08B
:10F4900024FEBE4600B5002001B401B401B401B49D
:10F4A00001B401B4079801B401F0CEF901B00090A5
:10F4B00000981BF02EFE806801211CF0A2FC00D0F9
:10F4C00077E2E82037683858019000981BF021FE59
:10F4D000806809211CF0BDFC00D1E1E03768B86FFD
:10F4E00001B401981BF015FE806801B43768786A92
:10F4F0001BF001FE006901B41BF097FA6F467760BC
:10F50000EBF7DEFE01B01CF070FC03211CF0E0FB09
:10F5100001B4019800996F467760E7F7DFFF02B00A
:10F5200007211CF0D5FB01B43768786A1BF0E3FDB6
:10F53000006901B41BF079FA6F467760EBF7C4FEFF
:10F5400001B01CF052FC09211CF0C2FB01B4376869
:10F55000786A1BF0D0FDC06901B41EBC02B404B4CB
:10F5600008B4012001B4012001B410B4FFF766FF14
:10F5700006B03768B86F01B401981BF0CAFD806807
:10F5800001B43768786A1BF0B6FD006901B41BF05E
:10F590004CFA6F467760EBF793FE01B01CF025FC48
:10F5A00003211CF095FB01B4019800996F46776028
:10F5B000E7F794FF02B005211CF08AFB01B437681D
:10F5C000786A1BF098FD006901B41BF02EFA6F46B3
:10F5D0007760EBF779FE01B01CF007FC07211CF007
:10F5E00077FB01B43768786A1BF085FD806901B448
:10F5F0001EBC02B404B408B4012001B4012001B45B
:10F6000010B4FFF71BFF06B001200290029801B46E
:10F6100001981BF07EFD806801B4019800991CF0F0
:10F62000F0FB02B037D03768B86F01B43768786A3A
:10F630001BF061FD006901B4049801B43768786A71
:10F640001BF059FD006901B41BF0EFF96F467760BC
:10F65000EBF736FE01B01CF0C8FB03211CF038FBB1
:10F6600001B4019800996F467760E7F737FF02B061
:10F67000014603201CF02CFB01B41BF0D3FD012339
:10F680006F467760EDF7F6FB03B0029803211CF09C
:10F690001FFB0290BAE78CE1A115FFFFFFFF0100FD
:10F6A00000981BF036FD806801B46F467760E7F77D
:10F6B00061F901B41BF0C8FD6F467760E7F79AF96E
:10F6C00002B00390039801B41BF04AFC6F467760C8
:10F6D000E7F75AFA01B01CF088FB01B4029801B4B4
:10F6E00063211BF0ABF901B001B4019800996F469A
:10F6F0007760E7F7F3FE02B003211CF0F9FA0490FB
:10F700003768B86F01B43768786A1BF0F4FC006999
:10F7100001B41BF08AF96F467760EBF7D1FD01B0B9
:10F720001CF063FB01B43768786A1BF0E4FC4069A5
:10F7300001B41BF07AF96F467760EBF7C1FD01B0B9
:10F740001CF053FB01B4019800991CF0C1FA02B0FF
:10F7500005991CF0BDFA0B211CF0BAFA01B4376808
:10F76000786A1BF0C8FC006901B41BF05EF96F46B3
:10F770007760EBF7A9FD01B01CF037FB09211CF005
:10F78000A7FA01B43768786A1BF0B5FCC06901B408
:10F790001EBC02B404B408B4012001B4012001B4B9
:10F7A00010B4FFF74BFE06B03768B86F01B4376886
:10F7B000786A1BF0A0FC006901B41BF036F96F46B3
:10F7C0007760EBF77DFD01B01CF00FFB01B43768EB
:10F7D000786A1BF090FC406901B41BF026F96F4673
:10F7E0007760EBF76DFD01B01CF0FFFA01B40198F2
:10F7F00000991CF06DFA02B005991CF069FA092114
:10F800001CF066FA01B43768786A1BF074FC006972
:10F8100001B41BF00AF96F467760EBF755FD01B0B4
:10F820001CF0E3FA07211CF053FA01B43768786A38
:10F830001BF061FC806901B41EBC02B404B408B4BE
:10F84000012001B4012001B410B4FFF7F7FD06B0A8
:10F850003768B86F01B43768786A1BF04CFC0069F0
:10F8600001B41BF0F8FC012201236F467760EDF72D
:10F8700001FB02B03768786A1BF03DFC406901B4B7
:10F880001BF0D3F86F467760ECF75EF801B0059097
:10F89000059801B43768786A1BF02DFC006A01B442
:10F8A0001BF0E3FC01216F467760ECF725F902B00D
:10F8B0003768B86F01B4069801B43768786A1BF0EE
:10F8C0001AFC006901B41BF0B0F86F467760EBF7E3
:10F8D000F7FC01B01CF089FA05211CF0F9F901B41C
:10F8E000049801B462211BF0A9F801B001B4376893
:10F8F000786A1BF000FC406901B41BF096F86F4673
:10F900007760EBF7E1FC01B01CF06FFA01B40198ED
:10F9100000991CF0EDF902B003211CF0E9F901B4E3
:10F920001BF0B0FC6F467760EDF7A4FA04B03768BF
:10F93000B86F01B4049801B43768786A1BF0DBFB38
:10F94000006901B41BF071F86F467760EBF7B8FC03
:10F9500001B01CF04AFA07211CF0BAF901B437686B
:10F96000786A1BF0C8FB406901B41BF05EF86F4673
:10F970007760EBF7A5FC01B01CF037FA01B40198F1
:10F9800000991CF0A5F902B001B43768786A1BF041
:10F99000B2FB006A01B41EBC002001B4029801B49D
:10F9A00002B4032001B404B408B410B4FFF77EF924
:10F9B00007B0002006B000BD012C0BDA00B51BF02B
:10F9C00099F800F007F801B000BD774600981BF0E9
:10F9D00084FBBE4600B5002001B4029801B400F0DB
:10F9E00033FF01B0009000981BF093FB806801B4D6
:10F9F00000216F467760E7F7DFFE01B001B46F4684
:10FA00007760E7F7ADFF002802D1009801B00DE064
:10FA10000098009801B000981BF07BFB806801B44F
:10FA200006216F467760E7F7C7FE01B001B000BD61
:10FA3000012C0BDA00B51BF05DF800F007F801B0FF
:10FA400000BD774600981BF048FBBE4600B500207D
:10FA500001B401B401B401B401B4069801B4FEF7D5
:10FA60001FFD01B001211CF060F900900098CA4907
:10FA70001CF003FA05D0052002903768386F01901A
:10FA800005E003200290E82037683858019000987C
:10FA900001B46F467760E8F749F801B00390039826
:10FAA00001B41BF05DFA6F467760E7F76DF801B0BF
:10FAB0001CF09BF901B4029801B463211AF0BEFF57
:10FAC00001B001B4019800996F467760E7F706FD31
:10FAD00002B004903768B86F01B43768B86F01B4EA
:10FAE0001AF0A3FF6F467760EBF7EAFB01B01CF05A
:10FAF0007CF905991CF0FCF805211CF0F9F801B41B
:10FB00003768B86F01B41AF090FF6F467760EBF773
:10FB1000D7FB01B01CF069F901B4E8203768385808
:10FB200001B462211AF08AFF01B007211CF0D0F85D
:10FB300001B43768786A1BF0DEFAC06901B40027A7
:10FB4000009801B40197029801B40397049801B496
:10FB50000597012001B4079801B40897099801B4EA
:10FB60000A97FFF76BFC0BB03768B86F01B43768C2
:10FB7000B86F01B41AF059FF6F467760EBF7A0FB3E
:10FB800001B01CF032F905991CF0B2F803211CF009
:10FB9000AFF801B43768B86F01B41AF046FF6F468A
:10FBA0007760EBF78DFB01B01CF01FF901B4E82082
:10FBB0003768385801B462211AF040FF01B00521BE
:10FBC0001CF086F801B43768786A1BF094FA8069F3
:10FBD00001B40027009801B40197029801B403977B
:10FBE000049801B40597012001B4079801B408975F
:10FBF000099801B40A97FFF721FC0BB03768B86F7A
:10FC000001B4049801B43768B86F01B41AF00DFF5D
:10FC10006F467760EBF754FB01B01CF0E6F80699ED
:10FC20001CF066F801B4059801B43768786A1BF0D7
:10FC300062FA006A01B40027002001B4079801B4F9
:10FC4000029801B40397049801B40597069801B48B
:10FC50000797089801B409970A9801B40B97FFF722
:10FC600025F80CB0002005B000BD0000012C0BDA17
:10FC700000B51AF03FFF00F007F801B000BD77466D
:10FC800000981BF02AFABE4600B5002001B4029885
:10FC900001B400F0D9FD01B0009000981BF039FAD2
:10FCA000406801B400216F467760E7F785FD01B039
:10FCB00001B000BD022C0BDA00B51AF025FF00F0F0
:10FCC00007F802B000BD774600981BF006FABE4662
:10FCD00000B5002001B4029801B400F0B5FD01B0F8
:10FCE000009000981BF015FA806801B406216F4659
:10FCF0007760E7F761FD01B001B46F467760E7F721
:10FD00002FFE002802D1009801B00DE00098009865
:10FD100001B000981BF0FDF9806801B401216F4625
:10FD20007760E7F7BFFE01B06F467760E7F74EFEFA
:10FD3000002823D0009806211BF0EBF98160009881
:10FD40001BF0E7F9C0686F467760E7F73FFE0028D1
:10FD500006D0009801B4EC211BF095F801B00DE03D
:10FD600003986F467760E7F731FE002806D0002041
:10FD700001B40A2001B406F02DFF02B0002001B04A
:10FD800000BD0000012C0EDA00B51AF0B3FE00F041
:10FD90000AF801B000BD000081841E00774600987B
:10FDA0001BF09BF9BE4600B5002001B401B401B4BC
:10FDB00001B401B401B401B401B401B401B401B49B
:10FDC00001B401B401B401B401B401B401B401B48B
:10FDD00001B401B4169801B400F036FD01B00090F2
:10FDE0003768386F019009200490012005900120A8
:10FDF0000690052007901698406901B46F46776019
:10FE0000E7F7AEFD002802D1009801B00DE00098A0
:10FE1000009801B000981BF07CF9406801B4002103
:10FE20006F467760E7F7C8FC01B0089016988069C4
:10FE300001B46F467760E7F793FD002802D1009880
:10FE400001B00DE00098009801B000981BF061F936
:10FE5000806801B400216F467760E7F7ADFC01B020
:10FE6000099008986F467760E7F7B0FD002850D0FA
:10FE70006F467760E6F77EFD01B401981BF049F903
:10FE8000406801B41AF098FF6F467760E6F7B2FD5C
:10FE900002B00290029801B41BF062F86F467760DE
:10FEA000E6F772FE01B01BF0A0FF01B4029801B4A6
:10FEB00063211AF0C3FD01B001B4019800996F46A7
:10FEC0007760E7F70BFB02B007211BF001FF0590FD
:10FED000049801B4029801B462211AF0AFFD01B098
:10FEE00001B4019800991BF0F3FE02B0049007984A
:10FEF00001B4029801B462211AF0A0FD01B00321FF
:10FF00001BF0E6FE01B4019800991BF0E1FE02B07F
:10FF1000079009986F467760E7F758FD002800D1F1
:10FF200083E000981BF0F5F8806801B46F467760B5
:10FF3000E7F716FD002802D0009801B003E0009812
:10FF4000009801B0012001B46F467760E6F712FD1A
:10FF500001B4019801B41AF02FFF6F467760E6F7FD
:10FF600049FD03B003903768786A1BF0C4F8006954
:10FF700001B41AF05AFD6F467760EBF7A1F901B0B2
:10FF80001BF033FF01B43768786A1BF0B4F840699E
:10FF900001B41AF04AFD6F467760EBF791F901B0B2
:10FFA0001BF023FF01B4019800991BF091FE02B0F1
:10FFB00001B4049801B41AF0D3FF6F467760E6F7F6
:10FFC000E3FD01B01BF011FF01B4039801B46321FC
:10FFD0001AF034FD01B001B4019800996F467760C2
:10FFE000E7F77CFA02B001B4019800991BF070FEAB
:10FFF00002B007211BF06CFE0690049801B437682C
:020000040002F8
:10000000786A1BF078F8006901B41AF00EFD6F46AB
:100010007760EBF759F901B01BF0E7FE01B40198E6
:1000200000991BF055FE02B00490069801B40698A2
:1000300001B4FCF757F902B00A90089801B46F4672
:100040007760E7F78DFC002802D1009801B003E04B
:100050000098009801B009986F467760E7F7B6FC02
:10006000002804D0049803211BF032FE0490169857
:10007000C06A6F467760E7F7A9FC002801D00A98AC
:1000800000E0012001B41798406A02BC1BF030FE6A
:100090000B901698006B6F467760E7F797FC002887
:1000A00001D0049800E0012001B41798806A02BCD6
:1000B0001BF01EFE0C90089801B46F467760E7F7BE
:1000C0004FFC002802D0009801B003E0009800988F
:1000D00001B009986F467760E7F778FC002853D0A5
:1000E0003768B86F01B40C9801B40E9801B40D983C
:1000F00001B4089801B41B98C06801B400270098A7
:1001000001B40197029801B40397049801B40597CC
:10011000069801B40797089801B409970A9801B4A2
:100120000B97FFF78BF90CB03768B86F01B40C98D8
:1001300003211BF0CDFD01B40E9803211BF0C8FD77
:1001400001B40D9805211BF0D3FD01B408980521D9
:100150001BF0CEFD01B41B98806801B40027009805
:1001600001B40197029801B40397049801B405976C
:10017000069801B40797089801B409970A9801B442
:100180000B97FFF75BF90CB008986F467760E7F7BD
:100190001DFC00283DD01698C06A6F467760E7F7CF
:1001A00015FC002804D00A9805991BF0A1FD00E079
:1001B00001200D903768B86F01B4039801B40D9811
:1001C00003211BF085FD0F991BF082FD03211BF01D
:1001D0007FFD01B40F9805211BF07AFD01B41A9838
:1001E000006901B40027002001B4079801B4029807
:1001F00001B40397049801B40597069801B40797D2
:10020000089801B409970A9801B40B97FEF74EFDC0
:100210000CB009986F467760E7F7D8FB002800D14B
:10022000ECE01698C06A6F467760E7F7CFFB0028CE
:1002300004D00A9806991BF05BFD00E0012001B490
:100240000C9803211BF044FD02BC1BF041FD0E90F5
:100250003768786A1AF04FFF406901B41AF0E5FB7D
:100260006F467760EBF770FB01B00F900F9801B409
:100270001798006901B41AF0F8FF01216F46776002
:10028000EBF73AFC02B03768B86F01B43768786AA8
:100290001AF031FF006901B4109801B40F980A995F
:1002A0001BF016FD01B41AF0EDFF6F467760ECF716
:1002B000E1FD04B03768B86F01B4109801B410982C
:1002C00001B43768786A1AF016FF006901B41AF0B1
:1002D000ACFB6F467760EAF7F3FF01B01BF085FDDA
:1002E00001B4019800991BF0F3FC02B001B40F981F
:1002F0000A991BF0EDFC01B4059801B462211AF0D3
:100300009DFB01B001B4019800991BF0E1FC02B023
:1003100001B43768786A1AF0EEFE406901B41AF049
:1003200084FB6F467760EAF7CFFF01B01BF05DFDFD
:1003300001B4019800991BF0DBFC02B003211BF013
:10034000D7FC01B41AF09EFF6F467760ECF792FD80
:1003500004B03768B86F01B4049801B4109801B4C0
:100360003768786A1AF0C7FE006901B41AF05DFBBD
:100370006F467760EAF7A4FF01B01BF036FD01B4C9
:10038000019800991BF0A4FC02B001B43768786AA8
:100390001AF0B1FE406901B41AF047FB6F4677606E
:1003A000EAF78EFF01B01BF020FD01B4019800991F
:1003B0001BF08EFC02B003211BF08AFC01B40F98E5
:1003C0000A991BF085FC01B41A98006901B4002752
:1003D000002001B4079801B4029801B4039704986F
:1003E00001B40597069801B40797089801B40997D6
:1003F0000A9801B40B97FEF759FC0CB01698006AE6
:100400006F467760E7F7E2FA002800D10FE16F4608
:100410007760E6F7AFFA01B41798406801B41AF0B4
:10042000CBFC6F467760E6F7E5FA02B010901098C3
:1004300001B41AF095FD6F467760E6F7A5FB01B0B1
:100440001BF0D3FC01B4029801B463211AF0F6FA50
:1004500001B001B4019800996F467760E7F73EF864
:1004600002B003211BF034FC1190049801B40298EF
:1004700001B462211AF0E2FA01B005211BF028FC58
:1004800001B406BC02B404B4FBF72CFF02B0129016
:100490001698C06A6F467760E7F798FA002807D089
:1004A0000B9811991BF024FC03211BF011FC06E0B2
:1004B0000B980A991BF00CFC03211BF019FC1390FC
:1004C0000C98149008986F467760E7F77FFA6F46AC
:1004D0007760E6F7F5FB6F467760E6F713FD01B44A
:1004E0006F467760E7F73CFA002802D1009801B028
:1004F0000FE00098009801B009986F467760E7F721
:1005000065FA6F467760E6F7DBFB6F467760E6F7E4
:10051000F9FC6F467760E7F759FA00281ED0169865
:10052000C06A6F467760E7F751FA002802D00120D1
:10053000404200E0032001B4149802BC1BF0C8FB49
:1005400013901698006B6F467760E7F73FFA002824
:1005500004D0149807211BF0CBFB14903768B86FB8
:1005600001B4149801B4169801B4149801B4169803
:1005700001B41B98C06801B40027009801B401972A
:10058000029801B40397049801B40597069801B442
:100590000797089801B409970A9801B40B97FEF7DA
:1005A0004DFF0CB03768B86F01B4119801B41598BD
:1005B00003211BF08DFB01B4179801B4169801B408
:1005C00003211BF0F7FB01B001B4019800991BF067
:1005D0007FFB02B001B4059801B462211AF02EFA33
:1005E00001B001B403211BF0E5FB01B001B4019897
:1005F00000991BF07DFB02B001B41A98806801B429
:100600000027002001B4079801B4029801B40397B1
:10061000049801B40597069801B40797089801B4A7
:1006200009970A9801B40B97FEF740FB0CB0002025
:1006300015B000BD00B5002001B4BC486F4677601E
:10064000E8F7CCFA01B4059801B46F467760E7F794
:1006500087F9002802D0009801B003E000980098C4
:1006600001B0B34801B4049801B4019801B40798EB
:1006700001B4049801B400F011F805B001BC009079
:10068000009801B000BD0000548801000000000087
:100690009506020000B5422000BD00007746009894
:1006A0001AF00AFEBE4600B501980299C160019891
:1006B00003990161049801B4029801B4FBF7ECFEC0
:1006C00002B0002000BD0000774600981AF013FD2C
:1006D000BE4600B5019811218160019801B46F46B2
:1006E0007760E6F725FC01B401980099416002B0FB
:1006F000019801B400F078F801B401980099016103
:1007000002B0019801B48B486F467760ECF728FE81
:1007100001B401980099416102B03768B86F01B423
:100720001AF083F96F467760EAF7D2FD01B06F46A1
:100730007760E6F7E7FB6F467760E7F747F9002851
:1007400001D0012000E0032001B4029802BC8161C5
:100750003768B86F01B41AF068F96F467760EAF746
:10076000B7FD01B06F467760E6F7CCFB6F46776068
:10077000E7F72CF9002801D0032000E0072001B49E
:10078000029802BCC1613768B86F01B41AF04DF924
:100790006F467760EAF79CFD01B06F467760E6F739
:1007A000B1FB6F467760E7F711F9002801D003200D
:1007B00000E0072001B4029802BC01620198002108
:1007C000416201980021816201980021C160019875
:1007D00001B46F467760E6F7ABFB01B4019800996E
:1007E000416002B0002000BD00B53768B86F01B4A9
:1007F0001AF01BF96F467760EAF76AFD01B06F46A1
:100800007760E6F77FFB6F467760E7F7DFF8002851
:1008100005D049486F467760ECF7A2FD04E04748F1
:100820006F467760ECF79CFD00BD0000012C0BDAF1
:1008300000B51AF05FF900F007F801B000BD774687
:1008400000981AF04AFCBE4600B5019801B400F0C9
:1008500021F801B03768786A1AF04DFC406801B49D
:100860000298406803211BF043FA01B401980099F3
:1008700019F079FE02B000BD012C0BDA00B51AF0B8
:1008800039F900F007F801B000BD774600981AF07A
:1008900024FCBE4600B5FDF76FFE019840680321B9
:1008A0001BF0C3FA01D000F04DF83768786A1AF0EF
:1008B00022FC406801B40298406803211BF018FA3A
:1008C00001B40198009919F04EFE02B06F467760AE
:1008D000E7F77CF86F467760E6F7F2F96F467760E6
:1008E000E6F710FB6F467760E7F770F800281AD03C
:1008F00013486F467760E8F771F901B40020376854
:10090000786A1AF0F8FB406801B403984068032144
:100910001BF0EEF901B4029801B402980199009A13
:1009200019F06CFE04B0002000BD000030D00300C0
:10093000880602004846040088460400B8460400C1
:10094000E4D0030000B53768786A1AF0D4FB8068F9
:1009500021211BF0DDF96F467760E7F737F80028B3
:1009600000D046E03768786A01B401B401981AF003
:10097000C2FB806821211BF0D8F901B401980099CD
:100980001AF0B9FB816003B03768786A1AF0B3FBDC
:10099000806841211BF0BCF96F467760E7F716F8D5
:1009A0006F467760E6F78CF96F467760E6F7AAFA4C
:1009B0006F467760E7F70AF800280BD03768786A47
:1009C00001B400F019F801B4019800991AF093FBF2
:1009D000016102B03768786A01B486486F46776073
:1009E000ECF7BEFC01B4019800991AF084FB416158
:1009F00002B0002000BD000000B53768B86F01B438
:100A00001AF013F86F467760EAF762FC01B06F46A0
:100A10007760E6F777FA6F467760E6F7D7FF00284A
:100A200005D075486F467760ECF79AFC04E0734890
:100A30006F467760ECF794FC00BD000000B50198AC
:100A400001B4E0203768385801B400F00CF802B067
:100A5000002000BD022C0BDA00B51AF055F800F0AA
:100A600007F802B000BD774600981AF036FBBE4684
:100A700000B5002001B4029801B4FFF7E5FE01B013
:100A800000903768786A1AF036FB80680121090205
:100A900001311BF03DF96F467760E6F797FF6F462F
:100AA0007760E6F70DF96F467760E6F72BFA6F4649
:100AB0007760E6F78BFF002806D0422001B40920BA
:100AC00001B4FDF71BFD02B0029801B400F020F85C
:100AD00001B0009801B4049801211BF026F901B47B
:100AE000019800991AF015FB816002B0002001B056
:100AF00000BD0000012C0BDA00B519F0FBFF00F07F
:100B000007F801B000BD774600981AF0E6FABE4635
:100B100000B5002001B4029801B4FFF795FE01B0C2
:100B200000900298806900211BF0CFF902D0029852
:100B3000422181610298006A00211BF0C6F902D0AF
:100B400002984221016200981AF0E3FA80680021BD
:100B50001BF0BBF904D0009807211AF0DAFA816083
:100B600000981AF0D6FA806801B46F467760E6F70D
:100B7000F7FE002802D0009801B003E0009800982A
:100B800001B0012001B000BD00B51D486F4677607F
:100B9000ECF7E6FB03463768786901B408B4FAF766
:100BA00097FF02B0982137687850022000021D306C
:100BB00001B498203768385801B4FBF702FC02B042
:100BC000422001B4112001B498203768385801B48C
:100BD000FAF749FF03B098203768385801B400F09D
:100BE000DFFB01B000F00EF80320A8213768785031
:100BF000002000BD6C460400E846040014470400D1
:100C0000F463040000B5C92001B4072001B400F06A
:100C1000EDF902B0F02137687850F0203768385885
:100C200001B4D3486F467760ECF79AFB01B406BC79
:100C300002B404B400F0B4F902B0F02037683858B8
:100C400001B4CC486F467760ECF78AFB01B406BC70
:100C500002B404B400F0A4F902B0F02037683858A8
:100C600001B4C5486F467760ECF77AFB01B406BC67
:100C700002B404B400F094F902B0F0203768385898
:100C800001B4BE486F467760ECF76AFB01B406BC5E
:100C900002B404B400F084F902B0F0203768385888
:100CA00001B498203768385801B400F01BF902B03D
:100CB000C92001B4012001B400F098F902B0F42178
:100CC00037687850F4203768385801B4AC486F461C
:100CD0007760ECF745FB01B406BC02B404B400F045
:100CE0005FF902B0F4203768385801B4A5486F4660
:100CF0007760ECF735FB01B406BC02B404B400F035
:100D00004FF902B0F4203768385801B49E486F4656
:100D10007760ECF725FB01B406BC02B404B400F024
:100D20003FF902B0F4203768385801B497486F464D
:100D30007760ECF715FB01B406BC02B404B400F014
:100D40002FF902B0F4203768385801B4982037687A
:100D5000385801B400F0C6F802B00120000291300A
:100D600001B4032001B400F041F902B0F821376862
:100D70007850F8203768385801B485486F46776056
:100D8000ECF7EEFA01B406BC02B404B400F008F9C2
:100D900002B0F8203768385801B47C486F46776055
:100DA000ECF7DEFA01B406BC02B404B400F0F8F8C3
:100DB00002B0F8203768385801B49820376838589E
:100DC00001B400F08FF802B001200002913001B4AC
:100DD000052001B400F00AF902B0FC213768785010
:100DE000FC203768385801B464486F467760ECF7E8
:100DF000B7FA01B406BC02B404B400F0D1F802B0F2
:100E0000FC203768385801B462486F467760ECF7C9
:100E1000A7FA01B406BC02B404B400F0C1F802B0F1
:100E2000FC203768385801B498203768385801B426
:100E300000F058F802B001200002913001B40F20F8
:100E400001B400F0D3F802B00121090237687850EC
:100E5000012000023768385801B44F486F46776068
:100E6000ECF77EFA01B406BC02B404B400F098F8C2
:100E700002B0012000023768385801B49820376862
:100E8000385801B400F02EF802B001200002913071
:100E900001B4112001B400F0A9F802B04121890089
:100EA00037687850412080003768385801B43B4893
:100EB0006F467760ECF754FA01B406BC02B404B490
:100EC00000F06EF802B0412080003768385801B455
:100ED00098203768385801B400F004F802B00020B8
:100EE00000BD000000B5019801B4039801B400F002
:100EF0000CF802B0002000BD022C0BDA00B519F08E
:100F000003FE00F007F802B000BD774600981AF023
:100F1000E1F9BE4600B50198406801B4039801B4F8
:100F200019F0ECFD00226F467760E6F7F3FC02B0A3
:100F30001AF05BFF012149421AF0C7FF0BD001985C
:100F4000406801B4039801B419F0D8FD6F4677608A
:100F5000E5F7FEFF02B0002000BD0000022C24DAFD
:100F600000B519F0D1FD00F020F802B000BD00007E
:100F7000646304001465040034660400046904001A
:100F8000B46A0400446B0400D46B0400F4630400EE
:100F900064700400F470040084710400147204008E
:100FA000774600981AF096F9BE4600B5019801B44C
:100FB00001B40198C06803211AF08AFE01B401B49B
:100FC00002980099C16001B0002701970297049828
:100FD000806801B4019801B4079801B4029801999E
:100FE000009A19F00BFB06B0002000BD00B5CE48FA
:100FF0006F467760E7F7F2FD01B4039801B40398F8
:1010000001B4029801B400F003F803B001BC00BDC4
:10101000774600981AF05EF9BE4600B5019803992C
:101020000161019801214942C16001980299416121
:10103000019801B46F467760E5F77AFF01B4019833
:101040000099816002B0019801B46F467760E5F7BE
:101050006FFF01B401980099416002B0019801B49A
:101060006F467760E4F76AFF1AF0BFFE01B401989B
:101070000099816102B0019801B400F011F801B04B
:10108000002000BD012C0BDA00B519F033FD00F093
:1010900007F801B000BD774600981AF01BF9BE466C
:1010A00000B58420376838586F467760E6F78EFCC5
:1010B0006F467760E5F704FE6F467760E5F722FF3D
:1010C0006F467760E6F782FC002811D06F467760A4
:1010D000E5F72EFF8421376878500EF09BF9034620
:1010E000924801B41F2001B408B4FBF70AFB03B017
:1010F00084203768385801B4029801B419F0FEFC16
:101100006F467760E5F724FF02B0002000BD0000C5
:1011100054880100000000001D11020000B5844841
:1011200001B484203768385801B4FAF7B3FD02B02F
:10113000002000BD548801000000000041110200A1
:10114000012C06DA00B519F0D5FC00F002F801B068
:1011500000BD00B5019801B400F00DF801B0002009
:1011600000BD0000012C0BDA00B519F0C3FC00F043
:1011700007F801B000BD774600981AF0ABF8BE46FC
:1011800000B5002001B401B46F467760E4F7D6FEE5
:101190001AF02BFE0090009801B40498806901B405
:1011A000019800991AF0A4FD02B00190019801B4D1
:1011B0000498006901B4019800996F467760E6F7DA
:1011C00095FC02B001B46F467760E6F7C9FB0028D2
:1011D00002D1009801B00EE00098009801B0039889
:1011E000806801B419F00EFC6F467760E5F7AAFE3F
:1011F00001B01AF0FAFD6F467760E6F7E7FB0028CA
:1012000023D0039801B40498C06803211AF060FD4C
:1012100001B40598806801B419F0F4FB6F4677605B
:10122000E5F790FE01B01AF0E0FD01B401980099D5
:101230006F467760E6F794F902B001B4019800991F
:10124000C16002B0039800998161039801B40498C9
:1012500040680346374801B408B4FAF7CFFC02B03F
:1012600001B401980099416002B0012032496F46F3
:101270007760E7F785FC01B40021049A6F46776038
:10128000E5F7CEFE049840680346009808B4FAF7E4
:1012900001FD02B0002002B000BD00005488010032
:1012A00000000000A9120200012C06DA00B519F0B6
:1012B00021FC00F002F801B000BD00B5019819F062
:1012C0007AFC406E05211AF023FD6F467760E6F741
:1012D0007DFB6F467760E5F7F3FC6F467760E5F7D7
:1012E00011FE00BD5488010000000000F112020050
:1012F000012C06DA00B519F0FDFB00F002F801B090
:1013000000BD00B5002001B4029819F054FC006C37
:1013100001B4E868406901B4019800991AF0D5FD5C
:1013200002B00BD11DE0000038D103001011020003
:10133000341102009C120200E4120200E86801B4B9
:1013400000F020F801B000900298806C00991AF02B
:10135000E4FD06D0009801B4039801B4FCF73FF80F
:1013600002B0002001B000BD012C0BDA00B519F06D
:10137000C1FB00F007F801B000BD7746009819F0F6
:10138000A9FFBE4600B50198806801B40298C06804
:1013900001B40198009919F0E6F802B000BD000010
:1013A00000B5002001B410F093FB0090009819F0F4
:1013B00010FC006A029919F01AFC4161002001B08A
:1013C00000BD000000B50198029919F0F4FB01641A
:1013D000002000BD00B5002001B402986F46776080
:1013E000E6F7F4FA6F467760E5F76AFC6F467760D8
:1013F000E5F788FD01B46F467760E6F7B1FA00289B
:1014000002D0009801B013E00098009801B010F0ED
:101410005FFB19F0DEFBC0686F467760E6F7D6FA2F
:101420006F467760E5F74CFC6F467760E5F76AFD3D
:101430006F467760E6F7CAFA002800D020E00398EC
:1014400001B400F025F901B00090009801B419F042
:10145000D9FA6F467760E5F775FD01B01AF0C5FC63
:1014600001211AF0E2FC0BD0009801B400F00CF856
:1014700001B00346029801B408B400F062F802B06B
:10148000002001B000BD000000B501986F467760F4
:10149000E6F79CFA6F467760E5F712FC6F467760D7
:1014A000E5F730FD01B46F467760E6F759FA00289A
:1014B00002D0009801B014E00098009801B00198A3
:1014C00001B419F09FFA6F467760E5F73BFD01B074
:1014D0001AF08BFC01B401216F467760E6F70AFA37
:1014E00001B06F467760E6F771FA002801D000205E
:1014F0001DE0019801B4029801B419F083FA6F4617
:101500007760E5F71FFD01B01AF06FFC03211AF0B8
:10151000EFFB01B4009901206F467760E6F764F8AD
:1015200001B001B40198009919F01DF802B000BD96
:10153000022C0BDA00B519F0E7FA00F007F802B058
:1015400000BD7746009819F0D3FEBE4600B502985C
:101550006F467760E6F73AFA6F467760E5F7B0FBDB
:101560006F467760E5F7CEFC6F467760E6F72EFAB8
:10157000002800D014E0029801B4029801B400F0F1
:1015800063F801B001B4039801B400F019F801B098
:1015900001B40EBC02B404B408B4FAF7CCF903B039
:1015A000002000BD012C0BDA00B519F0A3FA00F001
:1015B00007F801B000BD7746009819F099FEBE46C5
:1015C00000B5002001B40298C068406800900298FD
:1015D000406801B4019801B4019800991AF0C0FB69
:1015E00002B001B4019803211AF082FB01B4009902
:1015F00003201AF0B5FB01B001B4019800991AF06C
:1016000067FB02B001B000BD012C0BDA00B519F088
:1016100071FA00F007F801B000BD7746009819F0A4
:1016200075FEBE4600B50198406800BD012C0BDA7E
:1016300000B519F05FFA00F007F801B000BD774679
:10164000009819F055FEBE4600B5002001B402987E
:10165000C068406800900298806801B4019801B4A5
:10166000019800991AF07CFB02B001B401980321A3
:101670001AF03EFB01B4009903201AF071FB01B08F
:1016800001B4019800991AF023FB02B001B000BD2B
:1016900000B5002001B410F01BFA0090009819F07A
:1016A00098FAC0686F467760E6F790F96F46776002
:1016B000E5F706FB6F467760E5F724FC01B46F465B
:1016C0007760E6F74DF9002802D0009801B015E0E8
:1016D0000098009801B0009819F07BFAC06819F0E2
:1016E00025FEC0696F467760E6F770F96F46776050
:1016F000E5F7E6FA6F467760E5F704FC6F4677603A
:10170000E6F764F9002811D0B0486F467760E7F734
:1017100065FA01B4092001B4019801B400F038F968
:1017200002B0019802BC19F054FAC160009819F097
:1017300050FAC0680346029801B408B400F00DF8EE
:1017400002B001B000BD0000022C0BDA00B519F0A8
:10175000DBF900F007F802B000BD7746009819F0F9
:10176000E5FDBE4600B5002001B401B401B401B4EA
:10177000069801B4069801B4482119F099FC02B00A
:1017800001B46F467760E6F7EBF8002802D00098C6
:1017900001B014E00098009801B0059801B43C2114
:1017A00019F086FC01B06F467760E6F70FF96F46D7
:1017B0007760E5F785FA6F467760E5F7A3FB6F463C
:1017C0007760E6F703F9002804D06F467760E5F705
:1017D000AFFB71E06F467760E5F7AAFB0090012050
:1017E0000190019801B40698406901B419F01DF9FF
:1017F0006F467760E9F764FD01B01AF0F6FA01B4BC
:10180000019800991AF0FDFA02B054D0012002901C
:10181000029801B40698406901B419F006F96F46C0
:101820007760E9F751FD01B01AF0DFFA01B40198D1
:1018300000991AF0E6FA02B037D00598406901B471
:10184000029801B4049801B419F00FFC6F46776058
:10185000E9F776FD03B01AF0C8FA039003980699E9
:101860001AF033FB1BD05A486F467760E7F7B6F99A
:1018700001B4069801B4049801B4049801B4039823
:1018800001B400F01BF804B0019801B4019801B450
:1018900019F034F96F467760E5F75AFB03B0029808
:1018A00003211AF015FA0290B2E7019803211AF009
:1018B0000FFA019095E7009804B000BD77460098B4
:1018C00019F016FDBE4600B5019802998160019895
:1018D0000399416001980499C160002000BD000097
:1018E000012C0BDA00B519F005F900F007F801B08A
:1018F00000BD7746009819F019FDBE4600B5019865
:1019000040696F467760E6F761F86F467760E5F704
:10191000D7F96F467760E5F7F5FA6F467760E6F737
:1019200055F86F467760E5F7CBF96F467760E5F7D6
:10193000E9FA00BD022C0BDA00B519F0E5F800F069
:1019400007F802B000BD7746009819F0EFFCBE46DC
:1019500000B5029801B401216F467760E6F7B4F84C
:1019600001B001B46F467760E5F7FAFF002802D0B6
:10197000009801B00AE00098009801B0029801B404
:101980001F216F467760E6F7C1F801B000BD000087
:101990007746009819F0CAFCBE4600B5029801B41B
:1019A000029801B400F016F802B0019801B46F4635
:1019B0007760E5F7BDFA01B401980099816102B042
:1019C00001984221C161002000BD0000B0D3030096
:1019D000E4D103007746009819F098FCBE4600B5A4
:1019E000019803218160029801B4029801B400F0CB
:1019F00055FC02B00120C6496F467760E7F7C0F892
:101A000001B40021029A6F467760E5F709FB02985E
:101A100001B4002001B4029801B40120404201B495
:101A2000FEF708FE03B00027019701B40198009962
:101A3000016103B0002000BD5488010000000000D7
:101A4000451A0200022C06DA00B519F05DF800F024
:101A500002F802B000BD00B5029801B4029801B4CA
:101A6000E86801B44C2119F023FB03B0002000BD4D
:101A7000032C0BDA00B519F0C8F800F007F803B032
:101A800000BD7746009819F041FCBE4600B5002025
:101A900001B401B401B401B401B401B401B401B49E
:101AA00001B401B401B401B401B401B401B410989B
:101AB00001B43C2119F0FCFA01B06F467760E5F7FC
:101AC00085FF6F467760E5F7FBF86F467760E5F7CF
:101AD00019FA6F467760E5F779FF002800D0EBE14F
:101AE0001098406801B4009903201AF039F901B048
:101AF00003211AF0FDF80090129819F078F8C068E8
:101B000000991AF005F90190129819F070F800691F
:101B100000991AF0FDF80290129819F068F8C06860
:101B200001B41198406801B4019800991AF042F983
:101B300002B001B4012001B4FAF7D4FB02B0039063
:101B40001098C068806901B4139819F050F8C06803
:101B500001B4139801B418F068FF6F467760E9F795
:101B6000AFFB01B01AF041F901B4019800991AF0E5
:101B7000AFF802B001B41298406801B4019800991E
:101B80001AF018F902B003211AF0A2F801B406BC49
:101B900002B404B4FBF7E6FE02B00490129819F008
:101BA00026F8006901B41198406801B401980099C1
:101BB0001AF000F902B001B4012001B4FAF792FB67
:101BC00002B005901098C068C06901B4139819F06C
:101BD0000EF8006901B4139801B418F026FF6F469F
:101BE0007760E9F771FB01B01AF0FFF801B40198D2
:101BF00000991AF06DF802B001B41298406801B46F
:101C0000019800991AF0D6F802B003211AF060F892
:101C100001B406BC02B404B4FBF7A4FE02B0069003
:101C200003980790079804991AF013F95CD0059867
:101C30000890089806991AF00CF94FD01098C068CF
:101C40000346089801B4089801B408B400F027FAD4
:101C500003B009901098C0680346099801B408B40D
:101C600000F055F902B00A900A986F467760E5F7E0
:101C7000ADFE00282CD0119801B40B9801B409983E
:101C800005991AF035F801B41398406801B4019829
:101C900000991AF065F802B003991AF029F801B416
:101CA0000B9808991AF024F801B41498406801B40C
:101CB000019800991AF054F802B005991AF018F832
:101CC00001B419F0DFFA6F467760EBF7D3F804B090
:101CD0000898032119F0FCFF0890AAE70798032150
:101CE00019F0F6FF07909DE72120C00037683858AB
:101CF0006F467760E5F76AFE002800D1DCE00398C4
:101D00000B900B9804991AF0A4F803D168E0000036
:101D1000381A02000B98039919F0EAFF01B41198E0
:101D2000406801B4019800991AF01AF802B00199BC
:101D300019F0DEFF0C900C9801B401216F4677601A
:101D4000E5F7D4FE01B001B46F467760E5F708FE11
:101D5000002802D1009801B018E00098009801B066
:101D60000C9801B43768B86F01B418F05EFE6F4686
:101D70007760E9F7A5FA01B01AF037F801B40198D5
:101D800000996F467760E5F78DFE02B06F46776089
:101D9000E5F71CFE00281DD0119801B40D9801B480
:101DA0000E9801B4149801B418F03FFE6F467760A6
:101DB000E9F78AFA01B01AF018F801B41EBC032042
:101DC00001B402B404B4012001B408B410B400F0AA
:101DD00077F806B00B98032119F07AFF0B9090E783
:101DE00005980D900D9806991AF033F864D00D9867
:101DF000059919F07DFF01B41198406801B401986C
:101E0000009919F0ADFF02B0029919F071FF0E9020
:101E10000E9801B401216F467760E5F767FE01B0C7
:101E200001B46F467760E5F79BFD002802D100986A
:101E300001B018E00098009801B00E9801B437681E
:101E4000B86F01B418F0F1FD6F467760E9F73CFA1E
:101E500001B019F0CAFF01B4019800996F4677608C
:101E6000E5F720FE02B06F467760E5F7AFFD00288A
:101E70001CD0119801B40F9801B4139801B418F054
:101E8000D4FD6F467760E9F71BFA01B019F0ADFF9A
:101E900001B40EBC032001B40F9801B402B404B421
:101EA000012001B408B400F00BF806B00D9803212E
:101EB00019F00EFF0D9095E700200FB000BD000057
:101EC00000B5019801B4049801B4049801B4FDF779
:101ED0003BFA02B001B4079801B4079801B4FDF7CA
:101EE00033FA02B001B4099801B419F07EF96F46D3
:101EF0007760E9F71DFF04B0002000BD022C0BDA6B
:101F000000B518F001FE00F007F802B000BD7746FA
:101F1000009819F019FABE4600B5002001B401B4CA
:101F200001B40498406901B40099032019F018FF26
:101F300001B000900498006901B4069801B40198BA
:101F4000009918F010FB02B0019001986F4677607D
:101F5000E5F73CFD6F467760E4F7B2FE6F467760C9
:101F6000E4F7D0FF6F467760E5F730FD002877D0C3
:101F70000498C06801B4069801B40198009918F05B
:101F8000F2FA02B0029002986F467760E5F71EFD04
:101F9000002865D0029801B418F047FD6F467760BD
:101FA000E9F78EF901B019F020FF01B4019801B4EE
:101FB000019800996F467760E5F774FD02B001B4AF
:101FC0006F467760E5F7CCFC002802D1009801B09D
:101FD00017E00098009801B0029801B418F025FDB0
:101FE0006F467760E9F770F901B019F0FEFE01B4B1
:101FF000019801B4019800996F467760E5F752FDAA
:1020000002B06F467760E5F7E1FC002802D0029845
:10201000019018E0009801B4019801B418F0B4FFE1
:102020006F467760E9F786FF02B00190019801B42E
:10203000039801B419F00FF9002200236F4677606E
:10204000EAF736FF02B00498006901B4069801B4BB
:10205000039801B402980199009A18F0CFFA03B0DE
:10206000019803B000BD0000012C0BDA00B518F098
:1020700041FD00F007F801B000BD7746009819F067
:1020800063F9BE4600B50198406900BD032C0BDA28
:1020900000B518F0BAFD00F007F803B000BD7746B0
:1020A000009819F051F9BE4600B5039801B40398A1
:1020B00001B4039801B400F043F803B06F467760B1
:1020C000E5F784FC002801D001202AE0019840684F
:1020D00001B40398012119F028FE0146092019F0E6
:1020E000F7FD01B40598012119F01FFE01B4049811
:1020F000806901B4019800996F467760E5F7EEF9C1
:1021000002B001B40198009919F0E2FD02B001B4E7
:1021100019F028F96F467760E3F76EFC02B019F00A
:1021200064FE00BD032C0BDA00B518F06EFD00F064
:1021300007F803B000BD7746009819F005F9BE46D0
:1021400000B5029801B401216F467760E5F7BCFC49
:1021500001B001B46F467760E5F702FC002802D0B9
:10216000009801B00EE00098009801B0029801B408
:102170000298806901B4019800996F467760E5F78D
:10218000B5FC02B001B46F467760E5F7E9FB0028C3
:1021900002D0009801B00AE00098009801B00398BE
:1021A00001B401216F467760E5F78EFC01B001B400
:1021B0006F467760E5F7D4FB002802D0009801B0A5
:1021C0000EE00098009801B0039801B40298C0692D
:1021D00001B4019800996F467760E5F787FC02B07B
:1021E00000BD0000012C0BDA00B518F083FC00F0F4
:1021F00007F801B000BD7746009819F0A5F8BE4673
:1022000000B50198C06900BD012C0BDA00B518F0CB
:1022100071FC00F007F801B000BD7746009819F096
:1022200093F8BE4600B50198806900BD012C0BDA19
:1022300000B518F05FFC00F007F801B000BD77466C
:10224000009819F063F8BE4600B50198C0686F4663
:102250007760E5F7BBFB6F467760E4F731FD6F46CB
:102260007760E4F74FFE6F467760E5F7AFFB6F46A8
:102270007760E4F725FD6F467760E4F743FE00BD25
:10228000022C0BDA00B518F03FFC00F007F802B0A2
:1022900000BD7746009819F039F8BE4600B50198A0
:1022A000029941600198C0686F467760E5F78EFB40
:1022B000002808D00198C0680346029801B408B409
:1022C00000F00DF802B0002000BD0000022C0BDA77
:1022D00000B518F019FC00F007F802B000BD774611
:1022E000009819F031F8BE4600B501980299416195
:1022F000019801B46F467760E4F71AFE01B40198C3
:102300000099016102B0002000BD000077460098EE
:1023100019F035F8BE4600B50198029941600020D9
:1023200000BD000000B5E0203768385801B4FEF762
:10233000EAFB01B000BD0000022C0BDA00B518F07A
:10234000E3FB00F007F802B000BD7746009819F0F3
:1023500016F8BE4600B50A2001B4039801B40398EC
:1023600001B400F011F803B0002000BD032C0BDA1B
:1023700000B518F04AFC00F007F803B000BD77463E
:10238000009818F0FCFFBE4600B5002001B402988A
:1023900001B401F061FF01B07E486F467760E6F757
:1023A0001DFC01B4039801B4019801B401F03AFF97
:1023B00002B003980099816001BC0090029801B4BA
:1023C00001F0BAFE01B0042073496F467760E6F76A
:1023D000D7FB01B40021039A6F467760E4F720FE33
:1023E00000980121019A6F467760E4F719FE009882
:1023F0000221049A6F467760E4F712FE00980321E9
:10240000059A6F467760E4F70BFE009818F0D4FA4F
:102410006F467760E3F7A2FD01B0002001B000BD78
:1024200054880100000000002D24020000B5E86877
:102430008068296919F035FD26D0686901B42869DA
:1024400001B400F05AF802B0A8696F467760E5F76A
:10245000BDFA6F467760E4F733FC6F467760E4F7C8
:1024600051FD6F467760E5F7B1FA00280BD0E868B8
:102470008068296919F015FD04D0E86801B400F0FE
:1024800013F801B000E0D2E7002000BD012C0BDA08
:1024900000B518F02FFB00F007F801B000BD77463B
:1024A000009818F06CFFBE4600B5432080003768E6
:1024B00038586F467760E5F789FA002811D0432035
:1024C00080003768385801B4029801B418F016FB40
:1024D0006F467760E5F736FA02B06F467760E4F74B
:1024E00011FD002000BD0000022C0BDA00B518F031
:1024F0000BFB00F007F802B000BD7746009818F01B
:102500004CFFBE4600B5002001B401B401B401B4D3
:1025100001B401B401B401B401B401B401B401B413
:1025200001B401B401B401B401B401B401B401B403
:1025300001B401B401B401B401B401B401B401B4F3
:1025400001B401B401B401B401B46F467760E4F79B
:102550005DFD01B401B425996F467760E4F754FD41
:1025600001B001BC2390229840686F467760E5F780
:102570002DFA6F467760E4F7A3FB6F467760E4F7C8
:10258000C1FC6F467760E5F721FA002806D000F01D
:10259000F6FD03E0F4D6030020240200239801B4E2
:1025A00024986F467760E4F72DFD01B401F06AFDD1
:1025B00001B4019800996F467760E4F78FFF02B08D
:1025C00001B4112119F0F6FB01B001B401200002A1
:1025D000FF3001B4012001B4FCF7E4FE03B001B404
:1025E000019800996F467760E4F70EFD02B02298DB
:1025F000406818F0C4FE406800906F467760E4F7CA
:1026000005FD0190019801216F467760E4F7FCFC1D
:102610006F467760E4F7FAFC0290029809216F4652
:102620007760E4F7F1FC6F467760E4F7EFFC039026
:10263000039809216F467760E4F7E6FC6F46776000
:10264000E4F7E4FC04900498F1216F467760E4F726
:10265000DBFC6F467760E4F7D9FC05900598012113
:102660006F467760E4F7D0FC6F467760E4F7CEFC06
:1026700006900698012149426F467760E4F7C4FC52
:102680006F467760E4F7C2FC0790079801216F4618
:102690007760E4F7B9FC012008906F467760E3F7B4
:1026A0004DFC19F0A2FB099001200A906F4677605B
:1026B000E4F7ACFC0B900B9801216F467760E4F7D0
:1026C000A3FC6F467760E4F7A1FC0C900C98012105
:1026D0006F467760E4F798FC6F467760E4F796FC06
:1026E0000D900D9801210902FF316F467760E4F7E4
:1026F0008BFC6F467760E4F789FC0E900E98012101
:102700006F467760E4F780FC6F467760E4F77EFC05
:102710000F900F9803216F467760E4F775FC3C201B
:102720006F467760E3F7A2FA10906F467760E4F7A0
:102730006DFC1190119801216F467760E4F764FCFD
:102740000A20D6496F467760E6F71AFA01B40021ED
:10275000069A6F467760E4F763FC00980121079AB8
:102760006F467760E4F75CFC00980221089A6F4698
:102770007760E4F755FC00980321039A6F46776071
:10278000E4F74EFC00980421059A6F467760E4F761
:1027900047FC009805210F9A6F467760E4F740FCEC
:1027A00000980621129A6F467760E4F739FC00988A
:1027B0000721119A6F467760E4F732FC00980821F0
:1027C000109A6F467760E4F72BFC00980921249A51
:1027D0006F467760E4F724FC01BC12900320B049F7
:1027E0006F467760E6F7CCF901B40021239A6F4673
:1027F0007760E4F715FC00980121029A6F46776034
:10280000E4F70EFC00980221019A6F467760E4F726
:1028100007FC01BC13906F467760E4F7F7FB149058
:10282000149801B46F467760E4F7A4F801B40198F6
:1028300000996F467760E4F7E7FB02B06F46776078
:10284000E4F7E4FB1590159801216F467760E4F7F3
:10285000DBFB0D2093496F467760E6F791F901B4F1
:102860000021159A6F467760E4F7DAFB00980121A2
:10287000169A6F467760E4F7D3FB00980221049A1A
:102880006F467760E4F7CCFB00980321039A6F460C
:102890007760E4F7C5FB00980421089A6F467760DB
:1028A000E4F7BEFB00980521059A6F467760E4F7D0
:1028B000B7FB00980621069A6F467760E4F7B0FBF5
:1028C00000980721109A6F467760E4F7A9FB0098FB
:1028D00008210C9A6F467760E4F7A2FB0098092163
:1028E0000D9A6F467760E4F79BFB00980A210E9AD9
:1028F0006F467760E4F794FB00980B210F9A6F46C0
:102900007760E4F78DFB00980C21079A6F4677609B
:10291000E4F786FB01BC169042206F467760E5F72E
:1029200055F8002801D100F02AFC139801B418F0E2
:10293000C3F801B017900A20189017986F46776077
:10294000E5F744F86F467760E4F7BAF96F467760C9
:10295000E4F7D8FA6F467760E5F738F800281FD01B
:1029600008980A9919F0C4F919901998012119F0D9
:102970005CFA04D0199801B40FF01AFC01B0229847
:1029800080686F467760E5F721F8002807D0229825
:1029900001B4012109020D3118F075FA01B0EEE31E
:1029A0000598012149426F467760E4F72DFB01202D
:1029B0001A90149801B46F467760E3F7DBFF01B417
:1029C000019800996F467760E4F71EFB02B01598F6
:1029D00001216F467760E4F717FB01201B901B98DD
:1029E00001B4189801B418F0BBFA6F467760E4F7A9
:1029F000CBF801B019F0F9F901B40198009919F078
:102A000000FA02B000D101E2179801B41C9801B499
:102A100018F097FB6F467760E4F736FA02B01C9027
:102A20001C9801B4014620486F467760E4F760FFC8
:102A3000002801D001B0F9E01C4800996F4677608A
:102A4000E4F756FF002801D001B0EFE018480099E4
:102A50006F467760E4F74CFF002801D001B0EAE050
:102A6000144800996F467760E4F742FF002801D0D0
:102A700001B0E0E0104800996F467760E4F738FF56
:102A8000002801D001B0DBE00C4800996F46776068
:102A9000E4F72EFF002813D001B0D1E0843102000A
:102AA000AC33020044360200841C04008C1C040079
:102AB000941C04009C1C0400A41C0400AC1C040016
:102AC000C04800996F467760E4F712FF002801D0F4
:102AD00001B0BAE0BC4800996F467760E4F708FFA0
:102AE000002801D001B0B0E0B84800996F46776087
:102AF000E4F7FEFE002801D001B0ABE0B448009935
:102B00006F467760E4F7F4FE002801D001B0A1E041
:102B1000B04800996F467760E4F7EAFE002801D0DC
:102B200001B09CE0AC4800996F467760E4F7E0FEA6
:102B3000002801D001B092E0A84800996F46776064
:102B4000E4F7D6FE002801D001B08DE0A44800993A
:102B50006F467760E4F7CCFE002801D001B088E032
:102B6000A04800996F467760E4F7C2FE002801D0C4
:102B700001B07EE09C4800996F467760E4F7B8FEAC
:102B8000002801D001B07DE0984800996F46776039
:102B9000E4F7AEFE002801D001B07BE09448009934
:102BA0006F467760E4F7A4FE002801D001B083E00F
:102BB000904800996F467760E4F79AFE002801D0AC
:102BC00001B081E08C4800996F467760E4F790FE91
:102BD000002801D001B080E0884800996F467760F6
:102BE000E4F786FE002801D001B084E08448009913
:102BF0006F467760E4F77CFE002801D001B088E0E2
:102C0000804800996F467760E4F772FE002801D093
:102C100001B08CE07C4800996F467760E4F768FE6D
:102C2000002801D001B090E001BC9AE003201A9086
:102C300042201890BFE007201A9042201890BAE076
:102C40000B201A9042201890B5E00D201A904220D7
:102C50001890B0E011201A9042201890ABE0152097
:102C60001A9042201890A6E019201A90422018903D
:102C7000A1E0059801216F467760E4F7C5F90A20C5
:102C8000189098E01A98032119F022F81A900A2057
:102C9000189090E018986F467760E4F797FE002848
:102CA00005D01A98032119F023F81A9003E019208F
:102CB0001A90422018907EE0169801B417F0FCFE9E
:102CC00001B00A20189076E0159809216F467760C8
:102CD000E4F79AF90A2018906DE0169801B417F0FD
:102CE000EBFE01B0159811216F467760E4F78CF97F
:102CF0000A2018905FE0169801B417F0DDFE01B0CD
:102D000015980F216F467760E4F77EF90A20189036
:102D100051E0169801B417F0CFFE01B015980521C7
:102D20006F467760E4F770F90A20189043E0169830
:102D300001B417F0C1FE01B0159807216F46776006
:102D4000E4F762F90A20189035E0169801B417F0FC
:102D5000B3FE01B015980B216F467760E4F754F984
:102D600029E015986F467760E4F74CF9012119F0D6
:102D700098F805D0159803216F467760E4F744F979
:102D8000149801B415986F467760E4F73BF901B4E5
:102D90001E9801B418F0D8F86F467760E3F72AFE62
:102DA00002B001B4019800996F467760E4F72CF9FE
:102DB00002B00A2018901B98032118F089FF1B907D
:102DC0000DE60000B41C0400BC1C0400C41C04007C
:102DD000CC1C0400D41C0400DC1C0400E41C040013
:102DE000EC1C0400F41C0400FC1C0400041D040082
:102DF000941B04000C1D0400141D04001C1D040081
:102E0000241D04007C1B04002C1D0400169801B432
:102E100017F052FE01B01A9801B46F467760E4F7DC
:102E20009FFD002802D1009801B00EE000980098A4
:102E300001B005986F467760E4F7E4F801B401212A
:102E40006F467760E4F740FE01B06F467760E4F7C5
:102E5000BDFD002843D01A9801B404986F467760EE
:102E6000E4F7D0F8032118F043FF01B400991920CA
:102E70006F467760E4F732FB01B001B40198009926
:102E800018F026FF02B01D90112000013768385855
:102E900001B41E9801B405216F467760E4F71EFB6C
:102EA00001B001B418F05BF904216F467760E3F7D5
:102EB00035F802B001B46F467760E4F751FD0028A1
:102EC00002D0009801B003E00098009801B0012002
:102ED00001B4069802BC6F467760E4F795F807984E
:102EE0006F467760E4F78EF81E901E98012118F067
:102EF000B0FF22D004986F467760E4F783F801B4FE
:102F000018F059FA3A20000298306F467760E4F7DB
:102F10000BF801B018F069FF1F9002986F467760B8
:102F2000E4F770F801B4209801B4019800996F4655
:102F30007760E4F7D3FA02B01E9005986F46776089
:102F4000E4F760F8012118F05CFF00D0F7E0059885
:102F50006F467760E4F756F8012118F0A2FF05D01C
:102F600008981E9918F0B4FE0890E8E006986F469D
:102F70007760E4F747F8012118F043FF0ED0069878
:102F800001B406986F467760E4F73CF801B4019805
:102F900000996F467760E4F737F802B01198012185
:102FA0006F467760E4F730F8129801B40C986F46DA
:102FB0007760E4F727F801B406BC04B4012001B43B
:102FC00001200002FF3001B4012001B402B40498D2
:102FD00018F0FAF905B0129801B40D986F467760B1
:102FE000E4F710F801B40F986F467760E4F70AF839
:102FF00001B40E986F467760E4F704F801B41EBC84
:1030000010B402B404B401200002FF3001B408B4CB
:10301000049818F0D9F905B0129801B41F9801B4BA
:103020000D986F467760E3F7EDFF01B40F986F4698
:103030007760E3F7E7FF01B40198009918F048FEC4
:1030400002B001B40198009918F052FE02B001B428
:103050000F986F467760E3F7D5FF01B410986F467D
:103060007760E3F7CFFF01B410986F467760E3F71E
:10307000C9FF01B410986F467760E3F7C3FF01B44E
:103080000198009918F024FE02B001B400270498BA
:1030900001B40597019801B40297039801B404970D
:1030A000059801B40697079801B40897049818F09A
:1030B0008BF90AB0129801B40F986F467760E3F766
:1030C000A1FF01B40F986F467760E3F79BFF01B44F
:1030D0000EBC08B41F9801B4012001B402B404B4BA
:1030E000049818F071F905B0229801B409980B9969
:1030F00018F0FEFD01B4129801B414986F46776081
:10310000E3F780FF01B418F02AF800216F467760DA
:10311000E2F7D6FC02B001B40EBC02B404B408B4A9
:1031200000F00CFC03B00698012149426F4677601D
:10313000E3F76AFF08981E9918F0CAFD08900898EE
:103140000A9918F0D5FD20902098012109029131AB
:1031500018F06BFE11D02098C92118F0C9FD01B4F8
:103160000FF026F801B06F467760E2F7E7FE18F03F
:103170003CFE099918F0BCFD0A90FFF7CDFB00203A
:1031800021B000BD54880100000000009131020010
:10319000042C06DA00B517F058FD00F002F804B070
:1031A00000BD00B5002001B401B401B401B4E86869
:1031B0006F467760E3F726FF009028696F467760D7
:1031C000E3F720FF019068696F467760E3F71AFF25
:1031D000012118F02AFE05D068696F467760E3F791
:1031E00011FF2BE0A8696F467760E3F70BFF01B48E
:1031F000E8696F467760E3F705FF01B418F0DBF884
:103200003A20000298306F467760E3F78DFE01B0F8
:1032100018F0EBFD01B4019800996F467760E4F770
:103220005DF902B001B4286A6F467760E3F7EAFE01
:1032300001B40198009918F04BFD02B00290286982
:103240006F467760E3F7DEFE01B4E8686F467760AB
:10325000E3F7D8FE01B4019800996F467760E4F770
:1032600051FB02B001B46F467760E4F779FB0028A8
:1032700002D1009801B00AE00098009801B00298CD
:1032800001B401216F467760E4F73CFB01B06F4663
:103290007760E4F79BFB002841D00198009918F073
:1032A00027FD01B4039801B4019800996F46776037
:1032B000E4F740F902B00390E8686F467760E3F7FF
:1032C000A1FE01B4049801B40A9801B401980099D0
:1032D0006F467760E4F702F902B001B401980099F3
:1032E00018F0F6FC02B00090E8686F467760E3F7EC
:1032F00089FE01B4049801B40A98079918F0E8FC13
:1033000001B4019800996F467760E4F7E7F802B0DE
:1033100001B40198009918F0DBFC02B00190686AD2
:1033200001B4A86A01B4686A6F467760E3F76AFE81
:1033300001B4089801B40A9801B40C9801B4E86A81
:103340006F467760E3F75EFE01B4079801B4286B1F
:103350006F467760E3F756FE01B400270A9801B480
:10336000019801B40297039801B40497059801B439
:103370000697079801B40897099801B40A970B9823
:1033800001B40C970D9801B40E970F9801B41097E3
:1033900000F0CCFD11B001B4019800996F46776040
:1033A000E3F732FE02B0002004B000BD54880100F3
:1033B00000000000B933020000B5002001B401B4E0
:1033C00001B4E86840686F467760E4F7FFFA6F463B
:1033D0007760E3F775FC6F467760E3F793FD6F4620
:1033E0007760E4F7F3FA002804D06F467760E3F7DC
:1033F000C1FA24E128696F467760E3F703FE01B460
:10340000686901B417F0ACFD6F467760E3F7BCFB69
:1034100001B018F0EAFC01B40198009918F0F1FC31
:1034200002B070D0686901B428696F467760E3F72D
:10343000E9FD01B417F085FE6F467760E3F724FDE0
:1034400002B00090009801B4B8496F467760E4F785
:1034500059FA01B001B46F467760E4F781FA0028A9
:1034600002D1009801B00AE00098009801B00098DD
:1034700001B4AF496F467760E4F744FA01B001B494
:103480006F467760E4F76CFA002802D1009801B02B
:103490000AE00098009801B0009801B4A5496F4671
:1034A0007760E4F72FFA01B001B46F467760E4F774
:1034B00057FA002802D1009801B00AE0009800985D
:1034C00001B0009801B49C496F467760E4F71AFA9E
:1034D00001B06F467760E4F779FA002800D012E077
:1034E000286901B428696F467760E3F78BFD0321F3
:1034F00018F0EEFB01B4019800996F467760E3F78E
:1035000083FD02B076E76F467760E3F733FA019008
:1035100028696F467760E3F775FD01B4686901B407
:1035200017F01EFD6F467760E3F72EFB01B018F031
:103530005CFC01B40198009918F063FC02B000D162
:103540007CE0686901B428696F467760E3F75AFD4B
:1035500001B417F0F6FD6F467760E3F795FC02B013
:103560000290029801B471496F467760E4F7C2F99E
:1035700001B001B46F467760E4F7F2F9002802D099
:10358000009801B00AE00098009801B0029801B4D8
:1035900067496F467760E4F7ADF901B001B46F4653
:1035A0007760E4F7DDF9002802D0009801B00AE066
:1035B0000098009801B0029801B45E496F467760A8
:1035C000E4F798F901B001B46F467760E4F7C8F901
:1035D000002802D0009801B00AE00098009801B0DD
:1035E000029801B454496F467760E4F783F901B05B
:1035F0006F467760E4F7EAF9002800D01EE00198F2
:1036000001B4039801B417F09FFC6F467760E3F7AD
:10361000F1F902B00190286901B428696F4677601A
:10362000E3F7F0FC032118F053FB01B40198009973
:103630006F467760E3F7E8FC02B069E7019803B0F2
:1036400000BD000054880100000000005136020057
:1036500000B5002001B4E8686F467760E3F7D2FC5C
:1036600001B46F467760E4F77BF9002802D1009837
:1036700001B00EE00098009801B028696F467760AD
:10368000E3F7C0FC01B401216F467760E4F73AF933
:1036900001B06F467760E4F799F9002800D13CE16A
:1036A000E8686F467760E3F7ADFC0346002001B49D
:1036B00008B400F051F902B0009028696F467760B5
:1036C000E3F7A0FC01B4014603206F467760E4F7FE
:1036D0000FF9002801D001B06EE0052000996F4677
:1036E0007760E4F705F9002801D001B06BE007200E
:1036F00000996F467760E4F7FBF8002801D001B02D
:1037000080E0092000996F467760E4F7F1F800281F
:1037100001D001B088E00D2000996F467760E4F792
:10372000E7F800280AD001B08BE000006C1C040010
:10373000741C04009C1B04007C1C04000F200099D6
:103740006F467760E4F7D4F8002801D001B07FE03D
:10375000112000996F467760E4F7CAF8002801D07D
:1037600001B089E0132000996F467760E4F7C0F854
:10377000002801D001B08CE0152000996F467760D9
:10378000E4F7B6F8002801D001B08FE017200099C7
:103790006F467760E4F7ACF8002801D001B0A1E0F3
:1037A0000B2000996F467760E4F7A2F8002801D05B
:1037B00001B09EE001BCA2E0686900996F467760A5
:1037C000E3F722FC9BE0A86901B4019801B4212031
:1037D00001B4FAF7C7F802B001B4032001B4F8F756
:1037E00081FD02B001B4019800996F467760E3F75C
:1037F0000BFC02B0E869012149426F467760E3F7AC
:1038000003FC7CE0286A01B4019801B4032001B4F0
:10381000F8F768FD02B001B4019800996F4677602F
:10382000E3F7F2FB02B06AE0686A00996F467760DE
:10383000E3F7EAFB28690D216F467760E3F7E4FBC5
:103840005DE0E86900996F467760E3F7DDFB56E0DD
:10385000A86A01B4019801B4252001B4032001B481
:10386000FBF7A0FD03B001B4019800996F467760A3
:10387000E3F7CAFB02B042E0E86A00996F4677605E
:10388000E3F7C2FB286913216F467760E3F7BCFBBF
:1038900035E0286B00996F467760E3F7B5FB286940
:1038A00015216F467760E3F7AFFB28E0686B01B442
:1038B000019801B401200002FF3001B4012001B4DD
:1038C000FBF770FD03B001B4019800996F46776073
:1038D000E3F79AFB02B0286917216F467760E3F798
:1038E00093FB0CE0A86B00996F467760E3F78CFBC5
:1038F00005E0E86B00996F467760E3F785FBE868C1
:1039000001B46F467760E3F735F801B40198009988
:103910006F467760E3F778FB02B0002001B000BD8E
:10392000032C0BDA00B517F070F900F007F803B0BC
:1039300000BD7746009817F030FDBE4600B50298EE
:1039400001B4049801B417F06DFD6F467760E7F796
:103950004FFA02B0002000BD00B5002001B401B450
:1039600001B401B401B401B401B408986F467760A2
:10397000E4F72CF86F467760E3F7A2F96F467760BB
:10398000E3F7C0FA01B46F467760E3F7E9FF002878
:1039900002D0009801B034E00098009801B0099876
:1039A00001B406216F467760E3F7ACFF01B001B4C4
:1039B0006F467760E3F7D4FF002802D1009801B08A
:1039C0001FE00098009801B0099801B405216F46E6
:1039D0007760E4F779F801B001B46F467760E3F7F8
:1039E000BFFF002802D0009801B00AE000980098BC
:1039F00001B0099801B449216F467760E4F786F871
:103A000001B06F467760E3F7E1FF002801D00E2098
:103A100014E201200090009801B4099801B417F055
:103A20009FFA6F467760E3F7AFF801B018F0DDF961
:103A300001B4019800996F467760E4F745F802B049
:103A400001B46F467760E3F78BFF002802D100983E
:103A500001B011E00098009801B0089801B40198F5
:103A600001B417F06EFB6F467760E3F707FA02B018
:103A700001B400F0E5F901B06F467760E3F7A6FF07
:103A8000002805D00098032118F022F90090C2E721
:103A9000009801B4099801B417F062FA6F46776094
:103AA000E3F772F801B018F0A0F901B40198009999
:103AB00018F00BFA02B001D00E20BFE103200190F4
:103AC000089801B4019801B417F03BFB6F4677608A
:103AD000E3F7DAF902B001B40146B7486F46776000
:103AE000E3F706FF002801D001B00BE0B3480099CE
:103AF0006F467760E3F7FCFE002801D001B004E0D8
:103B000001BC07E00120404201900098032118F019
:103B1000DFF8009009986F467760E3F757FF6F462C
:103B20007760E3F7CDF86F467760E3F7EBF901B420
:103B30006F467760E3F714FF002802D0009801B0C9
:103B40000AE00098009801B0099801B421216F465D
:103B50007760E3F7CFFE01B001B46F467760E3F71B
:103B6000FFFE002802D1009801B015E000980098EF
:103B700001B0089801B4019801B417F0E2FA6F4659
:103B80007760E3F781F902B001B400998C486F4681
:103B90007760E3F709FE01B001B46F467760E3F7A1
:103BA000DFFE002802D1009801B03BE000980098A9
:103BB00001B0089801B40198032118F089F801B404
:103BC00017F0BFFA6F467760E3F75EF902B001B411
:103BD00000997C486F467760E3F7E6FD01B001B4D9
:103BE0006F467760E3F7BCFE002802D0009801B072
:103BF00018E00098009801B0089801B401980321DA
:103C000018F066F801B417F09CFA6F467760E3F796
:103C10003BF902B001B400996B486F467760E3F757
:103C2000C3FD01B06F467760E3F7D0FE002807D0F0
:103C3000212009900098052118F04AF8009014E01E
:103C400009986F467760E3F7C1FE6F467760E3F748
:103C500037F86F467760E3F755F96F467760E3F71B
:103C6000B5FE002801D015200990012002900A20FD
:103C7000039000980490049801B4099801B417F0D7
:103C80006FF96F467760E2F77FFF01B018F0ADF88B
:103C900001B40198009918F0B4F802B000D1C2E064
:103CA000089801B4059801B417F04BFA6F46776095
:103CB000E3F7E4F802B0412118F037F8059000204E
:103CC0000690059801B461216F467760E3F70EFF17
:103CD00001B001B46F467760E3F742FE002802D1DD
:103CE000009801B00AE00098009801B0059801B46E
:103CF00075216F467760E3F7E7FE01B06F467760A6
:103D0000E3F764FE002805D00598612117F0F0FF65
:103D100006902AE0059801B4C3216F467760E3F767
:103D2000E5FE01B001B46F467760E3F719FE0028A5
:103D300002D1009801B00AE00098009801B00598FF
:103D400001B4F7216F467760E3F7BEFE01B06F461E
:103D50007760E3F73BFE002807D01520059917F0A0
:103D6000B7FFC32117F0C4FF0690069801B40021E5
:103D70006F467760E3F7BEFD01B001B46F46776030
:103D8000E3F7EEFD002802D0009801B00DE00098A6
:103D9000009801B0069801B40A9801B401980099FE
:103DA0006F467760E3F7A2FE02B06F467760E3F7F5
:103DB0000DFE00280AD11FE07C1B0400841B0400B8
:103DC000741B0400041B04008C1B040003986F4642
:103DD0007760E3F7FBFD6F467760E2F771FF6F46B0
:103DE0007760E3F78FF86F467760E3F7EFFD002821
:103DF00001D00E2022E016E042200390029801B488
:103E00000A9801B4019800996F467760E3F766FB62
:103E100002B0069917F05CFF02900498032117F096
:103E200057FF049027E7019801B4039801B4019863
:103E300000996F467760E3F751FB02B007B000BD11
:103E400000B5019801B4014613206F467760E3F78F
:103E50004FFD002801D001B061E0172000996F46A6
:103E60007760E3F745FD002801D001B057E0192045
:103E700000996F467760E3F73BFD002801D001B061
:103E80004DE0412000996F467760E3F731FD00284F
:103E900001D001B043E001200002413000996F469B
:103EA0007760E3F725FD002801D001B037E0BB487B
:103EB00000996F467760E3F71BFD002801D001B041
:103EC0002DE0152000996F467760E3F711FD00287B
:103ED00001D001B023E01B2000996F467760E3F723
:103EE00007FD002801D001B019E040200002513048
:103EF00000996F467760E3F7FBFC002801D001B022
:103F00000DE040200002533000996F467760E3F7E0
:103F1000EFFC002801D001B001E001BC01E042202B
:103F200002E00A2000E0002000BD000000B5039878
:103F3000012117F07AFF00D195E0019801B40398B0
:103F400001B4089801B417F07AFA02216F4677603D
:103F5000E1F746FF03B0019801B40398032117F07D
:103F6000B7FE01B417F0FBF8022101236F4677601A
:103F7000E1F736FF02B0019801B40398052117F06C
:103F8000A7FE01B4099801B417F059FA04216F464D
:103F90007760E1F725FF03B0019801B40398092188
:103FA00017F096FE01B4059801B417F048FA042101
:103FB0006F467760E1F714FF03B0019801B40398EE
:103FC0000D2117F085FE01B4069801B40B9801B4D9
:103FD000019800996F467760E3F780FA02B001B468
:103FE0000D2117F0E7FE01B001B417F028FA042103
:103FF0006F467760E1F7F4FE03B0019801B40398CF
:10400000112117F065FE01B4079801B40B9801B4B3
:10401000019800996F467760E3F760FA02B001B447
:104020000D2117F0C7FE01B001B417F008FA042102
:104030006F467760E1F7D4FE03B0019801B40398AE
:10404000152117F045FE01B40B9801B417F0F7F9EC
:1040500004216F467760E1F7C3FE03B0029819218F
:1040600017F036FE0290019801B4039801B417F0DE
:1040700076F8022101236F467760E1F7B1FE02B0C6
:10408000029800BD00B500F005F8452080003768B3
:10409000385800BD00B545208000376838580621E3
:1040A00017F013FF10D001204521890037687850A0
:1040B0003B2080216F467760E2F770FF17F095FE96
:1040C00001B400F003F801B0002000BD00B5019874
:1040D000012117F02AFE01B401200002FF3001B4D3
:1040E000012001B4FBF75EF903B045218900376870
:1040F00078504520800037683858012117F095FE28
:1041000001D0032000E0012001B416F0DEFF6F466D
:104110007760E6F709FE01B0002000BD012C0BDA44
:1041200000B516F0E7FC00F007F801B000BD7746D7
:10413000009817F024F9BE4600B543208000376888
:1041400038586F467760E3F741FC6F467760E2F7D7
:10415000B7FD6F467760E2F7D5FE6F467760E3F70D
:1041600035FC002807D06F467760E2F7E1FE432177
:10417000890037687850432080003768385801B488
:1041800016F040FC6F467760E2F7DCFE01B017F0F6
:104190002CFE092117F049FE02D121E0FFFD0100AC
:1041A000432080003768385801B4432080003768C6
:1041B000385801B416F026FC6F467760E2F7C2FE6D
:1041C00001B017F012FE032117F092FD01B401981F
:1041D000009916F0C8F902B001B400F038F801B047
:1041E000432080003768385801B4029801B416F0B3
:1041F00085FC6F467760E3F7A5FB02B06F467760FA
:10420000E2F780FE432080003768385801B40298F6
:1042100001B416F073FC6F467760E2F799FE02B0C6
:10422000002000BD7746009817F0B7F8BE4600B5ED
:10423000019802994160002000BD0000012C0BDABA
:1042400000B516F057FC00F007F801B000BD774646
:10425000009817F094F8BE4600B5019880686F4644
:104260007760E3F7B3FB002808D00198806801B4B9
:1042700000F015F801B0019806218160019801B4A1
:10428000FEF712F901B0002000BD0000012C0BDA8E
:1042900000B516F02FFC00F007F801B000BD77461E
:1042A000009817F07AF8BE4600B5019806214160E3
:1042B000002000BD00B5019801B4E02037683858EF
:1042C00001B400F00CF802B0002000BD022C0BDAA3
:1042D00000B516F019FC00F007F802B000BD7746F3
:1042E000009816F0FAFEBE4600B5019801B4029897
:1042F00001B4FCF70DFC01B0039917F0E9FC01B41F
:1043000006BC02B404B4FCF7B3FB02B0002000BD4D
:1043100000B5019801B4E0203768385801B400F0C6
:104320000CF802B0002000BD022C0BDA00B516F02C
:10433000EBFB00F007F802B000BD7746009816F0DE
:10434000CCFEBE4600B5019801B4029801B4FAF75C
:10435000A7F801B0039917F0BBFC01B406BC02B486
:1043600004B4FAF74FF802B0002000BD032C0BDABA
:1043700000B516F04AFC00F007F803B000BD774620
:10438000009816F018FCBE4600B50198406E052155
:1043900017F0BEFC6F467760E3F718FB002800D0EB
:1043A00024E0019801B401B40198406E052117F092
:1043B000BCFC01B401980099416603B002986F46B5
:1043C0007760E3F703FB00280BD0002001B40498CA
:1043D00001B4039801B4059801B400F02CF904B0BD
:1043E00004E0019801B400F011F801B0002000BD14
:1043F000012C0BDA00B516F07DFB00F007F801B0D8
:1044000000BD7746009816F0D6FBBE4600B50020EA
:1044100001B4029801B401B40198406E052117F06F
:1044200084FC01B401980099416603B00DF050FB83
:104430000090009816F0CDFB006901B4039801B418
:1044400016F05CFB6F467760E3F77CFA02B06F46CC
:104450007760E2F757FD0298006B01B401216F46C7
:104460007760E3F743FB01B001B46F467760E3F791
:1044700077FA002802D1009801B00FE00098009868
:1044800001B0009816F0A5FB806901B40398006B99
:1044900001B416F091FC16F0D7F802B06F467760C1
:1044A000E3F794FA002813D0009816F092FB806985
:1044B00001B40398006B01B416F07EFC16F0C4F84A
:1044C00002B00346029801B408B4F7F7BCFD02B08D
:1044D000009816F07EFBC0690346029801B408B448
:1044E000282116F0A0FB02B00298806E6F4677601C
:1044F000E3F76CFA002805D0029801B4812116F088
:10450000C2FC01B00120CB496F467760E4F738FB6D
:1045100001B40021039A6F467760E2F781FD012024
:10452000C5496F467760E4F72BFB01B40021049A7C
:104530006F467760E2F774FD029816F04AFB806AD6
:104540000346019801B408B4F7F758FB02B00027FE
:104550000197034601BC01B001B408B4F7F79AFB18
:1045600002B0002001B000BD54880100000000002E
:1045700075450200012C06DA00B516F0BBFA00F012
:1045800002F801B000BD00B5019816F081FB40684B
:1045900001B4E868006B01B4019800996F46776038
:1045A000E3F7A8F902B000BD548801000000000044
:1045B000B5450200012C06DA00B516F09BFA00F0B2
:1045C00002F801B000BD00B5E86801B4029801B47A
:1045D000BB2116F06BFB02B0002000BD022C0BDAF1
:1045E00000B516F091FA00F007F802B000BD77466A
:1045F000009816F03DFBBE4600B5002000BD00004F
:10460000012C0BDA00B516F075FA00F007F801B0CE
:1046100000BD7746009816F0CEFABE4600B5019868
:10462000006B00BD042C0BDA00B516F00EFB00F099
:1046300007F804B000BD7746009816F00FFFBE469D
:1046400000B5422001B438200002013001B40498C2
:1046500001B4F7F708FA03B0019801B4039801B464
:10466000069801B4059816F0A6FA406E04210902D6
:10467000013117F04DFB6F467760E3F7A7F96F46FE
:104680007760E2F71DFB6F467760E2F73BFC6F4611
:104690007760E3F79BF96F467760E2F711FB6F46AF
:1046A0007760E2F72FFC01B41EBC02B4062001B40F
:1046B00004B408B410B400F085FA05B003986F464E
:1046C0007760E3F783F9002801D0039806E00198AA
:1046D000C06801B4052117F06DFB01B001B4039867
:1046E00002BC16F068FA4164029801B42320C000AD
:1046F0003768385801B400F0E4F902B0002000BD7A
:1047000054880100000000000D470200022C06DA68
:1047100000B516F0F9F900F002F802B000BD00B5DE
:10472000002001B401B401B401B401B4069801B48D
:1047300016F07BF96F467760E6F7C2FD01B017F01F
:1047400054FB01B4079801B416F06FF96F46776017
:10475000E6F7BAFD01B017F048FB01B401980099E3
:104760006F467760E2F7BAFE02B001B40B2117F092
:1047700021FB01B000900098012117F056FB56D0A4
:10478000079801B4079801B416F04FF96F467760A7
:10479000E6F796FD01B017F028FB01B406BC02B4A1
:1047A000012001B404B400F002F903B001900798AD
:1047B00001B4079801B416F038F96F467760E6F750
:1047C00083FD01B017F011FB01B406BC02B4012057
:1047D00001B404B400F0EBF803B00290072001B478
:1047E000032001B4099801B400F0E1F803B003908C
:1047F000072001B4032001B4099801B400F0D7F8F0
:1048000003B00490012001B4059801B4059801B4E7
:10481000059801B4059801B40B9801B400F00EF8A6
:1048200006B00098032117F063FA0090A3E7002078
:1048300005B000BD68450200A845020000B5049817
:1048400001B401216F467760E3F754F801B001B479
:104850006F467760E3F784F8002802D0009801B033
:104860000AE00098009801B0059801B401216F4654
:104870007760E3F73FF801B06F467760E3F7A6F89B
:10488000002800D087E00498032117F031FA049043
:104890000598032117F02CFA0590019801B40398AC
:1048A00001B4059801B40598079917F011FA01B4FD
:1048B0001EBC069801B4049801B402B404B408B450
:1048C00010B4FDF7FDFA06B0019801B4039801B4E5
:1048D000059801B4059801B40798099917F0F8F9FB
:1048E00001B400270B9801B4019801B40297039812
:1048F00001B40497059801B40697079801B4089786
:10490000099801B40A97FDF7DBFA0BB0019801B4DE
:104910000398059917F0DCF901B40598079917F089
:10492000D7F901B40598079917F0D2F901B41EBC64
:10493000069801B4049801B402B404B408B410B4E5
:10494000FDF7BEFA06B0019801B40398059917F077
:10495000BFF901B40598079917F0BAF901B40598A1
:1049600001B40798099917F0B3F901B400270B981F
:1049700001B4019801B40297039801B40497059813
:1049800001B40697079801B40897099801B40A97EB
:10499000FDF796FA0BB0002000BD0000032C0BDAE7
:1049A00000B516F032F900F007F803B000BD774605
:1049B000009816F063FDBE4600B50398029917F003
:1049C00034FA15D0019801B400F028F801B001B410
:1049D0000498039917F08CF9032117F079F901B4C1
:1049E000019800996F467760E2F7BAFD02B000E0E7
:1049F000012001B4039802BC17F06AF900BD000061
:104A0000012C0BDA00B516F075F800F007F801B0CC
:104A100000BD7746009816F031FDBE4600B50198FE
:104A200001B40298406801B4032117F0C3F901B042
:104A300001B403984068032117F06AF90146012088
:104A400017F056F9BF4917F063F901B401980099BE
:104A500017F078F902B001B401B4029800994160EE
:104A600001B00027019701BC01B000BD7746009856
:104A700016F012FDBE4600B5019803998160B24858
:104A80006F467760E4F7AAF801B4002001B40198FA
:104A900001B40AF0E7FC02B0029802BCC1600198C0
:104AA00002994160019800210161002000BD0000D1
:104AB000022C0BDA00B516F027F800F007F802B068
:104AC00000BD7746009816F0E7FCBE4600B5002012
:104AD00001B403986F467760E2F778FF6F4677601E
:104AE000E2F7EEF86F467760E2F70CFA01B46F4632
:104AF0007760E2F735FF002802D0009801B010E09F
:104B00000098009801B00398806C6F467760E2F7D8
:104B10005DFF6F467760E2F7D3F86F467760E2F7A4
:104B2000F1F96F467760E2F751FF002800D018E0F6
:104B30000398806C01B415F078FF6F467760E6F754
:104B400003FF01B00090009801B4039801B400F095
:104B500019F802B0009801B4049801B4F8F73FFCCA
:104B600002B0002001B000BD022C0BDA00B515F038
:104B7000CBFF00F007F802B000BD7746009816F0B2
:104B80008BFCBE4600B5019801B4039801B40398AC
:104B9000C06801B40EBC02B404B408B4952116F088
:104BA00089FC03B0002000BD052C0BDA00B516F01F
:104BB00018FA00F007F805B000BD7746009816F027
:104BC0004DFCBE4600B5002001B4029840686F4617
:104BD0007760E2F7FBFE6F467760E2F771F86F46A9
:104BE0007760E2F78FF96F467760E2F7EFFE002813
:104BF00000D04EE005986F467760E2F7E7FE0028A8
:104C000001D0059801E00298806801B4049801B4CD
:104C1000049801B401210902813116F04BFC03B064
:104C20000090009801B407986F467760E2F7CEFED7
:104C30006F467760E2F744F86F467760E2F762F913
:104C40006F467760E2F7C2FE6F467760E2F738F8AA
:104C50006F467760E2F756F901B406BC02B404B4BB
:104C600000F023F802B004986F467760E2F7AEFEDA
:104C700000280ED00498012117F0D7F801D004982D
:104C800001E00298C06801B4019802BC16F078FCFB
:104C90008161002001B000BD022C0BDA00B515F0D7
:104CA00033FF00F007F802B000BD7746009816F019
:104CB00067FCBE4600B502986F467760E2F786FE55
:104CC00000280DD0019801B401B40198C0690921F0
:104CD00017F02BF801B401980099C16103B017E0F7
:104CE000019801B40298C06901B46F467760E2F799
:104CF0006BFB01B0092117F018F801B46F4677601B
:104D0000E2F762FB01B001B401980099C16102B001
:104D1000002000BD00B5002001B401B401B401B40D
:104D2000059801B400216F467760E2F7E3FD01B01A
:104D300001B46F467760E2F713FE002806D00098B2
:104D400001B00EE001680100B4C1030000980098B2
:104D500001B0069801B400216F467760E2F7CAFD02
:104D600001B001B46F467760E2F7FAFD002802D087
:104D7000009801B00FE00098009801B007986F46C6
:104D80007760E2F723FE6F467760E1F799FF6F46A1
:104D90007760E2F7B7F86F467760E2F717FE002812
:104DA00000D04BE00CF094FE0090009815F011FF3D
:104DB000006B0190009815F00CFF406B02900120F1
:104DC000BC496F467760E3F7DBFE01B40021039A2C
:104DD0006F467760E2F724F901BC0390039801B4B1
:104DE000079801B4079801B4029815F0BFFF03B00B
:104DF000039801B4069801B4089801B4029815F01C
:104E0000B5FF03B0AC486F467760E3F7E7FE01B447
:104E1000089801B4089801B4089801B4039801B443
:104E200000F05EF804B0029801B4019801B415F0E6
:104E300065FE6F467760E2F78BF803B0002004B0A0
:104E400000BD00005488010000000000514E020027
:104E5000022C06DA00B515F057FE00F002F802B099
:104E600000BD00B5E86801B4029801B415F0A4FFD4
:104E700015F0EAFB02B06F467760E2F7A7FD6F46D8
:104E80007760E1F71DFF6F467760E2F73BF86F460A
:104E90007760E2F79BFD00280DD0E86801B4029826
:104EA00001B46F467760E2F743F801B415F08CFF68
:104EB00015F013FC03B0E86801B4029801B415F0D2
:104EC0007BFF15F0C1FB02B001B4039801B415F0EB
:104ED00015FE6F467760E2F73BF802B0002000BD98
:104EE0007746009816F05AFBBE4600B50198029925
:104EF000416001980399816001980499C160002084
:104F000000BD00005488010000000000114F0200A5
:104F1000022C06DA00B515F0F7FD00F002F802B039
:104F200000BD00B5002001B401B464486F4677604D
:104F3000E3F754FE01B4049801B401210902B3312E
:104F400015F07CFD01B06F467760E2F73FFD002869
:104F500008D0049801B401210902B33115F06EFDA7
:104F600001B000E0212001B4059801B4C42115F07E
:104F700065FD01B06F467760E2F728FD002806D096
:104F8000059801B4C42115F059FD01B000E02120BD
:104F900001B4019801B4039801B401F08BFA04B094
:104FA00001BC009046486F467760E3F717FE01B4F6
:104FB000019801B4069801B4069801B4039801B4AD
:104FC00000F03AF804B001BC0190C720404201B49F
:104FD0003C4801B4039801B400F00DF803B0019807
:104FE00002B000BD032C0BDA00B515F00EFE00F088
:104FF00007F803B000BD7746009816F0C1FABE4628
:1050000000B5019801B4039801B40CF0F5FD01B0AE
:1050100001B401980099016302B0019801B40498A9
:1050200001B40CF0E9FD01B001B4019800994163AD
:1050300002B0002000BD00007746009816F0A0FAEC
:10504000BE4600B5002001B401B4012001B40498AB
:1050500001B4F7F721FA02B000F050FE00F042FE72
:105060000090009801B415F0CDFC6F467760E1F731
:1050700069FF01B016F0B9FE4721890037687958F9
:1050800016F0FBFE20D0009801B400F0FDFB01B04B
:10509000009801B400F0ECFB01B00190019801B45C
:1050A00000F0DBFB01B0019801B400F0AAFA01B0F6
:1050B0000AE00000444E020080DA03007CDE0300B8
:1050C000B8D80300A9FDFFFF03980121C16105982D
:1050D00001B4049801B400F06DFA02B0012001B4EB
:1050E000012001B4059801B4FFF78AFF03B00498CA
:1050F00001B4049801B400F049FA02B00398002109
:10510000816103980121016103980121C160069822
:1051100001B46F467760E2F723FC002802D00098C4
:1051200001B006E00098009801B0092040013768FE
:10513000385801B4049801B400F00CFA02B0009899
:1051400001B4049801B415F0D9FC6F467760E1F71B
:10515000FFFE02B0422001B4049801B400F012F83E
:1051600002B0002002B000BD022C0BDA00B515F031
:10517000CBFC00F007F802B000BD7746009816F0AF
:10518000FFF9BE4600B5029801B4029801B400F0E0
:1051900031F801B001B40198009916F0BEFE02B0DA
:1051A00018D002986F467760E2F710FC002805D00F
:1051B0000198C069032116F0B8FD04E00198C069A8
:1051C000032116F0BFFD01B4029802BCC161019831
:1051D00001214162002000BD012C0BDA00B515F061
:1051E00089FC00F007F801B000BD7746009816F082
:1051F000C7F9BE4600B50198C069032116F088FDC5
:105200006F467760E2F7E2FB6F467760E1F758FDA3
:105210006F467760E1F776FE6F467760E2F7D6FB80
:105220006F467760E1F74CFD6F467760E1F76AFE05
:1052300000BD00007746009816F0BEF9BE4600B5E6
:10524000002000F0C5F8029801B4029801B400F003
:10525000AFF802B0049801B4049801B4039801B403
:1052600000F012F803B0002000BD0000032C0BDAA0
:1052700000B515F0CAFC00F007F803B000BD774692
:10528000009816F099F9BE4600B5019801B403984C
:1052900001B4059801B4032116F08CFD01B001B4EE
:1052A0000198009916F024FD02B001B400F034F822
:1052B00001B001B4492080003768385801B4019822
:1052C00000996F467760E2F735F902B0012116F0D8
:1052D0002CFD01B401980099816002B0019801B4DD
:1052E000049801B400F018F801B001B4492080001E
:1052F0003768385801B4019800996F467760E2F733
:1053000019F902B0012116F010FD01B401980099BD
:10531000C16002B0002000BD00B50198012116F067
:1053200070FD15D0019801B400F026F801B001B469
:1053300002210902D1316F467760E2F711F901B01D
:10534000014602200002D13016F0D2FC01900AE0A2
:10535000019801B402210902D1316F467760E2F76A
:10536000FFF801B00190019801B4C6496F4677601B
:10537000E2F7B4F801B000BD00B50198012116F0C4
:1053800040FD04D00120019916F0B2FC00E0019824
:1053900000BD0000022C0BDA00B515F0B5FB00F0E3
:1053A00007F802B000BD7746009816F005F9BE4632
:1053B00000B5019801B4039801B40CF01DFC01B0D4
:1053C00001B401980099416002B0002000BD0000C6
:1053D00000B52520C000376838586F467760E2F77F
:1053E000F5FA6F467760E1F76BFC6F467760E1F79F
:1053F00089FD6F467760E2F7E9FA002811D0C920ED
:1054000001B400F055F801B02521C9003768785083
:10541000C92001B400F008F801B04B2189003768B9
:105420007850002000BD000000B5002001B401B498
:1054300001B46F467760E1F77BFD0090049801B4FA
:10544000009991486F467760E2F774F801B00190D7
:10545000012002900298049916F0D3FC24D0009801
:1054600001B4039801B4039801B4019800996F4600
:105470007760E2F733F802B001B46F467760E3F784
:1054800081FE01B001B40CF0B7FB01B001B415F01E
:1054900035FB6F467760E1F75BFD02B002980321B0
:1054A00016F016FC0290D5E7009803B000BD00008E
:1054B00000B5002001B401B401B46F467760E1F794
:1054C00037FD0090049801B400996F486F467760EB
:1054D000E2F730F801B0019001200290029804999F
:1054E00016F08FFC24D0009801B4039801B40398FF
:1054F00001B4019800996F467760E1F7EFFF02B0C1
:1055000001B46F467760E3F733FE01B001B40CF0ED
:1055100073FB01B001B415F0F1FA6F467760E1F763
:1055200017FD02B00298032116F0D2FB0290D5E7D6
:10553000009803B000BD0000022C0BDA00B515F096
:10554000E3FA00F007F802B000BD7746009816F0C5
:1055500017F8BE4600B502986F467760E2F736FA54
:10556000002802D001980299C162002000BD00000D
:10557000022C0BDA00B515F0C7FA00F007F802B0FC
:1055800000BD7746009815F0FBFFBE4600B50198B8
:1055900002994161002000BD022C0BDA00B515F024
:1055A000B3FA00F007F802B000BD7746009815F096
:1055B000E7FFBE4600B5019801B4039801B4009915
:1055C00007200002D1306F467760E1F7B3FF01B0EA
:1055D00001B46F467760E2F783F801B001B4019837
:1055E0000099816202B0019801214162002000BD52
:1055F000012C0BDA00B515F07DFA00F007F801B0C8
:1056000000BD7746009815F0BBFFBE4600B50A20E6
:1056100001B4029801B4FFF7B5FD02B0019801B4DE
:1056200001B40198C069052116F07FFB01B401980F
:105630000099C16103B0019801B400F011F801B004
:10564000002000BD012C0BDA00B515F053FA00F074
:1056500007F801B000BD7746009815F091FFBE46EF
:1056600000B5002001B401B401B40498006A01B48B
:105670006F467760E2F774F9002807D1009801B00F
:1056800013E00000582304004C2304000098009805
:1056900001B00498006A15F09FFF406901B4012130
:1056A0006F467760E2F7FEF901B06F467760E2F788
:1056B0008DF900280CD0049801B40598006A15F003
:1056C0008BFF806901B401980099016202B0CCE7B8
:1056D0000498C069052116F01BFB01B46F46776082
:1056E000E2F73EF9002802D1009801B010E00098DE
:1056F000009801B00498006A6F467760E2F766F997
:105700006F467760E1F7DCFA6F467760E1F7FAFB06
:105710006F467760E2F75AF9002855D00CF0D8F9B7
:10572000009000986F467760E2F750F9002811D09A
:10573000009815F04EFA006901B4059801B415F00F
:10574000DDF96F467760E2F7FDF802B06F467760EB
:10575000E1F7D8FB00F0C6FA0190019801B46F465A
:105760007760E2F7FDF8002802D1009801B00DE063
:105770000098009801B0019801B415F043F96F4604
:105780007760E1F7DFFB01B016F02FFB6F46776023
:10579000E2F71CF900280ED0019801B4059801B475
:1057A00015F0ACF96F467760E2F7CCF802B06F46BF
:1057B0007760E1F7A7FB0498406901B400216F46C8
:1057C0007760E2F797F801B00498006A02900298B7
:1057D00001B46F467760E2F7C3F8002802D1009861
:1057E00001B006E00098009801B0029815F0F4FEB0
:1057F00080696F467760E2F7E9F8002821D00298C7
:1058000015F0EAFE806915F0E7FE4069012116F007
:1058100020FB10D0029801B4039815F0DDFE8069DA
:1058200015F0DAFE806901B40198009915F0D4FEF4
:10583000816102B004E0029815F0CEFE806902900A
:10584000C5E7002003B000BD012C0BDA00B515F050
:1058500051F900F007F801B000BD7746009815F047
:105860008FFEBE4600B5019800210162002000BDF8
:1058700000B5019801B415F0C5F800216F467760B6
:10588000E1F77CFB01B000BD00B5AF4801B4029860
:1058900001B400F03FF802B0002000BD54880100C0
:1058A00000000000A9580200022C06DA00B515F02D
:1058B0002BF900F002F802B000BD00B5019815F018
:1058C0005FFEC06801B4039815F05AFEC06801B4C9
:1058D0000198009916F00CFA02B001B46F46776097
:1058E000E2F73EF8002802D0009801B011E00098DD
:1058F000009801B0019815F043FE806801B4039848
:1059000015F03EFE806801B40198009916F0F0F998
:1059100002B000BD00B502986F467760E2F756F816
:105920006F467760E1F7CCF96F467760E1F7EAFA06
:1059300001B46F467760E2F713F8002802D10098AF
:1059400001B014E00098009801B0019801B415F07E
:1059500059F86F467760E1F7F5FA01B016F045FAAD
:1059600001B403216F467760E2F7D0F801B06F46CB
:105970007760E2F72BF8002801D074480290029873
:1059800001B4029801B400F0BDF802B000BD0000FF
:1059900054880100000000009D590200022C06DA24
:1059A00000B515F0B1F800F002F802B000BD00B586
:1059B000002001B401B401B401B4059801B4002180
:1059C0006F467760E1F7F0FE01B00090069801B4F1
:1059D00000216F467760E1F7E7FE01B00190009883
:1059E00001B46F467760E1F7BBFF002802D1009851
:1059F00001B003E00098009801B001986F4677600D
:105A0000E1F7E4FF002802D0012079E013E00098DC
:105A10006F467760E1F7DAFF002802D003206FE0DD
:105A200009E001986F467760E1F7D0FF002802D0C7
:105A30000120404264E0059801B406216F4677607A
:105A4000E1F7B2FE01B00290069801B406216F465C
:105A50007760E1F7A9FE01B00390029801B46F46A8
:105A60007760E1F77DFF002802D1009801B003E0E4
:105A70000098009801B003986F467760E1F7A6FFA1
:105A8000002802D001203BE013E002986F467760C7
:105A9000E1F79CFF002802D0032031E009E00398E1
:105AA0006F467760E1F792FF002802D00120404264
:105AB00026E0059801B46F467760E0F75BFF01B41C
:105AC00015F0C2FB6F467760E0F794FF02B001B4B7
:105AD000079801B46F467760E0F74CFF01B415F00A
:105AE000B3FB6F467760E0F785FF02B001B415F0B5
:105AF0002BFA6F467760E1F717F802B016F075F9E8
:105B000004B000BD00B5002001B401B401B4049894
:105B100001B414F077FF6F467760E1F713FA01B034
:105B200016F063F901B401216F467760E1F7BAFF1F
:105B300001B001B46F467760E1F712FF002807D08B
:105B4000009801B014E000009C5802009059020037
:105B50000098009801B005986F467760E1F736FF2E
:105B60006F467760E1F7ACF86F467760E1F7CAF906
:105B70006F467760E1F72AFF002801D004985CE0C7
:105B8000049801B414F03EFF6F467760E1F7DAF94C
:105B900001B016F02AF9009001200190019801B49B
:105BA0000198032116F0A4F801B40198009916F0A9
:105BB00028F902B040D00198032116F089F802902C
:105BC0000298009916F01DF930D0059801B4059897
:105BD00001B4039801B40198009914F0C4FC02B018
:105BE00001B4069801B4059801B40198009914F025
:105BF000BAFC02B001B40EBC08B402B404B40298FA
:105C000015F0B4F803B0012116F00FF908D002988E
:105C100001B4029801B4069801B400F011F803B081
:105C20000298032116F054F80290C9E70198032165
:105C300016F04EF80190B1E7049803B000BD0000E3
:105C400000B5002001B4029801B4049801B4019891
:105C5000009914F088FC02B00090029801B40498F6
:105C600001B4049801B4079801B40198009914F0A4
:105C70007AFC02B001B402980199009A14F0BEFCBB
:105C800003B0029801B4059801B4029801B40298D7
:105C90000199009A14F0B2FC03B0002001B000BDDD
:105CA0005488010000000000AD5C020000B5002037
:105CB00001B4F7F701F800900098B64916F0C9F85A
:105CC00002D011200BE009E00098B34916F0C1F8AA
:105CD00002D0212003E001E0652000E0002001B0B7
:105CE00000BD000000B5002001B40BF0F1FE14F07F
:105CF00070FF806C0090009801B000BD00B50020DE
:105D000001B40BF0E5FE0090009814F062FF806C87
:105D10006F467760E1F75AFE002800D024E0009833
:105D200001B46F467760E1F703F901B40198009977
:105D300014F04FFF816402B06F467760E0F7FEF821
:105D400016F053F81321090137687850934801B4CD
:105D5000F8F7E4F901B0924801B401200002F530EF
:105D600001B4F6F727FC02B0002001B000BD00002E
:105D700054880100000000007D5D020000B5002095
:105D800001B4FFF7AFFF009000986F467760E1F72E
:105D90001DFE00281CD0009801B4019801B414F035
:105DA00031FE6F467760E1F7CDF801B016F01DF8CF
:105DB00001B406BC02B4012001B404B400F024F81C
:105DC00003B00346774801B408B4F5F763FF02B0A7
:105DD000002001B000BD0000548801000000000058
:105DE000E55D0200012C06DA00B514F083FE00F038
:105DF00002F801B000BD00B5019801B4FFF72BFC1B
:105E000001B0002000BD000000B5002001B401B4C5
:105E100001B46F467760E1F78BF80090049801B405
:105E200014F0F0FD6F467760E1F78CF801B015F0E3
:105E3000DCFF01900598002116F047F802D0012000
:105E4000059010E00598012115F0DBFF0BD00198BB
:105E5000059915F03DFF0346012001B408B4F6F79B
:105E600041FA02B005900598019915F0DEFF01D0C6
:105E7000009839E00698002116F027F802D0019822
:105E8000069009E00698012115F0BBFF04D00198A7
:105E9000069915F01DFF06900698019915F0C5FFAB
:105EA00001D001980690059802900298069915F085
:105EB000A8FF18D0009801B4059801B4049801B463
:105EC0000198009914F04FFB02B001B414F016FED3
:105ED0006F467760E1F73CF802B00298032115F0B5
:105EE000F7FE0290E1E7009803B000BD548801007E
:105EF00000000000F95E020000B5002001B401B40A
:105F000001B401B4FFF7EEFE009000986F46776091
:105F1000E1F75CFD6F467760E0F7D2FE6F46776091
:105F2000E0F7F0FF6F467760E1F750FD002800D002
:105F300050E0009801B4FFF7A7FC01B06F4677600E
:105F4000DFF7FCFF15F051FF0190019813210901C3
:105F50003768795815F0CCFE029001981321090199
:105F60003768785001200390039801B4019801B478
:105F700014F048FD6F467760E0F7E4FF01B015F0DC
:105F800034FF01B40198009915F03BFF02B00BD12A
:105F900020E000000120030001400600EC5E02004A
:105FA000705D0200D85D0200009801B4049801B44D
:105FB0000198009914F0D7FA02B00346029801B490
:105FC00008B400F014F802B00398032115F080FE25
:105FD0000390C9E7002004B000BD0000022C0BDADA
:105FE00000B514F091FD00F007F802B000BD77464F
:105FF000009815F0C5FABE4600B5002001B401B402
:1060000001B4049801B401B40198406A079915F0ED
:106010006FFE01B401980099416203B00498806951
:10602000002115F07AFF1BD0049801B401B4019847
:106030008069079915F05CFE01B4019800998161AF
:1060400003B004988069012115F003FF07D004987C
:1060500000218161049801B4FFF7D8FA01B03EE055
:106060000498406901B46F467760E1F779FC002835
:1060700002D1009801B010E00098009801B0049897
:10608000406901B49F2114F0D9FC01B001B4002192
:106090006F467760E1F790FB01B001B46F4677601F
:1060A000E1F75EFC002802D1009801B00CE00098F6
:1060B000009801B00498406901B49F2114F0BEFC1F
:1060C00001B0052115F024FE6F467760E1F77EFCF4
:1060D000002804D0049805210902DD31816104986B
:1060E000406A01B401216F467760E1F7EDFC01B031
:1060F00001B46F467760E1F733FC002802D10098C5
:1061000001B007E00098009801B0049801B4FFF7CF
:1061100071F801B06F467760E1F758FC002845D070
:10612000049801B401B40198406A01B40798806AE8
:1061300001B40198009915F0CBFD02B0002701973A
:1061400001B401980099416203B00498C06A01B497
:106150000598406901B406BC02B404B4242115F0CA
:1061600049FA02B0009000986F467760E1F72EFC84
:106170006F467760E0F7A4FD6F467760E0F7C2FEF8
:106180006F467760E1F722FC002800D0A7E700986F
:1061900001B40598006A01B40198009915F01CFA41
:1061A000816102B004980099016298E70498006A3E
:1061B0006F467760E1F70AFC6F467760E0F780FD95
:1061C0006F467760E0F79EFE6F467760E1F7FEFB73
:1061D000002800D071E00498006A0190049801B48E
:1061E00001B401980069079915F072FD01B4019896
:1061F0000099016103B00498006901B40BF0FCFC44
:1062000001B0029002986F467760E1F7DFFB00284B
:1062100034D0019815F0E0F94069012115F005FE30
:106220001AD0019801B401B4019815F0D5F940696C
:10623000079915F05DFD01B40198009915F0CCF9AE
:10624000416103B0029801B4029801B4069801B408
:10625000342114F02DFF03B0019815F0BDF98069C9
:1062600001B4029001BC6F467760E1F7AFFB0028F4
:1062700000D0CEE70498012101611EE0019801B42D
:1062800001B4019815F0A8F94069079915F030FD9F
:1062900001B40198009915F09FF9416103B001988C
:1062A00015F09AF9806901B4029001BC6F467760DD
:1062B000E1F78CFB002800D0E0E7002003B000BD30
:1062C000032C0BDA00B514F0A0FC00F007F803B0C3
:1062D00000BD7746009815F053F9BE4600B5039807
:1062E00001B4152115F066FD01B00390029801B4C8
:1062F000039815F071F9C06801B40398006B034668
:10630000059801B408B400F06BF802B001B401982C
:1063100002BC01B015F0DCFC01B40198009915F045
:106320005BF9C16002B0029801B4039815F054F90A
:10633000006901B40398406B0346059801B408B4A2
:1063400000F04EF802B001B4019802BC01B015F0A3
:10635000BFFC01B40198009915F03EF9016102B04B
:10636000029801B4039815F037F9406801B4049815
:1063700015F032F9C0680346059801B408B400F07E
:106380002FF802B001B4019802BC01B015F0A0FCD6
:1063900001B40198009915F01FF9416002B002980C
:1063A00001B4039815F018F9806801B4049815F049
:1063B00013F900690346059801B408B400F010F819
:1063C00002B001B4019802BC01B015F081FC01B427
:1063D0000198009915F000F9816002B0002000BD1D
:1063E00000B5019801B4039801B414F0CDFD6F46D7
:1063F0007760E0F795FD02B015F0F7FC01B41121CC
:1064000015F0D8FC01B000BD022C0BDA00B514F079
:106410007BFB00F007F802B000BD7746009815F04E
:10642000FBF8BE4600B5002001B4C7486F46776050
:10643000E2F7D4FB0090009801B4049801B4012164
:106440000902B53114F0FAFA01B001B40BF0D4FB33
:1064500001B001B40198009915F0BEF8416002B096
:10646000009801B4049801B401210902B93114F073
:10647000E5FA01B001B40BF0BFFB01B001B4019823
:10648000009915F0A9F8816002B00098012115F07B
:10649000A3F8C1600098012115F09EF801610098F1
:1064A00003210902E93115F097F84161009801B024
:1064B00000BD00007746009815F0BEF8BE4600B556
:1064C000019801B4039801B4059801B49F486F4640
:1064D0007760E6F745FF01B41EBC02B404B408B40B
:1064E00010B400F04BF804B0019801B498486F461E
:1064F0007760E6F735FF01B406BC02B404B400F0DF
:1065000027F802B0019801210902913181610198B7
:106510000069652115F089FC03D009200002613073
:1065200002E005200002793001B4029802BCC1618A
:10653000002000BD022C0BDA00B514F0E5FA00F0E3
:1065400007F802B000BD7746009815F083F8BE4604
:1065500000B502986F467760E1F738FA00280BD053
:106560000198406A01B4039801B414F0C7FA6F4669
:106570007760E0F7EDFC02B0002000BD77460098A0
:1065800015F068F8BE4600B5002001B4002001B443
:10659000059801B4059801B4059801B400F04CF8D1
:1065A00005B06F467760E0F7C3FC01B401B406980C
:1065B00001B4019800996F467760E0F7C9FC02B01A
:1065C000029802BC4162019801B4059801B414F02C
:1065D0002CFA6F467760E4F773FE01B015F005FC06
:1065E00001B4032115F0E6FB01B001B40BF004FB8C
:1065F00001B001B401980099816202B0019801B420
:10660000059801B414F011FA6F467760E4F75CFE68
:1066100001B015F0EAFB01B4032115F0CBFB01B08A
:1066200001B40BF0E9FA01B001B401980099C1621C
:1066300002B0002000BD00007746009815F01AF85F
:10664000BE4600B5B52001B4012001B4512001B40B
:10665000049801B4FEF7EEFD04B0019802990161BF
:1066600001980399416104986F467760E1F7AEF9AC
:10667000002801D0049802E0012000022D3001B46E
:10668000029802BC816105986F467760E1F79EF938
:10669000002801D0059802E006200002A53001B4D0
:1066A000029802BCC1612B486F467760E2F796FA08
:1066B00001B4002001B4019801B408F0D3FE02B087
:1066C000029802BC0162002000BD000077460098DD
:1066D00014F0E0FFBE4600B5059801B4059801B47A
:1066E000049801B4049801B400F006F804B00198CD
:1066F00003994161002000BD7746009814F0AEFE7A
:10670000BE4600B5019804994160019802998160E4
:1067100001980399C160002000BD000000B50198F8
:1067200001B4E0203768385801B400F015F802B021
:10673000002000BD022C14DA00B514F0E5F900F0D9
:1067400010F802B000BD0000B8DF0300D4610400FF
:10675000E8610400B4C103007746009814F0BDFC62
:10676000BE4600B5002001B4029801B4FAF76CF8F7
:1067700001B000900098039914F0CBFCC160002098
:1067800001B000BD00B5002001B400F0ADF80298E2
:10679000062115F086FB01D0032002904D208000D9
:1067A0003768385801B40099BC486F467760E0F705
:1067B000C1FE01B00090029801B4014605206F4669
:1067C0007760E1F795F8002801D001B03FE009209B
:1067D00000996F467760E1F78BF8002801D001B08F
:1067E0003FE0112000996F467760E1F781F80028BB
:1067F00001D001B03FE0212000996F467760E1F7BA
:1068000077F8002801D001B03FE0412000996F46A1
:106810007760E1F76DF8002801D001B03FE08120FA
:1068200000996F467760E1F763F8002801D001B066
:106830003FE001200002013000996F467760E1F7E8
:1068400057F8002801D001B03DE001BC44E00098B9
:1068500001B405216F467760E0F76CFE01B000904F
:106860003AE0009801B409216F467760E0F762FED4
:1068700001B0009030E0009801B411216F467760BC
:10688000E0F758FE01B0009026E0009801B4212105
:106890006F467760E0F74EFE01B000901CE0009874
:1068A00001B405216F467760E0F718FE01B0009053
:1068B00012E0009801B409216F467760E0F70EFE00
:1068C00001B0009008E0009801B407216F4677609E
:1068D000E0F730FE01B00090009801B4012115F0FE
:1068E00069FA01B001B000BD00B54D2080003768E5
:1068F00038586F467760E1F769F86F467760E0F7E0
:10690000DFF96F467760E0F7FDFA6F467760E1F7F1
:106910005DF8002804D0F1204D21890037687850B7
:10692000002000BD00B5002001B46F467760E0F79D
:106930006DFB01B401B405996F467760E0F764FB25
:1069400001B001BC039003986F467760E0F75AFBF3
:10695000012115F0A6FA05D0039851496F467760DA
:10696000E0F752FB03986F467760E0F74BFB0F218F
:106970000902A13115F06DFA19D0029801B40498FA
:106980006F467760E0F73EFB01B406BC02B404B486
:10699000012001B400F0E8F803B003986F46776077
:1069A000E0F730FB01B40BF003FC01B030E027202E
:1069B000C00037683858032115F08AF901B427213F
:1069C000C9003768785001BC0090032035496F46F4
:1069D0007760E2F7D5F801B40021019A6F4677603D
:1069E000E0F71EFB00980121049A6F467760E0F7FC
:1069F00017FB00980221039A6F467760E0F710FBBF
:106A0000009813F0D9FF6F467760DFF7A7FA01B05F
:106A1000002001B000BD000054880100000000000B
:106A2000256A020000B5002001B401B401B401B42C
:106A30006F467760DFF782FA15F0D7F90090E868C3
:106A400001B42720C0003768385801B40198009974
:106A50006F467760E0F74EFF02B001B46F46776093
:106A6000E0F77EFF002802D1009801B00EE0009808
:106A7000009801B028696F467760E0F7C3FA01B467
:106A800001216F467760E1F741F801B06F4677600A
:106A9000E0F79CFF002807D163E00000C1D40100AB
:106AA00001B84C0A186A02006F467760DFF746FAB1
:106AB00015F09BF901900098019915F019F90290D1
:106AC00028696F467760E0F79DFA034603200002CD
:106AD000E93001B408B4F6F745FF02B00390286925
:106AE00001B428696F467760E0F78CFA049915F0D5
:106AF000FFF801B4019800996F467760E0F784FAD7
:106B000002B00098039915F0E3F800900298032171
:106B100015F0EEF80346039801B4686901B408B4AF
:106B200000F022F803B028696F467760E0F76AFA50
:106B3000012115F0B6F908D00298039915F0C8F8AC
:106B400001B40BF035FB01B00AE00298039915F08F
:106B5000BFF8C92115F0CCF801B40BF029FB01B046
:106B60006DE7002004B000BD00B5002001B40C208A
:106B70006F467760DFF77AF80090009801B40598C7
:106B800001B4059801B4FDF77DFA01B41EBC039869
:106B900001B402B404B4072001B401200002FF30A4
:106BA00001B401200002FF3001B408B4012001B497
:106BB00010B4FDF7BBF909B0029801B4019801B413
:106BC00014F030FC6F467760E4F712F902B0002051
:106BD00001B000BD00B5002001B401B401B4002033
:106BE00001B402F0ABF901B04F208000376838588B
:106BF0006F467760E0F7EAFE002800D0FAE0422016
:106C00004F2189003768785005208001376838584F
:106C10006F467760E0F7DAFE00280BD00520800190
:106C20003768385801B4059801B4019814F040FD54
:106C300002B0DFE005986F467760E0F7C7FE6F4669
:106C40007760E0F73DF86F467760E0F75BF96F46F5
:106C50007760E0F7BBFE00280CD004986F467760A1
:106C6000E0F7B4FE002802D03768F86A01E0376820
:106C7000386B0590E0203768385801B4F9F7DFFD2C
:106C800001B0009002F044F90190009814F041FA2C
:106C90004068019915F0C9F801D001F067FC512056
:106CA00080003768385801B46F467760E0F758FEC7
:106CB000002802D1009801B010E00098009801B0BF
:106CC000512080003768385801B413F09BFE6F469E
:106CD0007760E0F737F901B015F087F86F46776015
:106CE000E0F774FE00280AD02920C0003768385821
:106CF00001B401F000FC01B001F0E0F9CFE701F0D0
:106D0000EDF83768B86F01B413F08FFE6F46776007
:106D1000E4F71AFE01B001B401F06AF801B004987A
:106D20006F467760E0F752FE00280AD0012000028B
:106D3000FF3001B43768B86B01B4FBF706FB02B053
:106D400009E001200002FF3001B43768786B01B41C
:106D5000FBF7FBFA02B0059801B46321890014F037
:106D600092F801B003200002213001B40BF020FAA8
:106D700001B0D1486F467760E1F730FF01B4059864
:106D800001B4029814F0C5F9406801B406BC029839
:106D900001B402B404B4039801B400F0B9FC04B027
:106DA00001BC02900120C5496F467760E1F7E8FE1B
:106DB00001B40021039A6F467760E0F731F90020B3
:106DC00001B4019801B4C92001B4F9F733FC04B04F
:106DD00003200002E93001B40BF0EAF901B0029897
:106DE00001B400F080F801B000F056F86F4677600B
:106DF000DFF7AEF8002003B000BD000054880100AA
:106E000000000000096E0200012C06DA00B513F044
:106E100071FE00F002F801B000BD00B5E86801B4F1
:106E2000242114F067FC01B0019801B4E86814F063
:106E300071FC406801B43768B86F01B413F0F5FD18
:106E40006F467760E4F740FA01B014F0CEFF01B46A
:106E5000E86814F05FFC406801B413F0E6FD6F468B
:106E60007760E4F731FA01B014F0BFFF01B4019884
:106E7000009914F03DFF02B001B4032114F09AFF11
:106E800001B001B414F054FC00226F467760E5F7BE
:106E9000F1FF03B0002000BD00B55320800037682B
:106EA00038586F467760E0F791FD002808D05320EE
:106EB00080003768385801B413F0FEFD01B006E0D9
:106EC00017200002713001B40BF072F901B00020FC
:106ED00000BD0000012C0BDA00B513F00BFE00F032
:106EE00007F801B000BD7746009814F013FCBE46C9
:106EF00000B5019842210163002000BD012C0BDA8E
:106F000000B513F0F7FD00F007F801B000BD7746BB
:106F1000009814F0FFFBBE4600B5019801B400F0E4
:106F200075FA01B0019801B42C2114F0C1F801B038
:106F30000198006B6F467760E0F748FD002804D0A9
:106F4000019801B400F012F801B0002000BD00006B
:106F5000012C0BDA00B513F0CDFD00F007F801B0FD
:106F600000BD7746009814F0F5FBBE4600B5002042
:106F700001B4012000900298406A292114F055FFC5
:106F800001D003200090029801B40398406A0321C5
:106F900014F09EFE01B451216F467760E0F7E0FAED
:106FA00001B001B401980099416202B002984068B2
:106FB00001B40398C06801B40498C06901B405988D
:106FC00001B400F0C9F801B001B40198009914F0BF
:106FD0007FFE02B001B40598806901B40198009960
:106FE00014F076FE02B0029914F072FE01B4059816
:106FF000C06801B413F019FD6F467760E4F760F9DB
:1070000001B014F0F2FE01B40198009914F070FE82
:1070100002B001B40598006A01B40698806901B411
:107020000198009914F054FE02B001B4069801B41E
:1070300000F054F801B001B40198009914F048FE32
:1070400002B0032114F044FE01B4069801B400F02C
:1070500021F801B001B40198009914F049FE02B082
:1070600001B414F00FF96F467760E5F703FF04B041
:10707000002001B000BD0000012C0BDA00B513F0B8
:1070800039FD00F007F801B000BD7746009814F014
:1070900061FBBE4600B50198C06801B413F0C5FCA1
:1070A0006F467760E4F710F901B014F09EFE0321FB
:1070B00014F00EFE00BD0000C4E10300FC6D0200F0
:1070C000012C0BDA00B513F015FD00F007F801B044
:1070D00000BD7746009814F03DFBBE4600B5019810
:1070E000406801B413F0A1FC6F467760E4F7ECF858
:1070F00001B014F07AFE01B40298006A01B403985A
:1071000080690346192001B408B4F6F72BFC02B0DD
:1071100001B40198009914F0DBFD02B001B4032121
:1071200014F01EFE01B001B40198009914F0E0FDC6
:1071300002B0032114F0DCFD00BD0000012C0BDACD
:1071400000B513F0D7FC00F007F801B000BD77469A
:10715000009814F0FFFABE4600B50198406801B4EB
:1071600013F063FC6F467760E4F7AAF801B014F0FF
:107170003CFE01B40298C06901B4039880690346DB
:10718000192001B408B4F6F7EDFB02B001B4019880
:10719000009914F09DFD02B001B4032114F0E0FD4C
:1071A00001B001B40198009914F0A2FD02B00521CC
:1071B00014F09EFD00BD0000012C0BDA00B513F0A9
:1071C00099FC00F007F801B000BD7746009814F074
:1071D000A1FABE4600B5002001B40298806B6F464C
:1071E0007760E0F7F3FB002801D0BD4800E0BD4820
:1071F00001B43768B86F01B413F017FC6F467760BD
:10720000E4F766F801B06F467760DFF77BFE6F4604
:107210007760E0F7DBFB002801D0032000E00B20C3
:1072200001B4049840680346E8203768385801B430
:10723000019801B4112001B4049801B408B400F01D
:1072400075F807B00298C06B002114F066FE6AD092
:107250003768B86F01B413F0E8FB6F467760E4F766
:1072600037F801B06F467760DFF74CFE6F46776006
:10727000E0F7ACFB002801D0032000E005200090DF
:107280000298406801B40398C06B01B413F055FE36
:1072900095486F467760DFF7ADFB01B001B406BCDF
:1072A000E8203768385801B4019801B42F2001B4A0
:1072B00002B404B400F03AF805B00298406B6F468F
:1072C0007760E0F783FB002810D0029840680346FF
:1072D0003768386F01B4019801B4452001B4834880
:1072E00001B408B400F022F805B01CE00298406830
:1072F00001B40398006C01B413F01FFE7C486F4684
:107300007760DFF777FB01B001B406BCE82037688F
:10731000385801B4019801B4452001B402B404B452
:1073200000F004F805B0002001B000BD00B5002059
:1073300001B401B407986F467760E0F747FB6F46EA
:107340007760DFF7BDFC6F467760DFF7DBFD6F46E8
:107350007760E0F73BFB002805D0049801B4F8F70C
:1073600033F801B00790049801B413F0F9FD6F46AB
:107370007760DFF709FC01B014F037FD01B408981D
:1073800001B4632113F05AFB01B001B401980099D4
:107390006F467760E0F7A2F802B00090039801B45E
:1073A00013F043FB6F467760E3F78AFF01B014F0F8
:1073B0001CFD009914F09CFC01B405216F46776018
:1073C000E0F7B8F801B00190002001B4089801B4CA
:1073D000089801B4089801B4059801B4099801B45B
:1073E000099801B4F7F762FC07B0002002B000BDB5
:1073F000012C0BDA00B513F07DFB00F007F801B0AB
:1074000000BD7746009814F0A5F9BE4600B50020EF
:1074100001B401B403988069032114F042FD1BD02C
:10742000039801B404980069052114F061FC01B4CB
:1074300005984069052114F05BFC01B40EBC02B450
:1074400004B4032001B4032001B4092001B408B43A
:1074500000F018F906B036E003200090009801B45F
:1074600004980069032114F043FC01B401980099C9
:1074700014F0C7FC02B026D003200190019801B49B
:1074800004984069032114F033FC01B40198009979
:1074900014F0B7FC02B010D0019801B4019801B407
:1074A000092001B4069801B400F029F804B001984D
:1074B000032114F00DFC0190E0E70098032114F083
:1074C00007FC0090CAE7002002B000BD042C16DAC9
:1074D00000B513F0BAFB00F012F804B000BD0000D4
:1074E000601E0400701E0400841E0400941E04002C
:1074F000AC1E04007746009814F02CF9BE4600B587
:10750000002001B401B401B401B401B401B407987E
:10751000C06901B40A9801B40998806901B401985E
:1075200000996F467760DFF7D9FF02B001B4019888
:10753000009914F0CDFB02B000900798006A01B4E6
:107540000B9801B40998806901B4019800996F46BD
:107550007760DFF7C3FF02B001B40198009914F01F
:10756000B7FB02B00190089801B407216F4677601D
:10757000DFF7F6FF01B001B40898806901B4019803
:1075800000996F467760DFF7A9FF02B00290089874
:1075900001B413F09AFD03216F467760DFF7C4FC56
:1075A00001B014F022FC01B40898806901B401987C
:1075B00000996F467760DFF791FF02B003900120DA
:1075C0000490049801B40898806901B40198009966
:1075D00014F017FC02B043D001200590059801B4C7
:1075E0000898806901B40198009914F00AFC02B06F
:1075F00030D00798406801B40198059914F068FBF1
:1076000001B40398079914F063FB01B40A988068E9
:1076100001B40698089914F05BFB01B408980A9924
:1076200014F056FB01B413F020FD6F467760E3F7CA
:1076300087FE03B014F0D9FB01B413F0D6FD6F46FA
:107640007760E3F75FFE04B00598032114F040FB78
:107650000590C3E70498032114F03AFB0490B0E7C7
:10766000002006B000BD0000062C0BDA00B514F0B7
:1076700081F800F007F806B000BD7746009814F0D6
:1076800069F8BE4600B5002001B40298806801B4D4
:10769000049801B407216F467760DFF761FF01B0FE
:1076A00001B4059801B413F010FD03216F46776013
:1076B000DFF73AFC01B014F098FB01B413F0D5FCED
:1076C0006F467760E3F73CFE03B014F08EFB00904A
:1076D0000298406801B40398C069059914F0F8FA5B
:1076E00001B40498006A079914F0F2FA01B40EBCD0
:1076F000009801B4089801B4089801B402B404B425
:1077000008B4F7F79BFE06B0002001B000BD0000F2
:107710007746009813F0FEFFBE4600B50198029927
:10772000816301980399C1630198049901640198E8
:1077300001B43768B86F01B413F077F96F4677601A
:10774000E3F7BEFD01B014F050FB01B400F028F8DF
:1077500001B40EBC002001B4002001B402B45D20CD
:1077600001B404B408B400F03DF806B001980A2151
:107770000163019801B40298C06B01B40398006CD6
:1077800001B4019800996F467760E0F7BFF902B045
:1077900001B401980099416302B0002000BD0000CF
:1077A00000B53768B86F01B413F03FF96F467760E2
:1077B000E3F78EFD01B06F467760DFF7A3FB6F46FE
:1077C0007760E0F703F9002805D0B2486F4677608C
:1077D000E5F7C6FD04E0B0486F467760E5F7C0FD09
:1077E00000BD00007746009813F0B4FFBE4600B518
:1077F000019801B4039801B4059801B413F0C4FBD7
:107800006F467760E4F796FB02B001B401980099E7
:10781000416002B0049801B46F467760E0F7A0F8C9
:10782000002802D0009801B006E00098009801B04E
:10783000152000013768385801B46F467760E0F7CB
:107840008FF8002802D0009801B00AE00098009854
:1078500001B000F0ABFA01B4152109013768785086
:1078600001BC01B4029802BC8160059801B46F4666
:107870007760E0F775F8002802D0009801B005E0C5
:107880000098009801B0E8203768385801B4029891
:1078900002BC8162069801B46F467760E0F760F839
:1078A000002802D0009801B006E00098009801B0CE
:1078B000552080003768385801B46F467760E0F78C
:1078C0004FF8002802D0009801B00AE00098009814
:1078D00001B000F049FA01B45521890037687850A9
:1078E00001BC01B4029802BCC1602B20C000376803
:1078F0003858002114F0D5FA06D01F202B21C900DA
:10790000376878501F2003E02B20C00037683858B4
:1079100001B4029802BCC162019801B40298806867
:1079200001B413F082F86F467760E3F7C9FC01B049
:1079300014F05BFA01B407216F467760DFF7FAFDB8
:1079400001B001B46F467760DFF7C0FE01B001B44B
:1079500001980099816102B0019801B4039801B4C3
:107960000398806901B4019800996F467760DFF74A
:10797000E1FD02B001B46F467760DFF7A7FE01B00A
:1079800001B401980099016102B0019801B4049812
:1079900001B40398806901B4019800996F4677603B
:1079A000DFF7C8FD02B001B46F467760DFF78EFEE7
:1079B00001B001B401980099416102B0019801B48D
:1079C000039801B40398006901B40498806901B474
:1079D000019800996F467760DFF780FD02B001B42F
:1079E0000198009914F084F902B001B4032114F055
:1079F000E1F901B001B401980099C16102B00198A8
:107A000001B4049801B40398406901B404988069F2
:107A100001B4019800996F467760DFF75FFD02B00F
:107A200001B40198009914F063F902B001B4032184
:107A300014F0C0F901B001B401980099016202B0DC
:107A4000019801214162019801B400F017F801B0DA
:107A5000019801B4FFF7DAFC01B0002000BD00007E
:107A6000012C0BDA00B513F045F800F007F801B06F
:107A700000BD7746009813F06DFEBE4600B50020AD
:107A800001B401B401B404988069032114F009FA27
:107A900004D1B2E0DC470400F8470400032001B43D
:107AA000032001B4012001B4012001B4012001B47C
:107AB000099801B4FFF7E6FD06B0049801B40598F3
:107AC0000069052114F014F901B406BC032001B4C7
:107AD00002B4012001B4032001B4032001B404B4B2
:107AE000FFF7D0FD06B0049801B4059800690321A2
:107AF00014F0FEF801B406BC032001B4032001B465
:107B0000012001B402B4052001B404B4FFF7BAFDAA
:107B100006B0049801B405984069052114F0E8F80E
:107B200001B406BC02B4032001B4032001B4012057
:107B300001B4072001B404B4FFF7A4FD06B0049813
:107B400001B405980069032114F0D2F801B4069835
:107B50004069052114F0CCF801B40EBC02B4032036
:107B600001B4032001B404B40B2001B408B4FFF73E
:107B700089FD06B004984069032114F0B9F800901B
:107B8000032001B4032001B4029801B4012001B420
:107B90000D2001B4099801B4FFF774FD06B00498F4
:107BA00001B4019801B406980069052114F0A0F809
:107BB00001B40EBC032001B402B404B4032001B428
:107BC0000F2001B408B4FFF75DFD06B0049801B4BE
:107BD00005980069032114F08BF801B406BC03205A
:107BE00001B4032001B4029801B402B4112001B41D
:107BF00004B4FFF747FD06B0B3E0012001900198FF
:107C000001B40598006901B40198009914F0F9F8DD
:107C100002B073D00198012114F043F91DD0012066
:107C200001B4012001B4012001B4079801B4FFF7A9
:107C300066FC04B0049801B405984069032114F06F
:107C400057F801B406BC02B4012001B40D2001B400
:107C500004B4FFF754FC04B04AE0019801B405985D
:107C60000069032114F044F801B40198009914F05C
:107C70002CF902B01ED0012001B4029801B40520F5
:107C800001B4079801B4FFF73AFC04B0049801B4BA
:107C9000029801B406984069032114F029F801B450
:107CA0000EBC02B404B4112001B408B4FFF727FCE1
:107CB00004B01DE0012001B4029801B4032001B416
:107CC000079801B4FFF71BFC04B0049801B40298B4
:107CD00001B406984069032114F00AF801B40EBCFF
:107CE00002B404B40F2001B408B4FFF708FC04B0D8
:107CF0000198032113F0ECFF019080E7032002902C
:107D0000029801B405984069032113F0F1FF01B412
:107D10000198009914F075F802B022D0029801B4CD
:107D2000012001B4072001B4079801B4FFF7E7FB75
:107D300004B0049801B405980069032113F0D8FF3A
:107D400001B406BC029801B402B40B2001B404B41F
:107D5000FFF7D5FB04B00298032113F0B9FF02909E
:107D6000CEE7002003B000BD00B53768B86F01B49E
:107D700012F05BFE6F467760E3F7AAFA01B06F4638
:107D80007760DFF7BFF86F467760DFF71FFE0028E8
:107D900005D0C2486F467760E5F7E2FA04E0C048D4
:107DA0006F467760E5F7DCFA00BD000000B5376884
:107DB000B86F01B412F039FE6F467760E3F788FAC6
:107DC00001B06F467760DFF79DF86F467760DFF7A9
:107DD000FDFD002805D0B3486F467760E5F7C0FA8F
:107DE00004E0B1486F467760E5F7BAFA00BD0000DD
:107DF00000B5002001B409F06BFE0090009812F06D
:107E0000E8FE80680346029801B408B400F00DF85B
:107E100002B0002001B000BD022C0BDA00B512F058
:107E200073FE00F007F802B000BD7746009813F02B
:107E3000BEFCBE4600B5019802998160002000BDDD
:107E4000012C0BDA00B512F055FE00F007F801B076
:107E500000BD7746009813F0AAFCBE4600B5019815
:107E600080686F467760DFF7B1FD6F467760DEF7B9
:107E700027FF6F467760DFF745F86F467760DFF7DB
:107E8000A5FD002827D0019801B43768B86F01B468
:107E900012F0CBFD6F467760E3F712FA01B013F0F2
:107EA000A4FF01B43768B86F01B412F0BEFD6F468D
:107EB0007760E3F709FA01B013F097FF01B413F00C
:107EC00063F86F467760E4F735F802B001B40198C3
:107ED0000099816002B00198806800BD00B5002063
:107EE00001B409F0F5FD009000F0A8F800F072F878
:107EF00051208000376838586F467760DFF766FD9D
:107F00006F467760DEF7DCFE6F467760DEF7FAFFDC
:107F10006F467760DFF75AFD002807D06F4677601D
:107F2000DFF706F85121890037687850512080002A
:107F30003768385801B42920C0003768385801B470
:107F400012F0DCFD6F467760DFF702F802B04220E6
:107F500001B400F0F3FF01B05720800037683858B3
:107F60006F467760DFF732FD002815D001204F49BA
:107F70006F467760E0F704FE01B40021019A6F4676
:107F80007760DFF74DF80098572080003768385841
:107F900001B4F3F77FFE02B0002001B000BD000085
:107FA0005488010000000000AD7F0200012C06DAB9
:107FB00000B512F09FFD00F002F801B000BD00B561
:107FC000019801B4E86801B4019813F071FB02B0A4
:107FD000002000BD00B5002001B4FDF783FE009035
:107FE00000986F467760DFF7F1FC002808D0304832
:107FF00001B4019801B4F3F74DFE02B0FDF7BEFEE7
:10800000002001B000BD0000548801000000000005
:1080100015800200012C06DA00B512F06BFD00F0AD
:1080200002F801B000BD00B50A2001B4029801B405
:10803000FDF7A3F802B00A2000BD000000B5002043
:1080400001B4FDF74FFE009000986F467760DFF7B0
:10805000BDFC002808D0174801B4019801B4F3F71B
:1080600019FE02B0FDF78AFE002001B000BD00003D
:1080700054880100000000007D800200012C06DA17
:1080800000B512F037FD00F002F801B000BD00B5F8
:10809000019801B4FDF7E1FB01B00DE014480400C4
:1080A0004C480400504704006C470400A07F0200C5
:1080B0000880020070800200002000BD00B5002092
:1080C00001B409F005FD0090512080003768385850
:1080D00001B46F467760DFF743FC002802D10098B7
:1080E00001B010E00098009801B05120800037687E
:1080F000385801B412F086FC6F467760DEF722FF35
:1081000001B013F072FE6F467760DFF75FFC002866
:1081100012D0512080003768385801B412F072FC38
:108120006F467760DEF71AFF01B02921C900376872
:10813000785000F08FF810E02920C00037683858D8
:108140006F467760DFF742FC002806D000F082F827
:1081500000202921C900376878502920C0003768DD
:1081600038586F467760DFF731FC002801D000F007
:108170003DF80B204001376838586F467760DFF7CD
:1081800025FC002815D00120C2496F467760E0F732
:10819000F7FC01B40021019A6F467760DEF740FFDB
:1081A00000980B2040013768385801B4F3F772FD8E
:1081B00002B0002001B000BD5488010000000000A2
:1081C000C5810200012C06DA00B512F093FC00F024
:1081D00002F801B000BD00B5019801B4E86801B42F
:1081E000019813F065FA02B0002000BD00B5002030
:1081F00001B4FDF777FD009000986F467760DFF7D8
:10820000E5FB002808D0A44801B4019801B4F3F7B5
:1082100041FD02B0FDF7B2FD002001B000BD00003D
:1082200054880100000000002D820200012C06DAB3
:1082300000B512F05FFC00F002F801B000BD00B51F
:10824000422001B4029801B4FCF797FF02B042202B
:1082500000BD000000B5002001B401B4D42037688F
:1082600038586F467760DFF7B1FB6F467760DEF70F
:1082700027FD6F467760DEF745FE6F467760DFF7D4
:10828000A5FB002800D050E0D4203768385801B44E
:1082900012F0B8FB6F467760DEF760FE01B0009029
:1082A00000986F467760DFF791FB6F467760DEF7E7
:1082B00007FD6F467760DEF725FE6F467760DFF7D4
:1082C00085FB002800D030E0009801B400F089F868
:1082D00001B0D4203768385801B4D42037683858F2
:1082E00001B412F08FFB6F467760DEF72BFE01B012
:1082F00013F07BFD032113F0FBFC01B401980099FE
:1083000012F031F902B0019001986F467760DFF703
:108310005DFB002805D0019801B400F012F801B00F
:1083200003E00020D42137687850002002B000BD5F
:10833000012C0BDA00B512F0DDFB00F007F801B0FC
:1083400000BD7746009812F073FDBE4600B50020D0
:1083500001B401B401B40020009004984068019079
:1083600001200290029801B402986F467760DEF710
:10837000E9FD13F03AFD01B4019800996F4677606A
:10838000DFF77CFB02B0002818D0019801B40398F5
:1083900013F021FD01B4019800996F467760DEF774
:1083A000E1FD02B00090009801B4F4F794FE01B032
:1083B0000298032113F08CFC0290D3E70020019077
:1083C000049801B4F4F736FA01B0002003B000BD00
:1083D000012C0BDA00B512F08DFB00F007F801B0AC
:1083E00000BD7746009812F023FDBE4600B5002080
:1083F00001B401B401B400200090049840680190D9
:1084000001200290029801B402986F467760DEF76F
:1084100099FD13F0EAFC01B4019800996F4677606A
:10842000DFF72CFB02B0002818D0019801B40398A4
:1084300013F0D1FC01B4019800996F467760DEF724
:1084400091FD02B00090009801B400F027F801B04F
:108450000298032113F03CFC0290D3E70020019026
:10846000049801B401B40198C068032113F030FCF2
:1084700001B401980099C16003B0002003B000BDB1
:10848000012C10DA00B512F035FB00F00CF801B049
:1084900000BD0000B88102002082020077460098EB
:1084A00012F0B7FDBE4600B50198406801B40298CD
:1084B000806801B4C84801B40498006901B412F09E
:1084C00073FD6F467760DDF741FD04B0002000BD0D
:1084D0005488010000000000DD84020000B5002087
:1084E00000BD0000012C0BDA00B512F003FB00F018
:1084F00007F801B000BD7746009812F06AFBBE464F
:1085000000B5019800214160019800218160019827
:108510000021C160019800210161019800214161A1
:1085200001980021816101980021C1610198002119
:108530000162019800214162019800218162019845
:108540000021C1620198002101630198002181632B
:1085500001980021C1630198002101640198002164
:108560004164019800218165002000BD00B5002014
:1085700001B401B4E420376838586F467760DFF7FC
:1085800025FA002861D06F467760DEF73FFD009046
:10859000009801216F467760DEF736FD01208F4994
:1085A0006F467760E0F7ECFA01B40021019A6F465C
:1085B0007760DEF735FD8A4801B4E4203768385823
:1085C00001B4F3F71BFB02B00346009808B4F3F7BD
:1085D00061FB02B0834801B400F082FB01B001905E
:1085E000019801B406216F467760DFF783F901B087
:1085F00001B46F467760DFF7B3F9002802D0009826
:1086000001B011E00098009801B000986F467760C3
:10861000DEF7F8FC01B4029801B4019800996F46A6
:108620007760DFF773FA02B06F467760DFF7CEF955
:1086300000280AD000986F467760DEF7E3FC01B4AB
:10864000684801B400F05AF802B0002002B000BD42
:1086500054880100000000005D860200012C06DA4B
:1086600000B512F047FA00F002F801B000BD00B505
:10867000019801B46F467760DFF772F9002802D1E4
:10868000009801B007E00098009801B0019801B48B
:10869000F7F7F5FA01B000BD5488010000000000B2
:1086A000A5860200012C06DA00B512F023FA00F0CC
:1086B00002F801B000BD00B5E86801B4E8686F4693
:1086C0007760DEF79FFC01B4039801B4F5F7E3FE91
:1086D00001B001B406BC02B404B4F3F703FE02B067
:1086E00001B401B4029800996F467760DEF78CFC04
:1086F00001B00027019701BC01B000BD00B56F4675
:108700007760DEF715FC01B401B4049801B4019858
:1087100000996F467760DEF71BFC02B0029801B447
:10872000019801B400F00CF801B00027019701B4E2
:1087300006BC02B404B400F0B3FA03B0002000BDDC
:1087400000B5002001B401B401B401B401B401B416
:1087500001B401B40120009000200190099802901A
:1087600001200390039801B403986F467760DEF709
:10877000E9FB13F03AFB01B4019800996F4677606A
:10878000DFF77CF902B000282ED0029801B40498DB
:1087900013F021FB01B4019800996F467760DEF772
:1087A000E1FB02B00190009801B4029801B4029874
:1087B00001B4062001B400F069F803B001B40198D7
:1087C000009913F085FA02B000900398032113F08A
:1087D0007FFA0390C6E70000D0840200988602006A
:1087E000508602003C1E040000200290009801B454
:1087F00012F06BFC6F467760DDF738FA01B0049039
:108800000120009000200590099806900120079013
:10881000079801B407986F467760DEF793FB13F073
:10882000E4FA01B4019800996F467760DFF726F902
:1088300002B0002825D0069801B4089813F0CBFAAE
:1088400001B4019800996F467760DEF78BFB02B0A8
:108850000590009801B4069801B4029801B40798F5
:1088600001B400F013F803B001B40198009913F0BB
:108870002FFA02B000900798032113F029FA07900D
:10888000C6E700200690049808B000BD00B500209F
:1088900001B401B40120000297300090059801B4A2
:1088A000069801B4012113F05BFA01B001B40198FC
:1088B00000996F467760DFF71DF802B001B46F468C
:1088C0007760DFF74DF8002802D0009801B012E081
:1088D0000098009801B0059801B4069801B40121F0
:1088E00013F054FA01B001B4019800996F46776013
:1088F000DFF700F802B06F467760DFF767F800280F
:1089000072D0059801B400993D2040426F467760CF
:10891000DFF7C8F801B001B46F467760DFF720F8E1
:10892000002802D1009801B00AE00098009801B038
:10893000059801B4FF216F467760DFF7B3F801B007
:108940006F467760DFF742F8002814D003986F462F
:108950007760DFF73BF800280AD0039801B4059848
:1089600001B4079801B412F030FF11F022FE03B0F9
:1089700003206BE038E00120059913F06AFA1AD061
:10898000059801210902FF3113F063FA04D0012098
:108990000002993000900DE00598BF4913F059FA94
:1089A00004D0012000029B30009003E0012000026F
:1089B0009D30009018E0FD204042059913F049FADF
:1089C00004D001200002A13000900DE0B3480599C9
:1089D00013F03FFA04D001200002A330009003E01E
:1089E00001200002A5300090009801B400F0E8F8E2
:1089F00001B0019003986F467760DEF7E7FF00282B
:108A00001CD0039801B4059801B4029801B412F087
:108A1000DCFE11F0CEFD03B0039801B4029801B45E
:108A20000698032113F054F901B4089801B412F028
:108A3000D7FE6F467760DDF7D3F904B0019801B433
:108A400000F006F801B0032113F042F902B000BDB6
:108A500000B5019801B400F003F801B000BD0000BA
:108A600000B5019801B4014603206F467760DEF738
:108A70003FFF002801D001B097E0052000996F4624
:108A80007760DEF735FF002801D001B08DE00D20C2
:108A900000996F467760DEF72BFF002801D001B008
:108AA00083E00F2000996F467760DEF721FF0028F2
:108AB00001D001B079E0072000996F467760DEF7BA
:108AC00017FF002801D001B071E0092000996F461E
:108AD0007760DEF70DFF002801D001B067E01120BC
:108AE00000996F467760DEF703FF002801D001B0E0
:108AF0005DE0132000996F467760DEF7F9FE0028ED
:108B000001D001B053E00B2000996F467760DEF78B
:108B1000EFFE002801D001B04BE0152000996F4610
:108B20007760DEF7E5FE002801D001B041E01920B2
:108B300000996F467760DEF7DBFE002801D001B0B8
:108B400037E0172000996F467760DEF7D1FE0028E6
:108B500001D001B02DE01F2000996F467760DEF74D
:108B6000C7FE002801D001B023E01B2000996F460A
:108B70007760DEF7BDFE002801D001B019E02120AA
:108B800000996F467760DEF7B3FE002801D001B090
:108B900011E01D2000996F467760DEF7A9FE0028DE
:108BA00001D001B007E001BC07E0032006E005208A
:108BB00004E0092002E0112000E0012000BD0000D7
:108BC00000B5019801B401460120000297306F46BC
:108BD0007760DEF78DFE002801D001B049E001206A
:108BE0000002993000996F467760DEF781FE002819
:108BF00001D001B03FE0012000029B3000996F4698
:108C00007760DEF775FE002801D001B035E0012065
:108C100000029D3000996F467760DEF769FE0028FC
:108C200001D001B02BE001200002A13000996F4675
:108C30007760DEF75DFE002801D001B021E0012061
:108C40000002A33000996F467760DEF751FE0028DE
:108C500001D001B017E001200002A53000996F4655
:108C60007760DEF745FE002801D001B00DE001BCC1
:108C70000DE021200EE00F200CE013200AE0192067
:108C800008E00D2006E0112004E0152002E0062097
:108C900000E0002000BD0000FFFF01000300FFFF17
:108CA00000B5019801B4039801B412F0B0FD6F460D
:108CB0007760E6F7ABFB02B013F097F86F4677608A
:108CC000DEF784FE002809D06F467760E6F7FAFBEE
:108CD0007320C0006F467760DEF7BCF9002000BD4E
:108CE00000B5002001B401B4039801B412F038F9C2
:108CF0006F467760E6F7C0FB01B0009000986F46C2
:108D00007760DEF763FE6F467760DDF7D9FF6F4669
:108D10007760DEF7F7F86F467760DEF757FE0028DA
:108D200002D0002038E036E0012001B4019801B4FF
:108D300000F034F802B00190019801B46F467760FA
:108D4000DEF70EFE002802D1009801B014E0009872
:108D5000009801B0019801B411F054FE6F4677609D
:108D6000DEF7F0F801B013F040F801B403216F46CC
:108D70007760DEF7BBFE01B06F467760DEF726FE58
:108D8000002806D0019801B4012111F0ECFB01B0DC
:108D900002E0002000E0002002B000BD00B500208D
:108DA00001B401B401B46F467760DEF7C1F80090FA
:108DB000059801B4059801B411F011FE6F46776073
:108DC000DCF764FE01B013F010F801B401980099CB
:108DD00013F017F802B000D197E0059801B4032111
:108DE00012F076FF0690059801B4019801B401983D
:108DF000009911F08FFB03B001B4FFF7E1FE01B061
:108E000001900198062113F060F843D0049801B452
:108E10000698032112F06CFF01B412F0A0F90621AC
:108E20006F467760DDF77AF802B00290029801B4DD
:108E300000993D2040426F467760DEF733FE01B077
:108E400001B46F467760DEF78BFD002802D10098F1
:108E500001B00AE00098009801B0029801B4FF2127
:108E60006F467760DEF71EFE01B06F467760DEF773
:108E7000ADFD00280BD0009801B4039801B411F0A7
:108E80003DFE6F467760DEF763F802B001E0062032
:108E90003CE024E0009801B4059801B4039801B4C3
:108EA000089801B412F068F96F467760DDF736F87C
:108EB00003B001B411F022FE6F467760DEF748F888
:108EC00002B0059801B4029801B4FFF7C1FD01B0EA
:108ED00001B40198009912F0FBFE02B005900498CD
:108EE00001B4069801B40198009911F013FB02B087
:108EF00001210902833112F0E8FF05D00598032112
:108F000012F0E6FE0590EAE752E7009803B000BDD4
:108F100000B5C44801B4FFF7E3FE01B001B46F46E9
:108F20007760DEF71DFD002802D0009801B003E055
:108F30000098009801B0012000BD000000B5292074
:108F4000C000376838586F467760DEF73FFD6F46E0
:108F50007760DDF7B5FE6F467760DDF7D3FF01B4CC
:108F60006F467760DEF7FCFC002802D0009801B065
:108F700003E00098009801B001986F467760DEF733
:108F800025FD002818D0A8486F467760DFF726FE39
:108F900001B402F0ADFC03462920C0003768385800
:108FA00001B408B4029801B402F02CFD03B001BC76
:108FB0002921C900376878502920C00037683858FF
:108FC00001B400F026FA01B03768F86A6F4677609E
:108FD000DEF7FCFC6F467760DDF772FE6F46776068
:108FE000DDF790FF6F467760DEF7F0FC002805D0D4
:108FF00059208000376838583768F8623768386B0E
:109000006F467760DEF7E2FC6F467760DDF758FE6B
:109010006F467760DDF776FF6F467760DEF7D6FC48
:10902000002805D02D20C0003768385837683863CD
:109030003768B86B6F467760DEF7C8FC6F467760BD
:10904000DDF73EFE6F467760DDF75CFF6F467760C9
:10905000DEF7BCFC002805D05B208000376838585C
:109060003768B8633768786B6F467760DEF7AEFCB9
:109070006F467760DDF724FE6F467760DDF742FFCD
:109080006F467760DEF7A2FC002805D017200001AC
:109090003768385837687863002000BD548801006D
:1090A00000000000A9900200022C06DA00B511F0C1
:1090B0002BFD00F002F802B000BD00B5002001B4A5
:1090C00001B401B401B401B4069801B411F0ADFCCF
:1090D0006F467760E2F7F4F801B012F086FE01B453
:1090E000079801B411F0A1FC6F467760E2F7ECF845
:1090F00001B012F07AFE01B4019800996F467760D2
:10910000DEF7ECF902B001B40B2112F053FE01B00E
:109110000090012001900198009912F072FE6DD02C
:10912000079801B4079801B411F07FFC6F4677608F
:10913000E2F7C6F801B012F058FE032112F0D8FD94
:1091400001B406BC02B4012001B404B4FBF72FFC47
:1091500003B00290079801B4079801B411F065FCC0
:109160006F467760E2F7B0F801B012F03EFE0721DB
:1091700012F0BEFD01B406BC02B4012001B404B477
:10918000FBF715FC03B00390069801B4039801B4F3
:10919000059801B411F069FF6F467760E2F7D0F8E7
:1091A00003B012F022FE0490069801B4039801B4B3
:1091B0000598032112F08CFD01B4079801B412F058
:1091C00014F86F467760E2F79DF804B0069801B492
:1091D000039801B40598052112F07AFD01B40798AF
:1091E00001B412F002F86F467760E2F78BF804B032
:1091F0000198032112F06CFD01908CE7002005B06E
:1092000000BD00005488010000000000119202001F
:10921000022C0BDA00B511F077FC00F007F802B071
:1092200000BD00003C1E0400E0C7030000B50020A4
:1092300001B480486F467760DFF7D0FC01B4039833
:1092400001B401210902B33111F0F8FB01B06F46FE
:109250007760DEF7BBFB002808D0039801B401213A
:109260000902B33111F0EAFB01B000E0212001B4A2
:10927000212001B4019801B4039801B400F01EF854
:1092800004B001BC00903D2001B4019801B4FCF78A
:109290008AF802B068486F467760DFF79FFC01B438
:1092A000019801B4059801B4059801B4039801B47C
:1092B000FBF7C2FE04B001BC01B000BD77460098C8
:1092C00012F0B0FABE4600B5002001B401B46F46FA
:1092D0007760DDF72DFE01B401B458486F46776022
:1092E000E4F73EF801B4019800996F467760DDF726
:1092F0002FFE02B052486F467760E4F731F801B4B0
:10930000009901986F467760DDF722FE01B04D4865
:109310006F467760E4F724F801B4009901986F462E
:109320007760DDF715FE01B047486F467760E4F7D8
:1093300017F801B4009901986F467760DDF708FED1
:1093400001B042486F467760E4F70AF801B400992B
:1093500001986F467760DDF7FBFD01B001BC00901E
:10936000039801B4059801B4079801B4039801B4B7
:10937000012111F0F8F801B001B41EBC02B404B42C
:1093800008B410B4FDF7FAF804B003200190019876
:1093900001B4019801B411F035FB6F467760DDF739
:1093A000D1FD01B012F021FD01B40198009912F035
:1093B00028FD02B017D0039801B4019801B40398B6
:1093C00001B40198009911F0CEF802B001B406BCC6
:1093D00002B404B4FDF7BCF802B00198032112F006
:1093E00077FC0190D3E7039807210902D13181610D
:1093F0000398232109022931C161002002B000BD78
:10940000012C0BDA00B511F075FB00F007F801B084
:1094100000BD7746009811F0DCFBBE4600B5019810
:1094200000696F467760DEF7D1FA002810D0C0E0FF
:109430000EE0000070E40300B8D80300D46104001B
:10944000E8610400FC610400146204002C62040062
:1094500002F03EFA019801B46F467760DDF768FDCF
:1094600001B401980099016102B0019801214161A4
:109470000120C3496F467760DFF782FB01B400210A
:10948000029A6F467760DDF7CBFD0298406803468D
:109490000098112001B408B4F3F733F903B0019830
:1094A00040680346B74801B41B2001B408B4F3F781
:1094B00028F903B00120B4496F467760DFF760FBFD
:1094C00001B40021029A6F467760DDF7A9FD02988A
:1094D0004068034600981F2001B408B4F3F711F95F
:1094E00003B00120A9496F467760DFF749FB01B45B
:1094F0000021029A6F467760DDF792FD029840687E
:10950000034600986F2001B408B4F3F7FAF803B0EB
:1095100001209F496F467760DFF732FB01B40021DD
:10952000029A6F467760DDF77BFD0298406803463C
:109530000098B52001B408B4F3F7E3F803B00120B4
:1095400094496F467760DFF71BFB01B40021029A54
:109550006F467760DDF764FD029840680346009827
:10956000012000022D3001B408B4F3F7CAF803B0AB
:10957000019840680346884801B4012000029130F8
:1095800001B408B4F3F7BDF803B0012083496F4676
:109590007760DFF7F5FA01B40021029A6F46776031
:1095A000DDF73EFD00983768F86B01B4F2F772FB07
:1095B00002B0002000BD000054880100000000003F
:1095C000C595020000B5E86801B401B40198406D8A
:1095D00001B4E868406811F02BFC806901B401987F
:1095E000009912F075FB02B00027019701B40198B1
:1095F0000099416503B0E8684068806901B40721BB
:109600000902D1316F467760DDF794FF01B001B4F4
:1096100001F0EEFF01B0002000BD00005488010001
:10962000000000002996020000B5E868C06901B496
:10963000E8684068806901B407210902D1316F46AA
:109640007760DDF777FF01B001B406BC02B404B463
:10965000342111F0E8FA02B0002000BD5488010066
:10966000000000006996020000B5002001B401B4BA
:1096700001B401B4E8684068806901B407210902B7
:10968000D1316F467760DDF755FF01B00090E86893
:10969000006A01B401F0AFF801B000200190E86861
:1096A0000069029001200390039801B403986F466B
:1096B0007760DDF747FC12F098FB01B40198009940
:1096C0006F467760DEF7DAF902B0002821D0029801
:1096D00001B4049812F07FFB01B4019800996F4621
:1096E0007760DDF73FFC02B00190019801B4E868B3
:1096F000006A01B406BC009801B402B404B40421A9
:1097000011F0D8FE03B00398032112F0E1FA0390A0
:10971000CAE700200290002004B000BD5488010078
:10972000000000002997020000B5E86801B400F0CD
:10973000D1FC01B0002000BD5488010000000000F1
:109740004597020000B55D2080003768385801B4A5
:109750006F467760DEF704F9002802D1009801B067
:1097600006E00098009801B02F20C00037683858F4
:109770006F467760DEF72AF9002811D13EE000003D
:10978000B895020074AD02001C9602005C960200BF
:109790001C97020038970200742103002C980200E5
:1097A0002F20C0003768385801B4D02037683858A7
:1097B00001B4E868006901B411F024F96F467760DC
:1097C000DDF7C0FB01B012F010FB01B411F0B5FBE6
:1097D000B1486F467760DDF70DF901B001B411F0C3
:1097E000B3FB6F467760DDF705F902B001B406BC44
:1097F00004B402B4019811F05BFF02B02120C00054
:10980000376838586F467760DEF7E0F8002806D0F2
:10981000E868C06901B4302111F005FA01B000F028
:10982000F1F800F01DF8002000BD00005488010090
:109830000000000039980200012C06DA00B511F092
:1098400059F900F002F801B000BD00B5019801B46B
:10985000E86801B4019811F02BFF02B0002000BDB0
:1098600000B5002001B401B400F07CF85F20800056
:109870003768385801B46F467760DEF771F8002812
:1098800002D0009801B003E00098009801B00120D8
:1098900000900320C0013768385801B46F467760E4
:1098A000DEF75EF8002802D0009801B003E00098CF
:1098B000009801B001200190019801B401216F4688
:1098C0007760DEF723F901B001B46F467760DEF709
:1098D00047F8002802D1009801B015E000980098E0
:1098E00001B06F467760DCF729FB12F07EFA009931
:1098F00012F0FEF901B4029801B4019800996F4684
:109900007760DEF703F902B001B46F467760DEF7E7
:1099100027F8002802D1009801B016E000980098BE
:1099200001B06F467760E0F7D5FC6F467760DDF7F2
:10993000E9FA6F467760DEF749F86F467760DDF742
:10994000BFF96F467760DDF7DDFA6F467760DEF7C7
:109950003DF8002803D06F467760E0F7EFFB00206A
:1099600002B000BD00B50320C0013768385800219F
:1099700012F0D3FA00D043E0D420012149426F46CF
:109980007760DDF70BFB12F030FA01B40721090212
:10999000D1316F467760DDF7A1FD01B00321C90128
:1099A000376878500320C0013768385801B4012166
:1099B0006F467760DEF7AAF801B001B46F467760B2
:1099C000DDF7CEFF002802D1009801B00DE000982D
:1099D000009801B00320C0013768385801B42F49FE
:1099E0006F467760DEF770F801B06F467760DDF79D
:1099F000EDFF002804D029480321C90137687850B9
:109A0000002000BD00B5002001B401B401B401B4D0
:109A100001B401B401B401B401B46120800037681D
:109A200038586F467760DDF7D1FF6F467760DDF716
:109A300047F96F467760DDF765FA01B46F467760E6
:109A4000DDF78EFF002802D0009801B004E00098F6
:109A5000009801B000F000FB6F467760DDF7B6FFBD
:109A6000002800D063E13768F86E01B4622110F07D
:109A7000E5FF01B0052112F02BF900905D20800078
:109A8000376838586F467760DDF7A0FF002801D0AF
:109A9000009805E0012003E0501E0400C1270900E2
:109AA00001B4052002BC12F013F9019001200290CC
:109AB000029801B4612080003768385801B410F072
:109AC000A1FF6F467760DDF73DFA01B012F08DF926
:109AD00001B40198009912F094F902B000D126E186
:109AE000612080003768385801B4039801B40198A8
:109AF000009910F038FD02B001B411F031FACC49F0
:109B000000226F467760DDF773F801B012F06DF94F
:109B1000012112F0B2F900D1CCE061208000376859
:109B2000385801B4039801B40198009910F01BFD56
:109B300002B00346002001B4BD4801B408B400F0EF
:109B4000F9F803B0039001200490002005900398D9
:109B5000069001200790079801B407986F46776038
:109B6000DDF7F0F912F041F901B4019800996F4660
:109B70007760DDF783FF02B0002800D197E00698F8
:109B800001B4089812F027F901B4019800996F46C2
:109B90007760DDF7E7F902B005903120C000376843
:109BA000385801B4059801B4079801B411F0D8F9F8
:109BB0006F467760DCF7E8FF01B012F016F901B4E8
:109BC0000198009912F084F802B001B43120C0006D
:109BD0003768385801B4019800996F467760DDF70F
:109BE000BFFC02B001B40198009912F081F802B0F4
:109BF00008903768B86F01B4069801B4069801B4AC
:109C00003768F86E01B4632110F018FF01B001B499
:109C1000019800996F467760DDF760FC02B001465D
:109C2000092012F055F801B4049801B4069801B463
:109C3000059801B4019800996F467760DDF74EFCF6
:109C400002B001B40198009912F042F802B001B4D8
:109C50001EBC002001B43768F86E01B46320800098
:109C60003768385801B402B404B408B410B4F5F736
:109C70001DF807B0049801B4069801B411F070F90A
:109C80006F467760DCF780FF01B012F0AEF80999FB
:109C900012F01EF801B40198009912F019F802B000
:109CA00004900798032112F013F8079053E700205F
:109CB000069036E03768B86F01B4612080003768DD
:109CC000385801B4049801B40198009910F04BFC85
:109CD00002B001B4039801B4059801B4049801B42A
:109CE000019800996F467760DDF7F8FB02B001B488
:109CF0000198009911F0ECFF02B001B40EBC0020F5
:109D000001B43768F86E01B46320800037683858B2
:109D100001B402B4092001B404B408B4F4F7C6FFD6
:109D200007B00298032111F0D3FF0290C0E6002093
:109D300009B000BD00B5002001B401B401B401B404
:109D400001B401B401B401B401B46F467760DDF72A
:109D5000EFF80090012001900C98002112F0B5F866
:109D600005D03448032111F0C3FF01900CE00C989A
:109D7000012112F046F802D00120019004E00C9875
:109D8000012111F0D2FF01900A9801B411F0E8F816
:109D90006F467760DCF7F8FE01B012F026F802900B
:109DA000012003900B9804900198012112F079F89A
:109DB00001D00098A1E00B98002112F086F80BD09A
:109DC000009801B40B9801B40198009A012110F099
:109DD00015FC02B0009890E00298012112F061F8A1
:109DE0001DD0049801B4012001B40C9801B400F016
:109DF000D3F803B0059005980121494212F015F8F7
:109E000001D0009879E0009801B40B9801B4019852
:109E1000009A012110F0F2FB02B000986DE0039867
:109E200007900798029912F064F805D14FE00000FE
:109E30007C1C040001000040049801B4089801B49F
:109E40000C9801B400F0A8F803B00890089801211C
:109E500011F0D7FF05D00798032111F039FF0790C3
:109E600034E00898039912F01CF805D007980321F4
:109E700011F02EFF079029E0079801B4049801B46F
:109E80000C9801B400F03CF803B00690009801B4BF
:109E9000079801B410F032FE6F467760DDF758F88E
:109EA00002B0009801B410F0ADFD6F467760DDF7A9
:109EB00049F801B011F099FF019911F0F2FF01D0BA
:109EC00000981AE00898039003980790A9E707986C
:109ED00001B4049801B40C9801B400F011F803B077
:109EE0000690009801B4079801B410F007FE6F4681
:109EF0007760DDF72DF802B0009809B000BD0000D2
:109F000000B5002001B4029801B411F029F86F46A1
:109F10007760DCF739FE01B011F067FF009003981D
:109F2000012111F06EFF0BD00098039911F0D0FEC3
:109F30000346012001B408B4F2F7D4F902B003904B
:109F40000498002111F0C1FF02D00098049006E0AF
:109F50000498062111F0B9FF01D001200490049863
:109F6000012111F04EFF04D00098049911F0B0FEC9
:109F70000490029801B4049801B40698059911F070
:109F8000B7FE01B411F05CFC6F467760DCF700FEB1
:109F900003B001B000BD000000B5002001B401B461
:109FA00001B4069801B410F0DBFF6F467760DCF770
:109FB000EBFD01B011F019FF0090049801B410F00E
:109FC000CFFF6F467760DCF7DFFD01B011F00DFFCA
:109FD00001900598009911F07BFE019911F025FF81
:109FE00002D00120404234E0012002900298009902
:109FF00011F007FF29D0049801B40698039911F0D5
:10A0000067FE01B411F09DF86F467760DCF73CFF06
:10A0100002B001B4079801B4049801B411F091F8AA
:10A020006F467760DCF730FF02B001B40198009909
:10A0300011F05FFF02B002D00120404209E0029817
:10A04000032111F045FE0290D0E70598009911F028
:10A050003FFE03B000BD000000B5192000013768C5
:10A0600038586F467760DDF7B1FC6F467760DCF7F4
:10A0700027FE6F467760DCF745FF6F467760DDF7B8
:10A08000A5FC6F467760DCF71BFE6F467760DCF758
:10A0900039FF00BD012C0BDA00B510F02BFD00F0EC
:10A0A00007F801B000BD7746009810F0E1FDBE460C
:10A0B00000B5002000BD0000012C0BDA00B510F047
:10A0C00019FD00F007F801B000BD7746009810F0C8
:10A0D00080FDBE4600B5002001B401B401B404986F
:10A0E000406A092111F014FE6F467760DDF76EFCBF
:10A0F000002800D09FE0049801B401B40198406AA0
:10A10000092111F012FE01B401980099416203B0D7
:10A110000498406A052111F0FBFD01B46F46776099
:10A12000DDF71EFC002802D1009801B004E0009881
:10A13000009801B00498C06D6F467760DDF746FC6B
:10A14000002806D00498C06D01B4FFF7BEFF01B02F
:10A1500005E00498806801B400F0C1F801B00498EB
:10A16000406A032111F0D4FD6F467760DDF72EFCC5
:10A17000002816D0049800690346AF4801B408B41B
:10A18000FBF7C8FB02B0049801B401B40198406A1F
:10A190000321494211F0BCFD01B4019800994162CC
:10A1A00003B0002000900498006901900120029003
:10A1B000029801B402986F467760DCF7C3FE11F095
:10A1C00014FE01B4019800996F467760DDF756FCE4
:10A1D00002B000281FD0019801B4039811F0FBFDD4
:10A1E00001B4019800996F467760DCF7BBFE02B0BE
:10A1F0000090009801B40598006A01B406BC02B44E
:10A2000004B4012110F052FD02B00298032111F0B4
:10A210005FFD0290CCE700200190049801B401B4E6
:10A220000198406A0921494211F072FD01B4019878
:10A230000099416203B0002003B000BD54880100C2
:10A240000000000049A20200022C06DA00B510F05E
:10A250005BFC00F002F802B000BD00B5019801B44B
:10A2600001210902BD3110F0E9FB01B001B40398EE
:10A2700001B401210902BD3110F0E0FB01B001B4CD
:10A280000198009911F034FD02B001B46F46776077
:10A29000DDF766FB002802D0009801B015E00098B9
:10A2A000009801B0019801B4C82110F0C7FB01B0BB
:10A2B00001B4039801B4C82110F0C0FB01B001B48F
:10A2C0000198009911F014FD02B000BD012C0BDAC9
:10A2D00000B510F00FFC00F007F801B000BD7746A4
:10A2E000009811F064FABE4600B53768B86F01B443
:10A2F0000298406801B411F0B9FA6F467760E1F74F
:10A30000E9F902B0019880686F467760DDF75EFB7F
:10A3100000280ED03768B86F01B40298806801B485
:10A3200010F099FF002200236F467760E2F7A2FD4C
:10A3300002B0019800696F467760DDF747FB00289F
:10A3400014D001203D496F467760DEF719FC01B457
:10A350000021029A6F467760DCF762FE029800697E
:10A360000346009808B4F1F795FC02B0002000BD48
:10A3700054880100000000007DA30200012C06DAD1
:10A3800000B510F0B7FB00F002F801B000BD00B559
:10A39000002001B401B4E868C06810F028FCC0686F
:10A3A00001B4049811F06FFA40680146032011F0DF
:10A3B0008FFC01B4019800996F467760DDF7BAF819
:10A3C00002B001B46F467760DDF79EF901B00090EE
:10A3D000E868C06810F00BFC006901B4049811F043
:10A3E00052FA40680146032011F072FC01B4019852
:10A3F00000996F467760DDF79DF802B001B46F46B3
:10A400007760DDF781F901B00190019801B40198FE
:10A4100001B4059801B400F013F803B0002002B0B5
:10A4200000BD0000032C10DA00B510F0EEFB00F0C8
:10A430000CF803B000BD00003CA2020070A30200B3
:10A440007746009811F01FFABE4600B5002001B40F
:10A4500001B401B401B401B401B401B401B401B454
:10A4600001B401B401B401B43768B86F01B410F09D
:10A47000DCFA6F467760E0F723FF01B011F0B5FC1E
:10A4800000903768B86F01B410F0CFFA6F4677606C
:10A49000E0F71AFF01B011F0A8FC01900E98806857
:10A4A00001B410F0C2FA6F467760E0F709FF01B01F
:10A4B00011F09BFC02900E98806801B410F0B5FA80
:10A4C0006F467760E0F700FF01B011F08EFC03905B
:10A4D00002986F467760DDF779FA6F467760DCF7B0
:10A4E000EFFB6F467760DCF70DFD01B46F467760D8
:10A4F000DDF736FA002802D0009801B00FE000988E
:10A50000009801B003986F467760DDF75FFA6F46F9
:10A510007760DCF7D5FB6F467760DCF7F3FC6F46BE
:10A520007760DDF753FA002800D057E101200F993A
:10A5300011F0DEFB04900120109911F0D9FB059079
:10A540000E98406901B4014605206F467760DDF73B
:10A55000CFF9002801D001B00BE00B2000996F4625
:10A560007760DDF7C5F9002801D001B00FE001BC2C
:10A570001FE0049801B40198039911F0A9FB01B4FC
:10A580000198009911F0B4FB02B0049011E0049816
:10A5900001B40198039911F09BFB01B4032111F060
:10A5A00009FC01B001B40198009911F0A1FB02B0BF
:10A5B00004900E98806901B4014609206F467760C7
:10A5C000DDF796F9002801D001B00BE00B200099CF
:10A5D0006F467760DDF78CF9002801D001B00FE0FD
:10A5E00001BC1FE0059801B40298049911F070FBBA
:10A5F00001B40198009911F07BFB02B0059011E0C5
:10A60000059801B40298049911F062FB01B403218A
:10A6100011F0D0FB01B001B40198009911F068FB72
:10A6200002B00590049801B4019801B40198009912
:10A630006F467760DCF794FF02B004900498012124
:10A6400011F0DFFB04D00498009911F041FB049055
:10A65000059801B4029801B4019800996F4677609B
:10A66000DCF77EFF02B005900598012111F0C9FBCF
:10A6700004D00598019911F02BFB0590049801B4C2
:10A680006F467760DDF722F801B00490059801B4B9
:10A690006F467760DDF71AF801B00590012006904B
:10A6A000012007900698019911F0ABFB00D195E0CD
:10A6B000069801B4049801B4019800996F46776038
:10A6C000DCF74EFF02B007900398079911F010FBDA
:10A6D00001B40298069911F00BFB01B406BC02B458
:10A6E00004B4F3F73FF902B00890012009900498F0
:10A6F0000A900998009911F084FB4ED0099801B492
:10A70000039801B4019800996F467760DCF728FF41
:10A7100002B00B9002980B9911F0EAFA01B401987B
:10A720000B9911F0E5FA01B406BC02B404B4F3F7D6
:10A7300019F902B00C903768B86F01B40F988068AF
:10A7400001B40C9801B4089801B410F09BFD6F4659
:10A750007760E2F7ADFB04B00A980C9911F0B8FAF3
:10A7600001B4019801B4019800996F467760DCF755
:10A77000F7FE02B00A900E98C0686F467760DDF76A
:10A7800025F9002801D00C9800E0009801B40A983F
:10A7900002BC11F09DFA0990ABE70598089911F0F9
:10A7A00097FA01B4029801B4019800996F46776056
:10A7B000DCF7D6FE02B005900E9800696F46776010
:10A7C000DDF704F9002801D0089800E0019801B4F1
:10A7D000079802BC11F07CFA069063E700200DB0E8
:10A7E00000BD0000012C0BDA00B510F083F900F079
:10A7F00007F801B000BD7746009810F0F8F9BE46A2
:10A8000000B5002001B401B401B401B401B401B435
:10A81000079840696F467760DDF7D8F800284DD07B
:10A82000079801B40898406901B4F3F738F901B00A
:10A8300001B43768B86F01B410F0F7F86F4677606D
:10A84000E0F73EFD01B011F0D0FA01B4032111F0A0
:10A85000B1FA01B001B40198009911F049FA02B0BF
:10A8600001B406BC02B404B400F0BEF902B007980B
:10A8700001B40898406901B4F1F7AEF801B001B431
:10A880003768B86F01B410F0D0F86F467760E0F722
:10A890001BFD01B011F0A9FA01B4032111F08AFAED
:10A8A00001B001B40198009911F022FA02B001B48C
:10A8B00006BC02B404B400F0D7F802B0079801B4A3
:10A8C00001B401984068012111F02FFA01B406BCCF
:10A8D00002B404B400F088F903B0079801B401B4DD
:10A8E00001988068012111F020FA01B406BC02B47D
:10A8F00004B400F0B9F803B0079801B408984068B0
:10A9000001B401980099C16002B0079801B4089899
:10A91000806801B401980099016102B007988069CC
:10A92000002111F0FAFA00D18CE06F467760DBF776
:10A9300005FB11F05AFA01B40898806901B4019836
:10A94000009911F0D5F902B00090009801B4089870
:10A95000C06901B40198009911F08FFA02B003D0D8
:10A960000798002181616DE0009801B40898C069E2
:10A9700001B4019800996F467760DCF7DBFD02B007
:10A980000190032002900198BC4911F076FA0AD098
:10A990000320019911F0ACF901B4012001B4F1F7E1
:10A9A000A1FC02B002900798006A01B4039801B4B8
:10A9B000019800996F467760DCF790FD02B0039034
:10A9C0006F467760DCF7A4FA01B4049801B40198EB
:10A9D00000996F467760DCF781FD02B001B4012178
:10A9E00011F0E8F901B004906F467760DCF790FA57
:10A9F00001B4049801B4019800996F467760DCF7C0
:10AA00006DFD02B001B4012111F0D4F901B005903F
:10AA1000079801B401B40198C068069911F058F97B
:10AA200001B401980099C16003B0079801B401B462
:10AA300001980069079911F04BF901B40198009948
:10AA4000016103B0002006B000BD0000022C0BDA4B
:10AA500000B510F059F800F007F802B000BD7746D5
:10AA6000009810F0C4F8BE4600B5002001B407F00D
:10AA70002FF80090009810F0ACF8C06801B46F4651
:10AA80007760DCF76DFF002802D1009801B00BE081
:10AA90000098009801B0009810F09BF8C06801B4CD
:10AAA0003C2110F0FEFE01B06F467760DCF78EFFB0
:10AAB000002813D0029801B4019810F08AF8C068F9
:10AAC0000346049801B408B42C2110F0EAFE02B049
:10AAD00001B401980099816002B002E002980399E4
:10AAE0008160002001B000BD022C0BDA00B510F02F
:10AAF0000BF800F007F802B000BD7746009810F0A0
:10AB000005FCBE4600B5019801B4342110F0D0FA1E
:10AB100001B001B43768B86F01B40FF086FF6F461B
:10AB20007760E0F7D1FB01B011F05FF901B4019853
:10AB3000009911F0DDF802B00346012001B408B419
:10AB4000F1F7D0FB02B00346029801B408B401202B
:10AB500001B4F4F727FC03B000BD0000012C0BDAB0
:10AB600000B50FF0C7FF00F007F801B000BD774651
:10AB7000009810F0CBFBBE4600B50198C0686F4648
:10AB80007760DCF723FF00280CD00198C068C0690B
:10AB900001B40298406801B40198009911F0E0F8FE
:10ABA00002B000E0012000BD012C0BDA00B50FF06F
:10ABB000A1FF00F007F801B000BD7746009810F043
:10ABC00016F8BE4600B50198806800BD022C0BDA6D
:10ABD00000B50FF099FF00F007F802B000BD77460E
:10ABE000009810F004F8BE4600B5002001B406F04D
:10ABF0006FFF009000980FF0ECFFC06801B46F4643
:10AC00007760DCF7ADFE002802D1009801B00BE0C0
:10AC10000098009801B000980FF0DBFFC06801B405
:10AC20003C2110F03EFE01B06F467760DCF7CEFEAF
:10AC3000002813D0029801B401980FF0CAFFC06831
:10AC40000346049801B408B4282110F02AFE02B08B
:10AC500001B401980099416002B002E002980399A2
:10AC60004160002001B000BD022C0EDA00B50FF0EB
:10AC70004BFF00F00AF802B000BD000028230400DA
:10AC80007746009810F042FBBE4600B5019801B42B
:10AC9000302110F00DFA01B001B43768B86F01B47B
:10ACA0000FF0C3FE6F467760E0F70AFB01B011F0CA
:10ACB0009CF801B40198009911F01AF802B003460B
:10ACC000012001B408B4F1F70DFB02B0034602986D
:10ACD00001B408B4012001B4F4F764FB03B000BD73
:10ACE000012C0BDA00B50FF005FF00F007F801B0FA
:10ACF00000BD7746009810F009FBBE4600B50198EC
:10AD0000C0686F467760DCF761FE00280CD00198C0
:10AD1000C068806901B40298406801B40198009944
:10AD200011F01EF802B000E0012000BD012C0BDA8A
:10AD300000B50FF0DFFE00F007F801B000BD774668
:10AD400000980FF054FFBE4600B50198406800BD62
:10AD5000022C0BDA00B50FF0D7FE00F007F802B0B6
:10AD600000BD774600980FF083FFBE4600B5002077
:10AD700000BD0000548801000000000081AD020009
:10AD800000B500F0FDFB0346CF4801B408B4F0F76E
:10AD900081FF02B0002000BD5488010000000000C7
:10ADA000A5AD0200012C06DA00B50FF0A3FE00F0FD
:10ADB00002F801B000BD00B5019801B400F00DF833
:10ADC00001B0002000BD0000012C0BDA00B50FF02F
:10ADD00091FE00F007F801B000BD7746009810F032
:10ADE00059F9BE4600B5002001B401B401B401B464
:10ADF00001B401B401B4089801B400F0B1FB01B092
:10AE00006F467760DCF7E2FD6F467760DBF758FF4F
:10AE10006F467760DCF776F86F467760DCF7D6FD33
:10AE2000002800D0F0E16F467760DCF7EFF8009083
:10AE300000980A216F467760DCF7E6F86F46776086
:10AE4000DCF7E4F80190019801216F467760DCF7A8
:10AE5000DBF86F467760DCF7D9F8029002980121A1
:10AE60006F467760DCF7D0F80898C0686F46776067
:10AE7000DCF7ACFD002850D0019801B4099801B46A
:10AE8000F3F706F901B001B4F3F715F901B001B415
:10AE90000A9801B4F3F7C6F801B001B4F3F70BF95F
:10AEA00001B001B40198009910F022FF02B001B482
:10AEB000032110F07FFF01B001B4019800996F46A3
:10AEC0007760DCF7A1F802B0029801B4099801B4E8
:10AED00000F02EFB01B001B4F3F7EDF801B001B4BE
:10AEE0000A9801B400F00CFB01B001B4F3F7E3F8E9
:10AEF00001B001B40198009910F0FAFE02B001B45B
:10AF0000032110F057FF01B001B4019800996F467A
:10AF10007760DCF779F802B079E0089801B4F3F7CC
:10AF2000B7F801B001B424210FF0F7FD01B06F466E
:10AF30007760DCF74BFD002803D0022000020130CF
:10AF400000E0012001B4099801B4F3F76BF801B0F7
:10AF500001B424210FF0E1FD01B06F467760DCF70A
:10AF600035FD002803D002200002013000E001205E
:10AF700001B4039801B40298019910F0B9FE0027BA
:10AF80000197029701B4019800996F467760DCF74A
:10AF90003BF804B0089801B400F0CAFA01B001B45B
:10AFA00024210FF0BAFD01B06F467760DCF70EFD8B
:10AFB000002803D002200002013000E0012001B48B
:10AFC000099801B400F09CFA01B001B424210FF0FB
:10AFD000A4FD01B06F467760DCF7F8FC002803D0D1
:10AFE00002200002013000E0012001B4049801B405
:10AFF0000298019910F07CFE00270197029701B496
:10B00000019800996F467760DBF7FEFF04B06F464A
:10B010007760DBF7FBFF0390039801B402986F465B
:10B020007760DBF7EFFF01B4019800996F46776016
:10B03000DBF7EAFF02B06F467760DBF7E7FF0490CB
:10B04000049801B403986F467760DBF7DBFF01B427
:10B05000019800996F467760DBF7D6FF02B0019840
:10B060006F467760DBF7CEFF01B402986F467760DA
:10B07000DBF7C8FF01B4019800996F467760DCF7F1
:10B080002DFA02B001B403986F467760DBF7BAFF80
:10B0900001B404986F467760DBF7B4FF01B4019800
:10B0A00000996F467760DCF719FA02B001B4019895
:10B0B000009910F00DFE02B005900598034910F0BC
:10B0C000B4FE05D14CE0000098AD02000100020082
:10B0D000059801B40099C1486F467760DCF72AFAF9
:10B0E00001B001B46F467760DEF774F801B00690E6
:10B0F000039801B4079801B403986F467760DBF7B3
:10B1000081FF01B4019800996F467760DCF7E6F99A
:10B1100002B0012110F009FE01B4019800996F46B8
:10B120007760DBF771FF02B0049801B4079801B4AF
:10B1300004986F467760DBF765FF01B401980099CA
:10B140006F467760DCF7CAF902B0012110F0EDFD1F
:10B1500001B4019800996F467760DBF755FF02B0A4
:10B1600005209F496F467760DDF70AFD01B4002195
:10B17000019A6F467760DBF753FF00980121029A2E
:10B180006F467760DBF74CFF00980221039A6F4609
:10B190007760DBF745FF00980321049A6F467760DC
:10B1A000DBF73EFF00980421059A6F467760DBF7D6
:10B1B00037FF099801B400F0D3F901B003460098B5
:10B1C00008B4F0F767FD02B000986F467760DBF7D0
:10B1D00019FF6F467760DCF7F9FB002814D0089858
:10B1E00001B4099801B400F0BBF901B003467D48F1
:10B1F00001B408B4F0F702FD02B001B406BC02B419
:10B2000004B400F04BF902B0002007B000BD00000C
:10B2100054880100000000001DB20200012C06DA73
:10B2200000B50FF067FC00F002F801B000BD00B5FA
:10B23000002001B401B401B4049801B401B4A921FF
:10B2400049000FF0FBFB01B00190009801B41B21F5
:10B2500009010FF0F3FB01B00290009801210902EF
:10B26000B1310FF0EBFB01B0029000980FF0A3FC9E
:10B27000406E052110F04CFD6F467760DCF7A6FBB1
:10B28000002806D0E86842216F467760DBF7BCFEF5
:10B29000CAE0049810F017FB40686F467760DCF74F
:10B2A00095FB002817D001986F467760DCF78EFB7E
:10B2B000002804D0009801210FF07DFC4161029824
:10B2C0006F467760DCF782FB002804D000980121EC
:10B2D0000FF071FC816128696F467760DBF792FEA1
:10B2E00001B46F467760DCF73BFB002802D0009882
:10B2F00001B007E00098009801B068696F46776078
:10B30000DBF780FE6F467760DCF760FB002800D13A
:10B3100085E0019801B46F467760DCF721FB0028D7
:10B3200002D1009801B003E00098009801B00298A3
:10B330006F467760DCF74AFB00282AD0009801B4FA
:10B34000A8696F467760DBF75DFE0346029801B49B
:10B3500008B400F0B7F802B001B4019800990FF0FA
:10B360002AFC416102B0009801B4E8696F46776039
:10B37000DBF748FE0346039801B408B400F0A2F8D6
:10B3800002B001B4019800990FF015FC816102B080
:10B390003FE001986F467760DCF718FB002815D076
:10B3A000009801B428696F467760DBF72BFE0346EF
:10B3B000029801B408B400F085F802B001B4019815
:10B3C00000990FF0F8FB416102B022E002986F464D
:10B3D0007760DCF7FBFA002806D11AE001000200D2
:10B3E00010B2020030B40200009801B468696F46E0
:10B3F0007760DBF707FE0346039801B408B400F05A
:10B4000061F802B001B4019800990FF0D4FB81619A
:10B4100002B00498422110F056FA416004E004980A
:10B420000A2110F050FA4160002003B000BD000076
:10B4300054880100000000003DB40200012C06DA2F
:10B4400000B50FF057FB00F002F801B000BD00B5E9
:10B45000019810F038FA80680FF0ADFB406E0521BE
:10B4600010F056FC6F467760DCF7B0FA6F467760F5
:10B47000DBF726FC6F467760DBF744FD00BD00007C
:10B48000022C0BDA00B50FF03FFB00F007F802B01A
:10B4900000BD774600980FF0FDFDBE4600B506F0F2
:10B4A00017FB0FF096FBC06C01B40298406801B422
:10B4B000049801B402980199009A0FF09FF803B024
:10B4C000002000BD00B5019801B4039801B40FF04D
:10B4D0005BFD6F467760DBF723FD02B010F085FC63
:10B4E00000BD0000012C0BDA00B50FF003FB00F0EB
:10B4F00007F801B000BD774600980FF0CBFDBE46BF
:10B5000000B5052001B4029801B4F2F7A3FD02B022
:10B5100000BD0000012C0BDA00B50FF0EBFA00F0D3
:10B5200007F801B000BD774600980FF0B3FDBE46A6
:10B5300000B5092001B4029801B4F2F78BFD02B006
:10B5400000BD0000012C0BDA00B50FF0D3FA00F0BB
:10B5500007F801B000BD774600980FF09BFDBE468E
:10B5600000B506F0B5FA0FF034FBC06C01B40298D8
:10B57000406801B4019800990EF0F5FF02B000BDDB
:10B5800000B5F2F7C5FAC04801B4D820376838587A
:10B5900001B4F0F733FB02B000BD00005488010095
:10B5A00000000000A9B50200012C06DA00B50FF07A
:10B5B000A1FA00F002F801B000BD00B501986F4695
:10B5C0007760DCF703FA6F467760DBF779FB6F464D
:10B5D0007760DBF797FC6F467760DCF7F7F96F462B
:10B5E0007760DBF76DFB6F467760DBF78BFC00BDA8
:10B5F00000B5002001B4029801B407210902D1313D
:10B600006F467760DBF76AFF01B0012110F08DFB18
:10B61000009001209D496F467760DDF7B1FA01B4D3
:10B620000021019A6F467760DBF7FAFCFFF7A8FF6D
:10B630000346009808B4F0F72DFB02B0002001B0DB
:10B6400000BD0000548801000000000051B6020057
:10B65000012C06DA00B50FF04DFA00F002F801B047
:10B6600000BD00B5E86801B4029801B400F00DF81F
:10B6700002B0002000BD0000022C0BDA00B50FF074
:10B6800043FA00F007F802B000BD774600980FF0CB
:10B6900001FDBE4600B56F467760DBF7B7FC01B42D
:10B6A00001B404996F467760DBF7AEFC01B001BCD2
:10B6B0000290029801B403986F467760DBF7A2FC12
:10B6C000012110F032FB01B4019800996F467760B8
:10B6D000DBF79AFC02B001206D496F467760DDF719
:10B6E0004FFA01B40021039A6F467760DBF798FCAC
:10B6F000029880680346009808B4F0F7CBFA02B0CD
:10B70000002000BD548801000000000011B70200B5
:10B71000012C06DA00B50FF0EDF900F002F801B0E7
:10B7200000BD00B5019801B4E8686F467760DBF7AB
:10B7300069FC01B406BC02B404B400F00CF802B019
:10B74000002000BD022C0BDA00B50FF0DDF900F08F
:10B7500007F802B000BD774600980FF068FCBE46BF
:10B7600000B5002001B401B401B4049840696F46EB
:10B770007760DCF72BF96F467760DBF7A1FA6F464D
:10B780007760DBF7BFFB6F467760DCF71FF90028B7
:10B7900000D05BE0049801B401B401988069079976
:10B7A00010F096FA01B401980099816103B00498F1
:10B7B000C068002110F089FB04D065208000376844
:10B7C000385801E00498C06800900498006900218E
:10B7D00010F07BFB04D03320C0003768385801E0FC
:10B7E00004980069019004988069009910F009FBA1
:10B7F00000D02BE004988069009910F079FA019943
:10B8000010F076FA01B4029801B4019800996F46DD
:10B810007760DBF78FFE02B001B46F467760DBF72D
:10B8200055FF01B00290029801B40598C06901B4B7
:10B830000198009910F05DFB02B007D0049801B4A4
:10B8400000F016F801B004980299C161002003B01D
:10B8500000BD0000012C0BDA00B50FF04BF900F031
:10B8600007F801B000BD774600980FF0E0FBBE4638
:10B8700000B567208000376838586F467760DCF77E
:10B88000A5F8002806D113E09CB5020044B60200DA
:10B8900004B702000198806801B40FF08CFD082005
:10B8A000000206306F467760DDF7A2FE01B00CE0C3
:10B8B0000198806801B40FF07EFD08200002073077
:10B8C0006F467760DDF794FE01B0002000BD0000F8
:10B8D00000B5FEF747F86F467760DAF72FFB10F0F8
:10B8E00084FA5F21890037687850002000BD00008D
:10B8F00000B5002001B401B4D420376838586F4631
:10B900007760DCF763F86F467760DBF7D9F96F464D
:10B910007760DBF7F7FA6F467760DCF757F80028B7
:10B9200006D06F467760DBF703FBD4213768785089
:10B93000F1F724FC009000986F467760DCF746F83A
:10B94000002804D0009801B4FCF74BFD01B0CF48AB
:10B950006F467760DDF742F901B401B400F014F8E6
:10B9600001B001BC0190D4203768385801B4029866
:10B9700001B40FF0C3F86F467760DBF7E9FA02B065
:10B98000019802B000BD0000774600980FF050FA11
:10B99000BE4600B5019801B46F467760DBF7C8FA80
:10B9A00001B401980099416002B001980121016140
:10B9B00001980121416101980121816101980121D2
:10B9C000C160019800210162D020376838586F4665
:10B9D0007760DBF7FBFF6F467760DBF771F96F4647
:10B9E0007760DBF78FFA6F467760DBF7EFFF0028B1
:10B9F00006D06F467760DAF7BDFFD0213768785000
:10BA0000002000BD774600980FF0E3F8BE4600B571
:10BA100001980399C165019802994160019801213B
:10BA200041629B486F467760DDF7D8F801B4092082
:10BA300001B4052001B403200002E93001B40398E9
:10BA400001B400F0CFF804B0029802BCC161914883
:10BA50006F467760DDF7C2F801B401B400F0AEF8CC
:10BA600001B0029802BC01628B486F467760DDF737
:10BA7000B5F801B40298006A01B4019801B400F06D
:10BA800083F802B0029802BC8160019801B46F464D
:10BA90007760DBF74DFA01B401980099816202B03A
:10BAA000019801B46F467760DBF742FA01B4019860
:10BAB0000099C16202B0019801B46F467760DBF76C
:10BAC00037FA01B401980099016302B0019801B4FA
:10BAD0006F467760DBF7CCFA01B4019800994163B7
:10BAE00002B0019801B46F467760DBF721FA01B428
:10BAF00001980099816302B0019801B46F467760A4
:10BB0000DBF716FA01B401980099C16302B00198FD
:10BB100001B46F467760DBF70BFA01B40198009926
:10BB2000016402B0019801B46F467760DBF700FA58
:10BB300001B401980099416402B0019801B46F46C4
:10BB40007760DBF795FA01B401980099816102B042
:10BB5000019801B46F467760DBF7EAF901B4019808
:10BB60000099C16402B0019801B46F467760DBF7B9
:10BB70007FFA01B401980099816502B00198012112
:10BB80004165002000BD0000774600980FF00FFED1
:10BB9000BE4600B501980121416001980299C1603B
:10BBA000019801B46F467760DBF7C2F901B40198E0
:10BBB0000099016102B0002000BD000077460098A6
:10BBC0000FF015F8BE4600B50198012141600198BB
:10BBD0000121816001980121C16001980121016169
:10BBE000002000BD774600980FF079FEBE4600B5F4
:10BBF0000020019801B46F467760DBF799F901B432
:10BC000001980099416002B024486F467760DCF7E4
:10BC1000E5FF01B401B400F0DDF801B0029802BC08
:10BC20008160029801B4029801B400F09FF802B05C
:10BC3000049801B4029801B400F064F802B00398CB
:10BC400001B4029801B400F011F802B0002000BD68
:10BC5000022C0BDA00B50EF057FF00F007F802B027
:10BC600000BD774600980FF03AFEBE4600B5019839
:10BC700001B4039801B405F0BFFF01B001B401980D
:10BC80000099416102B0002000BD00007CC90300A2
:10BC900024E70300ACE50300ECE30300A4E80300A1
:10BCA000012C0BDA00B50EF025FF00F007F801B00B
:10BCB00000BD774600980FF012FEBE4600B5019811
:10BCC000406901B400F002F801B000BD00B5019870
:10BCD0000121090201310FF0FBFF01B4112110F025
:10BCE00069F801B000BD0000022C0BDA00B50EF0BF
:10BCF0000BFF00F007F802B000BD774600980FF088
:10BD0000EEFDBE4600B5019801B4039801B405F0FC
:10BD100073FF01B001B401980099816102B0002065
:10BD200000BD0000012C0BDA00B50EF0E3FE00F0C0
:10BD300007F801B000BD774600980FF0D0FDBE4671
:10BD400000B50198806901B4FFF7C0FF01B000BDE4
:10BD5000022C0BDA00B50EF0D7FE00F007F802B0A7
:10BD600000BD774600980FF0BAFDBE4600B50198B9
:10BD700001B4039801B405F03FFF01B001B401988C
:10BD80000099C16002B0019801B40298C06801B482
:10BD9000012002BC0FF0ACFF01B4019800990161D1
:10BDA00002B0002000BD0000012C0BDA00B50EF03F
:10BDB000A1FE00F007F801B000BD774600980FF033
:10BDC0008EFDBE4600B50198C06801B4FFF77EFF46
:10BDD00001B000BD774600980FF08FFDBE4600B55C
:10BDE000019801B46F467760DBF7A2F801B40198BF
:10BDF0000099416102B0002000BD000000B502F0D2
:10BE0000BDFFAC2037683858032110F072F812D00B
:10BE1000AC203768385801B40FF08FF8CA486F4625
:10BE20007760DAF7E7FD01B00346002001B408B4FB
:10BE300002F02AFA02B001F0B7FF00F00BF813206D
:10BE400001B498203768385801B4F5F7C3FA02B046
:10BE5000002000BD00B5002001B401B401B401B45C
:10BE600001B401B40B2001B4F5F712FC01B00D21AF
:10BE7000490137687850002000900D204001376854
:10BE80003858019001200290029801B402986F4640
:10BE90007760DBF757F80FF0A8FF01B4019800991D
:10BEA0006F467760DBF7EAFD02B000284FD00198BB
:10BEB00001B403980FF08FFF01B4019800996F4609
:10BEC0007760DBF74FF802B00090A0486F467760CC
:10BED000E1F746FA03463768B86901B408B4EFF7EA
:10BEE000F7FD02B069218900376878506920800029
:10BEF0003768385801B4019801B401F037FF02B037
:10BF0000692080003768385801B43520C000376890
:10BF100038580FF000FD406801B40F200002A13036
:10BF20001321090289316F467760DBF75DFB01B4AD
:10BF30000EBC422001B402B404B408B400F08CF882
:10BF400004B0029803210FF0C3FE02909CE700208A
:10BF50000190072001B4F5F79BFB01B00D214901C9
:10BF600037687850002003900D204001376838581A
:10BF7000049001200590059801B405986F467760FC
:10BF8000DAF7E0FF0FF031FF01B4019800996F4636
:10BF90007760DBF773FD02B000284CD0049801B441
:10BFA00006980FF018FF01B4019800996F4677606A
:10BFB000DAF7D8FF02B0039065486F467760E1F783
:10BFC000CFF903463768B86901B408B4EFF780FDCC
:10BFD00002B0BC2137687850BC203768385801B4AB
:10BFE000049801B401F0C2FE02B0BC203768385892
:10BFF00001B43520C000376838580FF08CFC406819
:10C0000001B40F200002A1301321090289316F46CB
:10C010007760DBF7E9FA01B40EBC422001B402B448
:10C0200004B408B400F018F804B0059803210FF028
:10C030004FFE05909FE700200490002006B000BD51
:10C04000774600980FF067FCBE4600B5019802994C
:10C050004160002000BD000000B5002001B401B423
:10C060003C486F467760DCF7B9FD01B4049801B431
:10C07000F1F715FD01B001B4059801B4EFF7ACFC80
:10C0800001B001B406BC02B404B4029801B400F0DB
:10C090005FFA03B0059801B4019801B400F06FFA9B
:10C0A00003B000902C486F467760DCF797FD01B431
:10C0B000049801B4029801B4089801B4049801B43A
:10C0C00000F005FA01B001B4019800996F4677605D
:10C0D000DBF730FA02B001B40A986F467760DBF7FD
:10C0E00075FC6F467760DAF7EBFD6F467760DAF73D
:10C0F00009FF6F467760DBF769FC6F467760DAF718
:10C10000DFFD6F467760DAF7FDFE01B41EBC02B4B6
:10C1100004B408B410B4049801B400F0EBF905B00D
:10C1200001BC0190019801B400F018F801B00020A2
:10C1300002B000BD012C16DA00B50EF0DBFC00F0F9
:10C1400012F801B000BD0000C4220400C46604005F
:10C1500094690400D0E9030088EA03007746009858
:10C160000FF0E7FBBE4600B5002001B46F467760D4
:10C17000DAF74CFF0090009801B405F0A9FC806D3F
:10C1800001B46B2080003768385801B40EF014FEFB
:10C190000EF05AFA02B001B4019800996F46776028
:10C1A000DAF732FF02B000986F467760DAF72AFFBD
:10C1B0006F467760DBF70AFC6F467760DAF780FD41
:10C1C0006F467760DAF79EFE6F467760DBF7FEFB1F
:10C1D00000283FD06F467760DAF74AFF01B401B418
:10C1E0006F467760DAF7A4FE01B40198009A412106
:10C1F0006F467760DAF7C2FF02B005F069FC806D28
:10C2000001B46B2080003768385801B4029801B43B
:10C210000EF0DAFD0EF061FA03B0019802BC6F4631
:10C220007760DAF7F1FE0120BF496F467760DCF7EF
:10C23000A7FC01B40021019A6F467760DAF7F0FE9F
:10C2400003F0E8F8034600981F2001B408B4F0F7A3
:10C2500058FA03B00120B5496F467760DCF790FCCF
:10C2600001B40021039A6F467760DAF7D9FE01988E
:10C270006F467760DAF7C6FE01B402986F467760C2
:10C28000DAF7C0FE01B441210EF0D8FB01B003463D
:10C29000019801B408B4EFF7B1FC02B00027019790
:10C2A00001B406BC02B404B441210EF048FC03B052
:10C2B00000986F467760DAF7A5FE01B441210EF0D1
:10C2C000BDFB01B001B4039801B40EF017FC6F463A
:10C2D0007760DAF73DFE02B0002001B000BD00003B
:10C2E0005488010000000000EDC2020000B5E868BB
:10C2F0006F467760DAF786FE01B4E8686F467760CC
:10C30000DAF780FE01B441210EF098FB01B003463C
:10C31000874801B408B4EFF771FC02B001B406BC61
:10C3200002B404B441210EF00AFC02B0002000BDAA
:10C3300054880100000000003DC30200012C06DA11
:10C3400000B50EF0D7FB00F002F801B000BD00B55B
:10C3500001980FF0EEFA80680EF02DFC406E05217A
:10C360000FF0D6FC6F467760DBF730FB002801D07A
:10C370000A2011E0019801B424210FF0EAFA01B07B
:10C380006F467760DBF722FB6F467760DAF798FC41
:10C390006F467760DAF7B6FD00BD000054880100F3
:10C3A00000000000A9C30200012C06DA00B50EF05F
:10C3B000A1FB00F002F801B000BD00B501980FF03C
:10C3C000B8FA806801B4E868806801B401980099FF
:10C3D0006F467760DBF7E8F902B001B46F4677602B
:10C3E000DBF7BEFA002802D1009801B035E00098D2
:10C3F000009801B001980FF0BEFA01B46F46776063
:10C40000DBF7AEFA002802D1009801B005E00098F1
:10C41000009801B0E8680FF0AEFA01B46F4677609B
:10C42000DBF79EFA002802D0009801B015E00098D2
:10C43000009801B001980FF0AAFA01B46F46776036
:10C44000DBF78EFA002802D1009801B005E00098D1
:10C45000009801B0E8680FF09AFA6F467760DBF752
:10C46000B5FA6F467760DAF72BFC6F467760DAF73C
:10C4700049FD00BD012C0BDA00B50EF03BFB00F0CE
:10C4800007F801B000BD774600980FF052FABE469B
:10C4900000B50A2000BD0000012C0BDA00B50EF03B
:10C4A00029FB00F007F801B000BD774600980EF0B8
:10C4B00090FBBE4600B50198806D00BD012C0BDAE3
:10C4C00000B50EF017FB00F007F801B000BD77468D
:10C4D00000980FF068FABE4600B50198406801B4B4
:10C4E0000EF090FA6F467760DAF72CFD01B00FF08E
:10C4F0007CFC00BD774600980FF063FABE4600B59D
:10C50000019803990161019804994161059801B46A
:10C51000039801B4039801B400F00CF803B001983B
:10C520000599C160002000BDE0C202009CC302006A
:10C5300030C30200774600980FF0FBF9BE4600B505
:10C5400001980299816001980399C160002000BDA3
:10C55000774600980FF043FABE4600B5019802995D
:10C560004160019803998160002000BD022C06DA29
:10C5700000B50EF0C9FA00F002F802B000BD00B537
:10C58000002001B401B401B401B401B401B401B498
:10C5900001B401B401B401B401B401B4C4486F469C
:10C5A0007760DCF71BFB01B401B401F0C7FB01B0FD
:10C5B00001BC00900E980190BE480290BE480390C6
:10C5C000BE4804906F467760DAF7D4F905900620EC
:10C5D00006906F467760DAF7ABFC07900120089071
:10C5E000089801B4109801B40EF0BAFC6F46776059
:10C5F000DAF7CAFA01B00FF0F8FB01B4019800991C
:10C600000FF0FFFB02B000D120E20F9801B40998AF
:10C6100001B40EF096FD6F467760DAF735FC02B094
:10C62000099000980FF0BFF9406801B401980FF02D
:10C63000BAF9406801B40EF0E5F96F467760DAF7B1
:10C6400081FC01B00FF0D1FB03210FF051FB01B4CD
:10C65000019800990DF087FF02B00A90029801B48A
:10C660000A9801B40EF070FC00226F467760DAF78A
:10C67000BFFA02B00FF0B9FB012149420FF0D5FB20
:10C680000CD0059801B40A9801B40EF05DFC6F4619
:10C690007760DAF7AFF902B0059029E1039801B4A9
:10C6A0000A9801B40EF050FC00226F467760DAF76A
:10C6B0009FFA02B00FF099FB01B4012149426F4685
:10C6C0007760DBF723FA01B001B46F467760DBF7E0
:10C6D00047F9002802D1009801B003E000980098C3
:10C6E00001B005986F467760DBF770F9002816D027
:10C6F000079801B4002001B4079801B4F7F72CF9AA
:10C7000002B001B40EF0FAF96F467760DAF720FC58
:10C7100002B06F467760DAF72DF90590E8E00998E6
:10C7200001B401F012FA01B0012149420FF07DFB82
:10C7300000D1A2E0069801B46F467760DBF710F9EC
:10C74000002802D1009801B003E00098009801B0E1
:10C7500005986F467760DBF739F9002800D189E04A
:10C76000079801B4002001B4079801B4F7F7F4F872
:10C7700002B001B40EF0C2F96F467760DAF7E8FB59
:10C7800002B0069801B46F467760DBF7E9F800283D
:10C7900002D1009801B01BE00098009801B0079802
:10C7A00001B40EF02FF96F467760DAF7CBFB01B0DA
:10C7B0000FF01BFB01B4079801B401F0C6F901B0FA
:10C7C00001B4019800996F467760DBF78FF902B0EA
:10C7D0006F467760DBF7FAF800283CD06F46776049
:10C7E000DAF7A6FB01B401B4109801B401980099DE
:10C7F0006F467760DAF7ACFB02B00B9801B4009992
:10C8000001986F467760DAF7A3FB01B000980898AB
:10C8100001B4089801B4049801B400F054F904B0CC
:10C820000B900B9801B4019801B400F02EF902B0FE
:10C830000B9801B42C210FF0E0F801B001900B9897
:10C840000FF0EDF840686F467760DBF7BFF800281F
:10C8500001D001980E906F467760DAF78BF806905A
:10C860006F467760DAF764FB07906F467760DAF718
:10C8700081F80590099806903AE0049801B40A9866
:10C8800001B40EF061FB00226F467760DAF7B0F971
:10C8900002B00FF0AAFA012149420FF0C6FA27D0E0
:10C8A00005986F467760DBF791F8002808D11DE006
:10C8B00008EB0300382004004C2004005C20040036
:10C8C000079801B4002001B4079801B4F7F744F8C1
:10C8D00002B001B40EF012F96F467760DAF738FB58
:10C8E00002B06F467760DAF745F805900998059031
:10C8F000089801B4109801B40EF032FB6F467760CF
:10C90000DAF742F901B00FF070FA03210FF0F0F9F5
:10C9100001B4019800990FF0D8FA02B017D0059829
:10C920006F467760DBF752F8002810D0079801B403
:10C93000002001B4079801B4F7F70EF802B001B473
:10C940000EF0DCF86F467760DAF702FB02B006986B
:10C9500001B46F467760DBF703F8002802D1009836
:10C9600001B01BE00098009801B0079801B40EF0E8
:10C9700049F86F467760DAF7E5FA01B00FF035FA5B
:10C9800001B4079801B401F0E0F801B001B40198D6
:10C9900000996F467760DBF7A9F802B06F467760C1
:10C9A000DBF714F800284BD06F467760DAF7C0FA4F
:10C9B00001B401B4109801B4019800996F467760F2
:10C9C000DAF7C6FA02B00B9801B4009901986F46E5
:10C9D0007760DAF7BDFA01B00098089801B40898BA
:10C9E00001B4049801B400F06EF804B00C900C98F7
:10C9F00001B4019801B400F048F802B00C9801B4F9
:10CA00002C210EF0FAFF01B001900C980FF007F8FE
:10CA100040686F467760DAF7D9FF002801D00198A7
:10CA20000E906F467760D9F7A5FF06906F46776046
:10CA3000DAF77EFA07906F467760D9F79BFF05908B
:10CA4000089803210FF044F90890C9E500980DB04B
:10CA500000BD0000012C0BDA00B50EF04BF800F021
:10CA600007F801B000BD774600980EF0D8FFBE462B
:10CA700000B5062000BD0000022C0BDA00B50EF058
:10CA800043F800F007F802B000BD774600980EF0BA
:10CA90008AFFBE4600B50198406801B4039801B40E
:10CAA0000EF02CF86F467760DAF752FA02B00020E9
:10CAB00000BD0000042C06DA00B50EF0C6F800F048
:10CAC00002F804B000BD00B5002001B401B401B407
:10CAD00001B401B401B401B401B401B401B401B4AE
:10CAE00001B401B401B401B401B401B401B401B49E
:10CAF00001B401B401B401B401B401B401B401B48E
:10CB000001B401B401B401B401B401B401B401B47D
:10CB1000279801B401B400216F467760DAF722FA52
:10CB200001B001900098009801216F467760DAF714
:10CB300019FA01B00190259801B40146D3486F4617
:10CB40007760DAF7D5FE002801D001B0B2E0D04816
:10CB500000996F467760DAF7CBFE002801D001B06C
:10CB6000D7E0CC4800996F467760DAF7C1FE00281D
:10CB700001D001B012E1C84800996F467760DAF73A
:10CB8000B7FE002801D001B039E1C44800996F46D2
:10CB90007760DAF7ADFE002801D001B0A0E1C0480F
:10CBA00000996F467760DAF7A3FE002801D001B044
:10CBB000C5E1BC4800996F467760DAF799FE002816
:10CBC00001D001B0F5E1B84800996F467760DAF717
:10CBD0008FFE002801D001B01AE2B44800996F46D8
:10CBE0007760DAF785FE002801D001B04AE2B0484C
:10CBF00000996F467760DAF77BFE002801D001B01C
:10CC000091E2AC4800996F467760DAF771FE002830
:10CC100001D001B00AE3A84800996F467760DAF7BF
:10CC200067FE002801D001B093E3A44800996F4645
:10CC30007760DAF75DFE002802D001B000F032FC28
:10CC40009F4800996F467760DAF752FE002802D0BD
:10CC500001B000F09DFC9B4800996F467760DAF7C1
:10CC600047FE002802D001B000F044FD964800992C
:10CC70006F467760DAF73CFE002802D001B000F082
:10CC8000ECFD924800996F467760DAF731FE002894
:10CC900002D001B000F0C6FE8D4800996F46776063
:10CCA000DAF726FE002802D001B000F0BBFE01BC7E
:10CCB00000F0C9FE87486F467760DBF78FFF01B44D
:10CCC000279801B401210DF04EFC01B001B4289861
:10CCD00001B403210DF047FC01B001B406BC02B45D
:10CCE00004B4029801B4FFF733FC03B001BC039015
:10CCF00079486F467760DBF771FF01B4049801B49F
:10CD0000019801B400F004FF02B001BC029000F0F1
:10CD10009AFE70486F467760DBF760FF01B4259894
:10CD20000EF05DFE406801B4289801B401210DF0B9
:10CD30001AFC01B001B4019800990EF0C9FF02B0CD
:10CD400001B426980EF04BFE806801B4299801B416
:10CD500003210DF008FC01B001B4019800990EF018
:10CD6000B7FF02B001B406BC02B404B4029801B427
:10CD7000FFF7EEFB03B001BC049057486F467760A5
:10CD8000DBF72CFF01B4059801B4019801B400F061
:10CD9000BFFE02B001BC029000F055FE4D486F4648
:10CDA0007760DBF71BFF01B4279801B401210DF078
:10CDB000DAFB01B001B4289801B403210DF0D3FBD4
:10CDC00001B001B406BC02B404B4029801B4FFF788
:10CDD000BFFB03B001BC059040486F467760DBF7AE
:10CDE000FDFE01B4069801B4269801B4029801B47E
:10CDF00000F07AFE03B001BC029000F024FE35483A
:10CE00006F467760DBF7EAFE01B425980EF0E7FD88
:10CE1000406801B4289801B401210DF0A4FB01B0D1
:10CE200001B4019800990EF053FF02B001B42698A6
:10CE30000EF0D5FD806801B4299801B403210DF0EE
:10CE400092FB01B001B4019800990EF041FF02B0CD
:10CE500001B406BC02B404B4029801B4FFF778FB35
:10CE600003B001BC06901D486F467760DBF7B6FE45
:10CE700001B4079801B4269801B4029801B400F0F7
:10CE800033FE03B001BC029000F0DDFDD01F0400B2
:10CE9000D81F0400E01F0400E81F0400F01F040076
:10CEA000F81F040000200400E41D04000820040012
:10CEB0001020040018200400202004008C1C040012
:10CEC000841C0400282004004814040030200400BE
:10CED0006C1B0400D0E903008CEC030004ED03009C
:10CEE000CF486F467760DBF779FE01B4279801B42D
:10CEF00001210DF038FB01B001B426980EF06FFD52
:10CF0000806801B406BC02B404B4029801B4FFF70F
:10CF10001FFB03B001BC0790C2486F467760DBF788
:10CF20005DFE01B4089801B4269801B4029801B4DA
:10CF300000F0DAFD03B001BC029000F084FDB848B7
:10CF40006F467760DBF74AFE01B425980EF047FD87
:10CF5000406801B4289801B401210DF004FB01B030
:10CF600001B4019800990EF0B3FE02B001B4269806
:10CF70000EF035FD806801B406BC02B404B402981A
:10CF800001B4FFF7E5FA03B001BC0890A5486F466D
:10CF90007760DBF723FE01B4099801B4269801B449
:10CFA000029801B400F0A0FD03B001BC029000F0B3
:10CFB0004AFD9B486F467760DBF710FE01B4259869
:10CFC0000EF00DFD406801B4289801B401210DF068
:10CFD000CAFA01B001B406BC02B404B4029801B4A8
:10CFE000FFF7B6FA03B001BC09908E486F46776030
:10CFF000DBF7F4FD01B40A9801B4269801B4029855
:10D0000001B400F071FD03B001BC029000F01BFD03
:10D0100083486F467760DBF7E1FD01B425980EF099
:10D02000DEFC406801B426980EF0D9FC806801B49B
:10D03000299801B401210DF096FA01B001B40198CC
:10D0400000990EF045FE02B001B406BC02B404B46F
:10D05000029801B4FFF77CFA03B001BC0A90714852
:10D060006F467760DBF7BAFD01B40B9801B42698E0
:10D0700001B4029801B400F037FD03B001BC029086
:10D0800000F0E1FC66486F467760DBF7A7FD01B46E
:10D09000279801B401210DF066FA01B001B4289877
:10D0A00001B403210DF05FFA01B001B406BC02B473
:10D0B00004B4029801B4FFF74BFA03B001BC0B9023
:10D0C00057486F467760DBF789FD01B4279801B4B4
:10D0D00005210DF048FA01B001B4289801B40721E8
:10D0E0000DF041FA01B001B406BC02B404B40298D8
:10D0F00001B4FFF72DFA03B001BC0C904A486F460B
:10D100007760DBF76BFD01B40D9801B40D9801B4A5
:10D11000279801B4039801B400F0D0FC04B001BC1E
:10D12000029000F090FC3E486F467760DBF756FDBA
:10D1300001B425980EF053FC406801B4289801B45E
:10D1400001210DF010FA01B001B4019800990EF020
:10D15000BFFD02B001B426980EF041FC806801B416
:10D16000299801B403210DF0FEF901B001B4019832
:10D1700000990EF0ADFD02B001B406BC02B404B4D7
:10D18000029801B4FFF7E4F903B001BC0D90244804
:10D190006F467760DBF722FD01B425980EF01FFC87
:10D1A000406801B4289801B405210DF0DCF901B004
:10D1B00001B4019800990EF08BFD02B001B42698DD
:10D1C0000EF00DFC806801B4299801B407210DF020
:10D1D000CAF901B001B4019800990EF079FD02B0CE
:10D1E00001B406BC02B404B4029801B4FFF7B0F96C
:10D1F00003B001BC0E900C486F467760DBF7EEFC85
:10D2000001B40F9801B40F9801B4279801B40398A2
:10D2100001B400F053FC04B001BC029000F013FC18
:10D22000D0E9030004ED030084ED0300019801B48C
:10D2300028210EF0E2FB01B00F900F986F46776047
:10D24000DAF7C4FB6F467760D9F73AFD6F4677602F
:10D25000D9F758FE6F467760DAF7B8FB002800D0A0
:10D26000F1E3C8486F467760DBF7B8FC01B4259856
:10D270000EF0B5FB406801B426980EF0B0FB406894
:10D2800001B412980EF0ABFB406801B4019800990C
:10D290000EF02EFD02B001B4019800990EF018FDB9
:10D2A00002B001B426980EF09AFB806801B427986A
:10D2B0000EF095FB806801B413980EF090FB806827
:10D2C00001B4019800990EF013FD02B001B4019869
:10D2D00000990EF0FDFC02B001B406BC02B404B427
:10D2E000029801B4FFF734F903B001BC1090A548CF
:10D2F0006F467760DBF772FC01B4279801B4012117
:10D300000DF031F901B001B4289801B403210DF0FA
:10D310002AF901B001B406BC02B404B4029801B405
:10D32000FFF716F903B001BC119097486F4677607C
:10D33000DBF754FC01B4129801B4129801B4279899
:10D3400001B4039801B400F0B9FB04B001BC029031
:10D3500079E3019801B428210EF04FFB01B012903F
:10D3600012986F467760DAF731FB6F467760D9F72E
:10D37000A7FC6F467760D9F7C5FD6F467760DAF78F
:10D3800025FB002800D05EE37E486F467760DBF720
:10D3900025FC01B425980EF022FB406801B42698C4
:10D3A0000EF01DFB406801B415980EF018FB4068A4
:10D3B00001B4019800990EF09BFC02B001B40198F1
:10D3C00000990EF085FC02B001B426980EF007FB20
:10D3D000806801B427980EF002FB806801B41698AB
:10D3E0000EF0FDFA806801B4019800990EF080FCFF
:10D3F00002B001B4019800990EF06AFC02B001B4C9
:10D4000006BC02B404B4029801B4FFF7A1F803B05B
:10D4100001BC13905B486F467760DBF7DFFB01B41C
:10D4200025980EF0DCFA406801B4289801B4012177
:10D430000DF099F801B001B4019800990EF048FC84
:10D4400002B001B426980EF0CAFA806801B4299897
:10D4500001B403210DF087F801B001B401980099DF
:10D460000EF036FC02B001B406BC02B404B402985B
:10D4700001B4FFF76DF803B001BC149042486F4649
:10D480007760DBF7ABFB01B4159801B4159801B4D4
:10D49000279801B4039801B400F010FB04B001BC5C
:10D4A0000290D0E237486F467760DBF797FB01B414
:10D4B000279801B401210DF056F801B001B4289865
:10D4C00001B403210DF04FF801B001B406BC02B461
:10D4D00004B4029801B4FFF73BF803B001BC159007
:10D4E00028486F467760DBF779FB01B4279801B4D1
:10D4F00005210DF038F801B001B4289801B40721D6
:10D500000DF031F801B001B406BC02B404B40298C5
:10D5100001B4FFF71DF803B001BC169019486F461F
:10D520007760DBF75BFB01B4279801B409210DF0AC
:10D530001AF801B001B4289801B40B210DF013F8CA
:10D5400001B001B406BC02B404B4029801B4FEF701
:10D55000FFFF03B001BC17900C486F467760DBF704
:10D560003DFB01B4189801B4189801B4189801B49F
:10D57000289801B4049801B400F068FA05B001BC21
:10D58000029060E2D0E9030084ED03000CEE03009A
:10D59000C0486F467760DBF721FB01B425980EF099
:10D5A0001EFA406801B4289801B401210CF0DBFF99
:10D5B00001B001B4019800990EF08AFB02B001B4E9
:10D5C00026980EF00CFA806801B4299801B4032162
:10D5D0000CF0C9FF01B001B4019800990EF078FB7E
:10D5E00002B001B406BC02B404B4029801B4FEF760
:10D5F000AFFF03B001BC1890A6486F467760DBF719
:10D60000EDFA01B425980EF0EAF9406801B42898C3
:10D6100001B405210CF0A7FF01B001B401980099F5
:10D620000EF056FB02B001B426980EF0D8F98068CF
:10D6300001B4299801B407210CF095FF01B001B4A1
:10D64000019800990EF044FB02B001B406BC02B48C
:10D6500004B4029801B4FEF77BFF03B001BC19903B
:10D660008C486F467760DBF7B9FA01B425980EF065
:10D67000B6F9406801B4289801B409210CF073FF91
:10D6800001B001B4019800990EF022FB02B001B480
:10D6900026980EF0A4F9806801B4299801B40B21F2
:10D6A0000CF061FF01B001B4019800990EF010FB7D
:10D6B00002B001B406BC02B404B4029801B4FEF78F
:10D6C00047FF03B001BC1A9073486F467760DBF7E1
:10D6D00085FA01B41B9801B41B9801B41B9801B4DE
:10D6E000289801B4049801B400F0B0F905B001BC69
:10D6F0000290A8E1019801B428210EF07EF901B052
:10D700001B901B986F467760DAF760F96F46776079
:10D71000D9F7D6FA6F467760D9F7F4FB6F46776092
:10D72000DAF754F9002800D08DE15A486F46776047
:10D73000DBF754FA01B425980EF051F9406801B4B2
:10D7400026980EF04CF9406801B41E980EF047F987
:10D75000406801B4019800990EF0CAFA02B001B411
:10D76000019800990EF0B4FA02B001B426980EF0B8
:10D7700036F9806801B427980EF031F9806801B459
:10D780001F980EF02CF9806801B4019800990EF0F2
:10D79000AFFA02B001B4019800990EF099FA02B004
:10D7A00001B406BC02B404B4029801B4FEF7D0FE82
:10D7B00003B001BC1C9037486F467760DBF70EFA68
:10D7C00001B4279801B401210CF0CDFE01B001B4E1
:10D7D000289801B403210CF0C6FE01B001B406BCC8
:10D7E00002B404B4029801B4FEF7B2FE03B001BC67
:10D7F0001D9028486F467760DBF7F0F901B4279851
:10D8000001B405210CF0AFFE01B001B4289801B4B9
:10D8100007210CF0A8FE01B001B406BC02B404B4A8
:10D82000029801B4FEF794FE03B001BC1E901A48A2
:10D830006F467760DBF7D2F901B41F9801B41F98E7
:10D8400001B41F9801B4289801B4049801B400F001
:10D85000FDF805B001BC0290F5E0019801B4282163
:10D860000EF0CBF801B01F901F986F467760DAF783
:10D87000ADF86F467760D9F723FA6F467760D9F72E
:10D8800041FB6F467760DAF7A1F8002806D0DAE0AE
:10D8900004E00000D0E903000CEE0300CA486F4624
:10D8A0007760DBF79BF901B425980EF098F8406893
:10D8B00001B426980EF093F8406801B422980EF057
:10D8C0008EF8406801B4019800990EF011FA02B088
:10D8D00001B4019800990EF0FBF902B001B426984A
:10D8E0000EF07DF8806801B427980EF078F8806813
:10D8F00001B423980EF073F8806801B40198009980
:10D900000EF0F6F902B001B4019800990EF0E0F9BA
:10D9100002B001B406BC02B404B4029801B4FEF72C
:10D9200017FE03B001BC2090A7486F467760DBF775
:10D9300055F901B425980EF052F8406801B42898C2
:10D9400001B401210CF00FFE01B001B4019800995F
:10D950000EF0BEF902B001B426980EF040F88068CF
:10D9600001B4299801B403210CF0FDFD01B001B40C
:10D97000019800990EF0ACF902B001B406BC02B4F3
:10D9800004B4029801B4FEF7E3FD03B001BC21909A
:10D990008D486F467760DBF721F901B425980EF0CA
:10D9A0001EF8406801B4289801B405210CF0DBFD95
:10D9B00001B001B4019800990EF08AF902B001B4E7
:10D9C00026980EF00CF8806801B4299801B407215C
:10D9D0000CF0C9FD01B001B4019800990EF078F97E
:10D9E00002B001B406BC02B404B4029801B4FEF75C
:10D9F000AFFD03B001BC229074486F467760DBF73F
:10DA0000EDF801B4239801B4239801B4239801B42C
:10DA1000289801B4049801B400F018F805B001BCCE
:10DA2000029010E06A486F467760DBF7D7F801B4E0
:10DA3000019801B4269801B4029801B400F054F89A
:10DA400003B001BC0290029823B000BD7746009855
:10DA50000DF0F5FFBE4600B501980299816001986E
:10DA60000399C16001980499016101980599416188
:10DA7000019801B400F004F801B0002000BD0000DE
:10DA8000774600980DF0CBFFBE4600B501980A21FD
:10DA90004160002000BD0000012C0BDA00B50DF044
:10DAA00029F800F007F801B000BD774600980DF0A6
:10DAB000B6FFBE4600B5062000BD000077460098C0
:10DAC0000DF0CBFFBE4600B5019802998160019828
:10DAD0000399C160019804990161019801B4FFF7AD
:10DAE000CFFF01B0002000BD774600980DF0C3FFC6
:10DAF000BE4600B501980299816001980399C16002
:10DB0000019801B4FFF7BCFF01B0002000BD000088
:10DB1000774600980DF0BDFFBE4600B5019802990A
:10DB20008160019801B4FFF7ABFF01B00198422179
:10DB30004160002000BD0000012C06DA00B50CF0A9
:10DB4000D9FF00F002F801B000BD00B5019801B4A2
:10DB5000014620486F467760D9F7CAFE002801D0F9
:10DB600001B0D1E01C4800996F467760D9F7C0FE3C
:10DB7000002801D001B0C7E0184800996F467760CF
:10DB8000D9F7B6FE002801D001B0BFE014480099D3
:10DB90006F467760D9F7ACFE002801D001B0B5E040
:10DBA000104800996F467760D9F7A2FE002801D08F
:10DBB00001B0ADE00C4800996F467760D9F798FE48
:10DBC000002813D001B0A3E0D0E903000CEE03005D
:10DBD00004ED0300D01F0400D81F0400E01F040060
:10DBE000E81F0400F01F0400F81F0400BD4800995E
:10DBF0006F467760D9F77CFE002801D001B089E03C
:10DC0000B94800996F467760D9F772FE002801D0B5
:10DC100001B07FE0B54800996F467760D9F768FE9C
:10DC2000002801D001B077E0B14800996F467760D5
:10DC3000D9F75EFE002801D001B06DE0AD48009933
:10DC40006F467760D9F754FE002801D001B065E037
:10DC5000A94800996F467760D9F74AFE002801D09D
:10DC600001B05BE0A54800996F467760D9F740FEA8
:10DC7000002801D001B053E0A14800996F467760B9
:10DC8000D9F736FE002801D001B049E09D4800993F
:10DC90006F467760D9F72CFE002801D001B041E033
:10DCA000994800996F467760D9F722FE002801D085
:10DCB00001B037E0954800996F467760D9F718FEB4
:10DCC000002801D001B02FE0914800996F4677609D
:10DCD000D9F70EFE002801D001B025E08D4800994B
:10DCE0006F467760D9F704FE002801D001B01DE02F
:10DCF000894800996F467760D9F7FAFD002801D06E
:10DD000001B013E001BC13E0052015E0052013E08D
:10DD1000032011E003200FE009200DE005200BE0B7
:10DD20000D2009E0092007E00F2005E0012003E0B5
:10DD30000120404200E0002000BD0000774600982E
:10DD40000DF031FEBE4600B5019801B46F46776014
:10DD5000D9F7EEF801B401980099416002B001983A
:10DD6000012149428160002000BD000000B50198FA
:10DD70006F467760D9F72AFE6F467760D8F7A0FF25
:10DD80006F467760D9F7BEF86F467760D9F71EFE09
:10DD9000002800D006E0029801B4029801B4F3F71D
:10DDA000D0FB02B0002000BD00B5032001B400F09C
:10DDB00059FA01B059486F467760DFF7D1FA034648
:10DDC000422001B408B40F2001B400F073F903B08D
:10DDD00053486F467760DFF7C3FA0346422001B429
:10DDE00008B41D2001B400F065F903B04D486F463A
:10DDF0007760DFF7B5FA0346422001B408B41B2070
:10DE000001B400F057F903B047486F467760DFF779
:10DE1000A7FA0346422001B408B4052001B400F07B
:10DE200049F903B041486F467760DFF799FA034636
:10DE30000A2001B408B4132001B400F03BF903B088
:10DE40003B486F467760DFF78BFA0346422001B408
:10DE500008B4152001B400F02DF903B033486F4623
:10DE60007760DFF77DFA03460A2001B408B40B207F
:10DE700001B400F01FF903B02C486F467760DFF75C
:10DE80006FFA03460A2001B408B4072001B400F079
:10DE900011F903B0AC203768385803210EF001F8AF
:10DEA0000CD024486F467760DFF75AFA0346092002
:10DEB00001B408B400F082F802B04BE0AC2037683F
:10DEC000385805210DF0EDFF38D01B486F467760BC
:10DED000DFF746FA0346092001B408B400F06EF8F3
:10DEE00002B037E000200400E41D04000820040014
:10DEF0001020040018200400202004008C1C0400C2
:10DF0000841C04002820040048140400DC1C0400C5
:10DF1000D41C0400302004006C1B0400D4620400F4
:10DF200084640400A465040054670400446204008F
:10DF3000246A0400646C0400F46C0400C3486F4657
:10DF40007760DFF70DFA0346092001B408B400F04A
:10DF500035F802B06F467760D8F7EAFF01B401B434
:10DF6000BB486F467760DFF7FBF901B40198009971
:10DF70006F467760D8F7ECFF02B0B6486F4677601F
:10DF8000DFF7EEF901B4009901986F467760D8F792
:10DF9000DFFF01B0B0486F467760DFF7E1F901B409
:10DFA000009901986F467760D8F7D2FF01B001BCA5
:10DFB000CC2137687850002000BD000000B500205B
:10DFC00001B403F085FD009000980CF002FEC068DB
:10DFD0006F467760D9F7FAFC6F467760D8F770FE26
:10DFE0006F467760D8F78EFF01B46F467760D9F738
:10DFF000B7FC002802D0009801B015E00098009806
:10E0000001B000980CF0E5FDC0680DF08FF9C06913
:10E010006F467760D9F7DAFC6F467760D8F750FE25
:10E020006F467760D8F76EFF6F467760D9F7CEFC02
:10E03000002811D089486F467760DAF7CFFD01B428
:10E04000092001B4019801B4F3F7A2FC02B00198D1
:10E0500002BC0CF0BEFDC16000980CF0BAFDC068B7
:10E060000346029801B408B400F019F802B0009811
:10E070000CF0AFFDC0680346039801B408B4F4F790
:10E0800008F902B0002001B000BD0000022C0BDA3C
:10E0900000B50CF039FD00F007F802B000BD77467E
:10E0A00000980DF043F9BE4600B501980299416110
:10E0B000002000BD00B5002001B403F009FD009070
:10E0C00000980CF086FDC0686F467760D9F77EFC3B
:10E0D0006F467760D8F7F4FD6F467760D8F712FF88
:10E0E00001B46F467760D9F73BFC002802D0009856
:10E0F00001B015E00098009801B000980CF069FD9F
:10E10000C0680DF013F9C0696F467760D9F75EFCFF
:10E110006F467760D8F7D4FD6F467760D8F7F2FE88
:10E120006F467760D9F752FC002811D04B486F46F4
:10E130007760DAF753FD01B4092001B4019801B406
:10E14000F3F726FC02B0019802BC0CF042FDC1605E
:10E1500000980CF03EFDC06801B4039801B4059826
:10E1600001B407986F467760D9F730FC6F46776047
:10E17000D8F7A6FD6F467760D8F7C4FE6F46776084
:10E18000D9F724FC6F467760D8F79AFD6F46776021
:10E19000D8F7B8FE01B41EBC02B404B408B410B47D
:10E1A00000F00DF804B0002001B000BD042C0BDA23
:10E1B00000B50CF04AFD00F007F804B000BD77464A
:10E1C00000980DF0B3F8BE4600B5029801B402986D
:10E1D00001B448210CF06CFF02B06F467760D9F7AC
:10E1E000F5FB002800D01DE01D486F467760DAF788
:10E1F000F5FC01B4029801B4069801B4069801B484
:10E20000039801B400F010F804B00298806901B4DA
:10E21000049801B4029801B402980199009A0CF094
:10E22000EDF904B0002000BD774600980DF03FFCEA
:10E23000BE4600B501980299C160019803994160FA
:10E24000019804998160002000BD0000846D0400E5
:10E25000B46E0400446F0400D46F0400B0D3030014
:10E26000ACEE030000B5002001B403F031FC0090D7
:10E2700000980CF0AEFC806802990DF098FA4160AD
:10E28000002001B000BD000000B5002001B401B4C1
:10E2900001B401B4292001B4069801B400F0E8FAF1
:10E2A00002B0059006986F467760D9F78FFB00287B
:10E2B00007D0292001B4079801B400F0D9FA02B0C0
:10E2C00000E0069806900A2001B400F0C9FA01B0F7
:10E2D000F9F704FE03F0FCFB01B401B401980CF063
:10E2E00078FC406A05210DF020FD01B401980099E9
:10E2F0000CF06FFC416203B0B3486F467760DAF709
:10E300006DFC01B407986F467760D9F75FFB002872
:10E3100001D0552000E0472001B43768B86F01B440
:10E320000CF083FB6F467760DCF7CAFF01B00DF09D
:10E330005CFD0346009808B4029801B400F068FA46
:10E3400003B001BC0090059801B4019801B42821E4
:10E350000DF0BBFB02B006986F467760D9F736FB2D
:10E36000002806D0069801B4019801B400F032F9F3
:10E3700002B000980DF0B9FB40680346012040420E
:10E3800001B408B4EDF7A4FB02B001906F467760CA
:10E39000D8F73CFE0290029842216F467760D8F78A
:10E3A00033FE6F467760D8F731FE039003980A2159
:10E3B0006F467760D8F728FE032084496F46776060
:10E3C000DAF7DEFB01B40021019A6F467760D8F7D7
:10E3D00027FE00980121039A6F467760D8F720FE48
:10E3E00000980221049A6F467760D8F719FE0098CA
:10E3F000EFF794FE01B0012075496F467760DAF7B8
:10E40000BFFB01B40021049A6F467760D8F708FE7D
:10E41000002001B4019801B4EEF76CFC03B0422077
:10E4200001B400F01DFA01B0002004B000BD0000EE
:10E4300054880100000000003DE4020000B5002007
:10E4400001B4E86801B424210DF05DFB01B0A02007
:10E450003768385801B424210CF05FFB01B00090FC
:10E46000009801B46F467760D9F77AFA002802D194
:10E47000009801B013E00098009801B028696F4639
:10E480007760D8F7BFFD6F467760D9F79FFA6F4680
:10E490007760D8F715FC6F467760D8F733FD6F4685
:10E4A0007760D9F793FA002813D0286942216F4684
:10E4B0007760D8F7A9FD062001B4F9F799FC01B0FF
:10E4C000F9F7FCFD686942216F467760D8F79CFD3B
:10E4D0002AE028696F467760D8F794FD01B46F464B
:10E4E0007760D9F73DFA002802D1009801B00FE01B
:10E4F0000098009801B000986F467760D9F766FAE7
:10E500006F467760D8F7DCFB6F467760D8F7FAFC88
:10E510006F467760D9F75AFA002805D028690A2192
:10E520006F467760D8F770FD002001B000BD000095
:10E5300054880100000000003DE5020000B5E868D5
:10E540006F467760D8F75EFD00BD0000012C0BDA46
:10E5500000B50CF0CFFA00F007F801B000BD774627
:10E5600000980DF0F7F8BE4600B5019801B4F8F731
:10E570004DFF01B0019801B42C210CF099FD01B0C0
:10E58000019801B4F8F7F2FC01B0002000BD0000D2
:10E59000012C0BDA00B50CF0ADFA00F007F801B071
:10E5A00000BD774600980DF0D5F8BE4600B50020B6
:10E5B00000BD0000022C12DA00B50CF0A5FA00F044
:10E5C0000EF802B000BD000018EF030030E40200B6
:10E5D00030E50200774600980DF087FABE4600B598
:10E5E000019802994163019801B400F055F801B017
:10E5F000019801B4039801B40CF0B2FC6F46776047
:10E60000D8F7C2FA01B00DF0F0FB01B40398806AAC
:10E6100001B463210CF012FA01B001B40198009921
:10E620006F467760D8F75AFF02B001B43768B86F09
:10E6300001B40CF0FAF96F467760DCF741FE01B0E7
:10E640000DF0D3FB01B4019800990DF051FB02B01D
:10E6500001B40398806901B403210DF081FB01B07E
:10E6600001B4019800990DF033FB02B001B4019898
:10E670000099416402B0002000BD0000012C0BDABB
:10E6800000B50CF037FA00F007F801B000BD77468E
:10E6900000980DF02AFABE4600B50198006B01B44F
:10E6A0006F467760D9F75CF9002802D0009801B076
:10E6B00006E00098009801B06F467760D8F75AF9E5
:10E6C00001B40298406B01B46F467760D9F748F9FE
:10E6D000002802D0009801B006E00098009801B030
:10E6E0006F467760D8F746F901B4039801B40298F1
:10E6F00001B4029801B40CF027FC6F467760D8F79C
:10E7000079F902B000270197029701B4F0F75CFE97
:10E7100001B001B406BC02B404B400F011F804B0B6
:10E72000002000BD022C0BDA00B50CF0EDF900F072
:10E7300007F802B000BD774600980DF00BF8BE4612
:10E7400000B5019802998162002000BD022C0BDA0D
:10E7500000B50CF0D9F900F007F802B000BD77461B
:10E7600000980DF0C2F9BE4600B501980299016308
:10E77000019801B4FFF790FF01B001980121C16336
:10E78000019801B4039801B40CF0EAFB6F4677607E
:10E79000D8F7FAF901B00DF028FB01B40398806AAC
:10E7A00001B463210CF04AF901B001B40198009959
:10E7B0006F467760D8F792FE02B001B43768B86F41
:10E7C00001B40CF032F96F467760DCF779FD01B0E7
:10E7D0000DF00BFB01B4019800990DF089FA02B01D
:10E7E00001B40398806901B403210DF0B9FA01B0B6
:10E7F00001B4019800990DF06BFA02B001B40198D0
:10E800000099016402B0019805218163002000BDD8
:10E81000774600980DF069F9BE4600B5019801B43D
:10E82000039801B4059801B4F8F7BAFF01B41EBC0F
:10E83000002001B4002001B402B404B408B410B440
:10E84000F8F7D0FF06B00198012149420164019810
:10E8500001214942416401980321C162002000BDA9
:10E8600000B501986721890037687850002000BD05
:10E8700000B5002001B401B401B401B4059801B49D
:10E880006F467760D9F7D4F901B0BE490DF009FBA6
:10E8900002D005981BE119E1059801B46F46776035
:10E8A000D9F7C6F901B0B8490DF0FBFA0FD06F46A1
:10E8B0007760D8F75FF801B4069801B40CF07CFAE1
:10E8C0006F467760D8F796F802B000E1FEE0059851
:10E8D00001B46F467760DAF7B7FB01B06F46776037
:10E8E000D8F710FB6F467760D9F770F8002841D051
:10E8F00005980090009801B40CF084F86F4677609A
:10E90000D8F720FB01B00DF070FA06990DF0A1FACE
:10E9100008D09E4801B4019801B400F06DF902B02E
:10E92000D5E026E06F467760D8F724F801B4079861
:10E9300001B4012001B4039801B4F7F765FA03B0FC
:10E940000346924801B408B400F056F902B001B48D
:10E950000CF032FA6F467760D8F74CF802B001B489
:10E960000CF0FEFA8A496F467760D8F743F801B099
:10E97000ADE0ABE0059801B46F467760D7F7FAFFDA
:10E9800001B40CF061FC6F467760D8F733F802B041
:10E990000190019801B47F496F467760D8F7B2FFC4
:10E9A00001B001B46F467760D8F7DAFF002802D1D2
:10E9B000009801B00AE00098009801B0019801B4F5
:10E9C00075496F467760D8F79DFF01B06F46776055
:10E9D000D8F7FCFF002801D0019878E0059801B431
:10E9E0006F467760DAF746FB01B00290029801B4F7
:10E9F0000CF008F86F467760D8F7A4FA01B00DF074
:10EA0000F4F901B4079801B4019800996F46776052
:10EA1000D9F77CF802B0039003986F467760D8F777
:10EA2000D5FF002809D0069801B4012001B404984C
:10EA300001B4F7F7E9F903B00290012057496F4696
:10EA40007760DAF79DF801B40021069A6F46776087
:10EA5000D8F7E6FA04986F467760D8F7B7FF002832
:10EA600001D04F4803E06F467760D7F783FF01B4CA
:10EA7000049801B46F467760D7F77CFF01B406BCF9
:10EA800002B4029801B404B400F064F803B00027A3
:10EA9000019701B4019801B40CF056FA6F46776003
:10EAA000D7F7A8FF04B001B40CF047FA3D486F4611
:10EAB0007760D7F79FFF01B001B40CF051FA3A49E3
:10EAC0006F467760D7F796FF01B000E0002004B0F2
:10EAD00000BD00005488010000000000E1EA0200CF
:10EAE000022C06DA00B50CF00FF800F002F802B0C4
:10EAF00000BD00B5019801B4039801B40CF01DFAF3
:10EB00002A486F467760D7F775FF01B001B40CF063
:10EB100027FA27496F467760D7F76CFF01B001B439
:10EB2000E86801B4059801B40CF046F90BF08CFDCF
:10EB300002B001B40CF008FA6F467760D7F75AFFBD
:10EB400002B001B40CF000FA6F467760D7F752FFBD
:10EB500002B000BD00B5002001B401B4039801B4B7
:10EB60000BF050FF6F467760D8F7ECF901B00DF06D
:10EB70003CF9009001200190019800990DF041F9B5
:10EB800018D136E0A41B0400B41B0400941B04003D
:10EB9000C41B0400D01B0400E81B0400D4EA0200DC
:10EBA000181C0400F81B0400281C0400001C0400AE
:10EBB0000C1C0400049801B4069801B4059801B433
:10EBC000049801B4019800990BF0CDFC02B001B497
:10EBD0000EBC08B4029801B402B404B403980CF05B
:10EBE000A4FF04B00590019803210DF071F8019085
:10EBF000C2E7059802B000BD00B5002001B401B421
:10EC000001B4059801B400216F467760D8F7CCFDB8
:10EC100001B001B46F467760D8F7A2FE002802D099
:10EC2000009801B00AE00098009801B0059801B47E
:10EC300006216F467760D8F7B7FD01B06F46776061
:10EC4000D8F7C4FE002801D0C14805906F46776010
:10EC5000D7F790FE0090049801B40BF0D3FE6F46F6
:10EC60007760D8F76FF901B00DF0BFF8019001207F
:10EC70000290029801990DF0C4F87BD0029801B47B
:10EC800001216F467760D8F741FF01B001B46F46AC
:10EC90007760D8F765FE002802D1009801B003E044
:10ECA0000098009801B005986F467760D8F78EFEFF
:10ECB00000280BD0009801B4069801B40CF044F978
:10ECC0006F467760D7F796FE02B00090049801B4C3
:10ECD000039801B4019800990BF045FC02B001B40F
:10ECE00000216F467760D8F75FFD01B001B46F4631
:10ECF0007760D8F735FE002802D0009801B012E006
:10ED00000098009801B0049801B4039801B40198E8
:10ED100000990BF028FC02B001B406216F46776021
:10ED2000D8F742FD01B06F467760D8F74FFE002854
:10ED300004D06F467760D7F71DFE08E0049801B451
:10ED4000039801B4019800990BF00DFC02B001B4D6
:10ED5000019801B4019801B40CF0F6F86F467760A1
:10ED6000D7F748FE03B00090029803210CF0B0FFE3
:10ED700002907EE7009803B000BD000000B50020BF
:10ED800001B401B401B401B401B401B40020009095
:10ED90003768B86901B400F075F801B0019001203E
:10EDA0000290029801B402986F467760D8F7CAF8CB
:10EDB0000DF01BF801B4019800996F467760D8F701
:10EDC0005DFE02B000281CD0019801B403980DF03C
:10EDD00002F801B4019800996F467760D8F7C2F83D
:10EDE00002B00090002001B4002001B4029801B4E8
:10EDF000F5F7C5FA03B0029803210CF069FF029001
:10EE0000CFE70020019000200390032001B400F020
:10EE100039F801B0049001200590059801B40598D7
:10EE20006F467760D8F78EF80CF0DFFF01B40198D9
:10EE300000996F467760D8F721FE02B000281CD0F9
:10EE4000049801B406980CF0C6FF01B4019800992B
:10EE50006F467760D8F786F802B00390002001B4BF
:10EE6000002001B4059801B4F5F789FA03B00598BC
:10EE700003210CF02DFF0590CFE700200490002027
:10EE800006B000BD00B5002001B402F021FE0BF079
:10EE9000A0FE80690090029801B401216F4677605E
:10EEA000D8F724FE01B06F467760D8F78FFD6F4624
:10EEB0007760D7F705FF6F467760D8F723F801B47E
:10EEC0006F467760D8F74CFD002802D0009801B05B
:10EED00017E00098009801B0009801B4039801B4BD
:10EEE0000BF06AFF0BF0B0FB02B06F467760D8F70B
:10EEF0006DFD6F467760D7F7E3FE6F467760D8F712
:10EF000001F86F467760D8F761FD002805D06F469D
:10EF10007760D8F70DF80FE00DE0009801B4039882
:10EF200001B40BF049FF0BF08FFB02B001B400F00D
:10EF300011F801B000E0002001B000BD012C0EDA94
:10EF400000B50BF0D7FD00F00AF801B000BD0000DD
:10EF5000941B0400774600980BF03FFFBE4600B5B7
:10EF6000019840680346B54801B408B4ECF746FE82
:10EF700002B000BD548801000000000081EF0200D3
:10EF8000012C06DA00B50BF0B5FD00F002F801B077
:10EF900000BD00B501980BF00EFE406E05210CF08F
:10EFA000B7FE6F467760D8F711FD6F467760D7F7E9
:10EFB00087FE6F467760D7F7A5FF00BD00B500203C
:10EFC00001B4029801B400216F467760D8F792FC33
:10EFD00001B001B46F467760D8F7C2FC002802D0B8
:10EFE000009801B00AE00098009801B0039801B4BD
:10EFF00001216F467760D8F767FD01B001B46F4615
:10F000007760D8F7ADFC002802D0009801B00AE084
:10F010000098009801B0039801B41F216F467760F3
:10F02000D8F774FD01B001B46F467760D8F798FC4B
:10F03000002802D0009801B00FE00098009801B0BD
:10F0400004986F467760D8F7C1FC6F467760D7F7B2
:10F0500037FE6F467760D7F755FF6F467760D8F772
:10F06000B5FC002800D051E002F032FD0BF0B1FDFC
:10F07000C06B0090009801B4049801B40198009905
:10F080000BF071FA02B06F467760D8F79FFC6F46BD
:10F090007760D7F715FE6F467760D7F733FF6F4677
:10F0A0007760D8F793FC00280ED0009801B404983C
:10F0B00001B46F467760D7F73BFF01B4029801991E
:10F0C000009A0BF09BFA03B05D486F467760D9F762
:10F0D00085FD01B4059801B4049801B4029801B407
:10F0E00000F018F803B0019801B4059801B4019834
:10F0F00000990BF038FA02B001B4019801B40BF09A
:10F10000FDFC6F467760D7F723FF03B0002001B006
:10F1100000BD0000774600980BF0BAFDBE4600B572
:10F12000019802994160019803998160002000BD17
:10F13000022C0BDA00B50BF0E7FC00F007F802B088
:10F1400000BD774600980BF036FDBE4600B501982D
:10F1500001B4039801B402F04FFD01B001B401986D
:10F160000099816102B0002000BD0000012C0BDA83
:10F1700000B50BF0BFFC00F007F801B000BD77460A
:10F1800000980BF018FDBE4600B50198806901B4E7
:10F190000221090201316F467760D8F7CBF901B03F
:10F1A00000BD0000022C0BDA00B50BF0ADFC00F046
:10F1B00007F802B000BD774600980BF0FCFCBE4695
:10F1C00000B50198C06C01B46F467760D8F7C8FBF2
:10F1D000002802D1009801B024E00098009801B006
:10F1E0000198C06C01B4039801B4019800990BF028
:10F1F000BAF902B06F467760D8F7E8FB6F467760E0
:10F20000D7F75EFD6F467760D7F77CFE6F46776075
:10F21000D8F7DCFB6F467760D7F752FD6F46776013
:10F22000D7F770FE00BD0000032C10DA00B50BF01C
:10F23000ECFC00F00CF803B000BD000074EF02001D
:10F24000D0F00300774600980BF0F1FEBE4600B503
:10F25000029801B40298806801B406BC212001B470
:10F26000049801B402B404B4EDF74AFE04B00020DF
:10F2700000BD000000B5002001B401B401200090E1
:10F28000039801B40BF06CFE6F467760D7F77CFCF7
:10F2900001B00CF0AAFD03210CF02AFD01900098AA
:10F2A00001B4029801B4019800996F467760D8F7CD
:10F2B000F9FB02B001B46F467760D8F751FB002824
:10F2C00002D1009801B011E00098009801B00398B5
:10F2D00001B4019801B40BF034FF6F467760D7F7A3
:10F2E000CDFD02B001B4F4F7ABFD01B06F4677601D
:10F2F000D8F76CFB002805D0009803210CF0E8FC3F
:10F300000090CCE7019801B4019801B401980099EC
:10F310006F467760D8F7FAFB02B001B46F467760AA
:10F32000D8F71EFB002802D1009801B011E0009828
:10F33000009801B0039801B4029801B40BF001FFEA
:10F340006F467760D7F79AFD02B001B4F4F778FD05
:10F3500001B06F467760D8F739FB002805D00198D7
:10F3600003210CF0C5FC0190CCE7039801B401988F
:10F3700001B4039803210CF0ABFC01B40EBC02B441
:10F3800004B408B4FAF7BCFD03B002B000BD00003D
:10F3900000B51B200001376838586F467760D8F7F2
:10F3A00015FB6F467760D7F78BFC6F467760D7F712
:10F3B000A9FD6F467760D8F709FB002807D06F4694
:10F3C0007760D7F7B5FD1B210901376878506F4684
:10F3D0007760D7F74DFE01B4E221029A6F4677605D
:10F3E000D7F7CCFE00989A21039A6F467760D7F73B
:10F3F000C5FE1B2000013768385801B4019801B4DC
:10F400000BF07CFB6F467760D7F7A2FD03B00020BE
:10F4100000BD000000B5002001B4F9F78FFD01B078
:10F420002920C000376838580BF0D3FB406800BD76
:10F4300054880100000000003DF4020000B50820DF
:10F440000002013000216F467760D6F789FD002069
:10F4500000BD000000B5019853218900376878503D
:10F46000002000BD774600980CF008F8BE4600B5B5
:10F47000029800210CF029FD06D00320BF496F46F9
:10F480007760D8F7B1F802900198029981600198ED
:10F4900002994160002000BD548801000000000076
:10F4A000A5F40200022C06DA00B50BF02DFB00F0EB
:10F4B00002F802B000BD00B56120800037683858FE
:10F4C0006F467760D8F782FA6F467760D7F7F8FB18
:10F4D0006F467760D7F716FD01B46F467760D8F7AF
:10F4E0003FFA002802D0009801B00FE00098009881
:10F4F00001B002986F467760D8F768FA6F46776078
:10F50000D7F7DEFB6F467760D7F7FCFC6F46776076
:10F51000D8F75CFA002800D049E0002001B49848F0
:10F5200001B4049801B4FAF705FC03B0034695480A
:10F5300001B408B4ECF762FB02B00346924801B490
:10F5400008B4ECF7A7FB02B0612080003768385898
:10F5500001B40BF057FA6F467760D7F7F3FC01B0B0
:10F560000CF043FC3768796F0CF05FFC1FD0612012
:10F5700080003768385801B46120800037683858F7
:10F5800001B40BF03FFA6F467760D7F7DBFC01B0B0
:10F590000CF02BFC3768796F0CF0AAFB01B406BCA9
:10F5A00002B4012001B404B4ECF77CFD03B00020E8
:10F5B00000BD00005488010000000000C1F50200F9
:10F5C000012C06DA00B50BF095FA00F002F801B054
:10F5D00000BD00B501986F467760D8F7F7F96F4620
:10F5E0007760D7F76DFB6F467760D7F78BFC6F4678
:10F5F0007760D8F7EBF96F467760D7F761FB6F4616
:10F600007760D7F77FFC00BD548801000000000040
:10F6100015F60200012C06DA00B50BF06BFA00F0CB
:10F6200002F801B000BD00B5002001B40120009037
:10F63000009801B4039801B40BF092FC6F46776018
:10F64000D7F7A2FA01B00CF0D0FB01B401980099F1
:10F650000CF0D7FB02B024D0612080003768385806
:10F6600001B4039801B4029801B403983768F96FA4
:10F670000CF02EFB01B40EBC02B404B408B4FAF7CB
:10F680003FFC03B001B40BF039FA6F467760D7F74F
:10F690005FFC02B000983768F96F0CF019FB00901E
:10F6A000C6E7002001B000BD00B501986F46776045
:10F6B000D8F78CF96F467760D7F702FB6F46776013
:10F6C000D7F720FC01B46F467760D8F749F90028D6
:10F6D00002D0009801B01BE00098009801B06D20A6
:10F6E00080003768385801B4029801B40BF006FA6C
:10F6F00000226F467760D8F70DF902B00CF075FB69
:10F7000001B4012149426F467760D8F7FFF901B093
:10F710006F467760D8F75AF9002800D00DE06D20C9
:10F7200080003768385801B4029801B40BF0E6F94C
:10F730006F467760D7F70CFC02B0002000BD0000D8
:10F7400054880100000000004DF70200022C06DA88
:10F7500000B50BF0D9F900F002F802B000BD00B519
:10F76000019801B4039801B40CF009FA6F46776070
:10F77000D6F716FC02B0002000BD0000FFFF01001C
:10F780009C1B0400B4F5020008F6020000B500203E
:10F7900001B401B4A02078216F467760DCF7CAFB82
:10F7A000009008206F467760DEF732FFA020082126
:10F7B0006F467760DCF7BEFB0190019801B40BF057
:10F7C00034F96F467760DEF74FFF01B001208A49B8
:10F7D0006F467760D9F7D4F901B40021019A6F46DA
:10F7E0007760D7F71DFC009800F068F801B00120A1
:10F7F00082496F467760D9F7C3F901B40021029AB4
:10F800006F467760D7F70CFC01BC2F21C900376821
:10F810007850009802B000BD54880100000000003C
:10F8200025F8020000B5E86801B40BF0FEF86F4659
:10F830007760DEF721FF01B0002000BD5488010091
:10F840000000000049F80200012C06DA00B50BF0B8
:10F8500051F900F002F801B000BD00B5E86801B44C
:10F860000BF0E3F800216F467760DBF733FF01B060
:10F87000002001B43768386F01B4032001B40520BB
:10F8800001B4052001B4069801B4E86801B4EFF7AB
:10F890000DFA07B0E86801B40BF0C7F86F4677605F
:10F8A000DEF7E2FE01B0019801B40BF059FB6F46A0
:10F8B0007760DEF7D9FF01B0002000BD00B542201F
:10F8C0003768F86001983721C90037687850019887
:10F8D00001B40BF0F1F801B0002000BD5488010024
:10F8E00000000000E9F8020000B5192000013768A7
:10F8F00038586F467760D8F769F8002800D00CE0D8
:10F900003F4801B410200002033001B4DC20376806
:10F91000385801B4FFF796FC03B0002000BD00008A
:10F9200054880100000000002DF9020000B51920E4
:10F930000001376838586F467760D8F747F80028D5
:10F9400000D01DE0F8F7CAFA2E486F467760D9F765
:10F9500045F901B4002001B42B4801B4029801B468
:10F9600001F0B2FE03B001BC1921090137687850DB
:10F97000192000013768385801B400F00CF801B0C4
:10F98000002000BD012C0BDA00B50BF0B3F800F03D
:10F9900007F801B000BD774600980CF0FEF8BE46AF
:10F9A00000B5002001B401B4039801B4049801B477
:10F9B000B0210BF068FA01B001B4019800994160E0
:10F9C00002B003980121C16001200190019801B4A7
:10F9D0000498406801B40BF015F86F467760D7F7CC
:10F9E000B1FA01B00CF001FA01B4019800990CF0E1
:10F9F00008FA02B00AD1B3E018F802003CF802009D
:10FA000020F9020018F10300480D03000398406834
:10FA100001B4029801B4019800990AF0A4FD02B063
:10FA20000090009801B401F036F901B0009801B4DB
:10FA30000498806801B406BC02B404B401F011F962
:10FA400002B0009801B40498806801B40121090251
:10FA50001F310AF0F3FF01B001B4039801B4069816
:10FA6000806801B45B210AF0E9FF01B001B401989C
:10FA700000996F467760D7F773FD02B001B406981E
:10FA8000806801B45A210AF0D9FF01B001B4079887
:10FA9000806801B459210AF0D1FF01B001B4019886
:10FAA00000990CF015F902B001B4019800996F4665
:10FAB0007760D7F713FD02B001B4019800990CF0FC
:10FAC00007F902B001B40598806801B45C210AF01E
:10FAD000B5FF01B001B4049801B40798806801B47F
:10FAE0005B210AF0ABFF01B001B40BF04DFA6F4699
:10FAF0007760D7F719FA02B00CF077F901B40798DC
:10FB0000806801B45A210AF099FF01B001B4089845
:10FB1000806801B459210AF091FF01B001B4019845
:10FB200000990CF0D5F802B001B4019800996F4625
:10FB30007760D7F7D3FC02B001B4019800990CF0BC
:10FB4000C7F802B001B40EBC02B404B408B401F0AA
:10FB500042F803B0019803210CF0BAF8019035E7A0
:10FB60000A2001B4FEF77CFE01B00120C9496F46AE
:10FB70007760D9F705F801B40021049A6F467760E1
:10FB8000D7F74EFA0098102000020B3001B4A020E5
:10FB90003768385801B4FFF755FB03B00120BE4960
:10FBA0006F467760D8F7ECFF01B40021049A6F46E6
:10FBB0007760D7F735FA009810200002093001B4B9
:10FBC000A0203768385801B4FFF73CFB03B0B348B6
:10FBD00001B4102000020B3001B49C203768385863
:10FBE00001B4FFF72FFB03B0AD4801B410200002B1
:10FBF0000B3001B4DC203768385801B4FFF722FB22
:10FC000003B00120A7496F467760D8F7B9FF01B468
:10FC10000021049A6F467760D7F702FA0098102007
:10FC200000020B3001B494203768385801B4FFF754
:10FC300009FB03B001209C496F467760D8F7A0FF0D
:10FC400001B40021049A6F467760D7F7E9F900986C
:10FC5000102000020B3001B4A4203768385801B4DA
:10FC6000FFF7F0FA03B0012090496F467760D8F7AC
:10FC700087FF01B40021049A6F467760D7F7D0F967
:10FC80000098102000020B3001B4B42037683858B7
:10FC900001B4FFF7D7FA03B0012085496F467760BA
:10FCA000D8F76EFF01B40021049A6F467760D7F74A
:10FCB000B7F90098102000020B3001B4B02037686B
:10FCC000385801B4FFF7BEFA03B0012079496F46F6
:10FCD0007760D8F755FF01B40021049A6F4677602A
:10FCE000D7F79EF9009800F0BDFC01B0012001B4E7
:10FCF000049801B400F0ECFC02B0002002B000BD9A
:10FD000054880100000000000DFD020000B5E86805
:10FD100040686F467760D7F759FE6F467760D6F731
:10FD2000CFFF6F467760D7F7EDF801B46F46776085
:10FD3000D7F716FE002802D0009801B019E000980D
:10FD4000009801B0E868406801B4E868C06801B490
:10FD5000019800990AF007FC02B06F467760D7F768
:10FD600035FE6F467760D6F7ABFF6F467760D7F703
:10FD7000C9F86F467760D7F729FE002800D011E058
:10FD8000E868406801B4E868C06801B40198009967
:10FD90000AF0E9FB02B00346032001B408B400F006
:10FDA0005AFE02B0002000BD54880100000000008F
:10FDB000B5FD020000B5E86840686F467760D7F788
:10FDC00005FE6F467760D6F77BFF6F467760D7F703
:10FDD00099F801B46F467760D7F7C2FD002802D0CA
:10FDE000009801B019E00098009801B0E8684068F8
:10FDF00001B4E868C06801B4019800990AF0B3FB47
:10FE000002B06F467760D7F7E1FD6F467760D6F7AF
:10FE100057FF6F467760D7F775F86F467760D7F76B
:10FE2000D5FD002800D027E0E868406801B4E86804
:10FE3000C06801B4019800990AF095FB02B003462E
:10FE4000012001B408B400F006FE02B0E868406882
:10FE500001B4E868C06801B4019800990AF083FB16
:10FE600002B00BF0A8FE006A01B40AF0A5FD6F46CF
:10FE70007760D6F773F801B0002000BD5488010008
:10FE80000000000089FE020000B500F045FD0020E2
:10FE900000BD000000FD0200A8FD02007CFE020083
:10FEA000B8FE0200D0FE020020FF02005CFF02004C
:10FEB000D0FF02002C000300548801000000000065
:10FEC000C5FE020000B500F027FD002000BD0000C7
:10FED0005488010000000000DDFE020000B5E86863
:10FEE00001B4E868C06801B4E868806801B45B21C7
:10FEF0000AF0A4FD01B001B4019800990BF0F8FEDE
:10FF000002B001B4012001B4ECF7ECF902B001B485
:10FF100006BC02B404B400F0DBFB02B0002000BD5C
:10FF200054880100000000002DFF020000B5E868C1
:10FF300001B4E868C06803210BF0DAFE01B40120C7
:10FF400001B4ECF7CFF902B001B406BC02B404B4BA
:10FF500000F0BEFB02B0002000BD0000548801008C
:10FF60000000000069FF020000B5E86801B4E8681D
:10FF7000406801B40AF046FD6F467760D6F7E2FFAD
:10FF800001B00BF032FF03210BF0B2FE01B4E868C0
:10FF9000C06801B4E868806801B45B210AF04EFDD6
:10FFA00001B001B4019800990BF092FE02B001B4C7
:10FFB00006BC02B404B4EDF7D5FC02B001B406BC33
:10FFC00002B404B400F084FB02B0002000BD0000C5
:10FFD0005488010000000000DDFF020000B5E86861
:10FFE00001B4E868406801B40AF00CFD6F46776020
:10FFF000D6F7A8FF01B00BF0F8FE03210BF078FE56
:020000040003F7
:1000000001B4E868C06803210BF062FE01B406BCCD
:1000100002B404B4EDF7A6FC02B001B406BC02B40D
:1000200004B400F055FB02B0002000BD548801006C
:10003000000000003900030000B5E86801B400F0DA
:1000400055F901B0E86801B400F012F801B00020E1
:1000500000BD0000012C0BDA00B50AF04BFD00F0EA
:1000600007F801B000BD774600980BF096FDBE463C
:1000700000B5019840686F467760D7F7A7FC6F46D8
:100080007760D6F71DFE6F467760D6F73BFF6F4669
:100090007760D7F79BFC002800D017E13768B86F6E
:1000A00001B43768B86F01B40AF0BFFC6F467760DF
:1000B000DBF706F901B00BF098FE01B403988068F5
:1000C00001B45C210AF0BAFC01B005210BF010FE6E
:1000D00001B40EBC1F2001B402B404B4012001B469
:1000E000012001B408B4EFF7A9F906B03768B86F7A
:1000F00001B40298806801B4C2210AF09FFC01B0EB
:1001000001B40398806801B4C1210AF097FC01B0E2
:1001100001B40EBC02B4032001B4052001B404B440
:1001200008B4F7F703F905B03768B86F01B402985F
:10013000806801B4CE210AF081FC01B007210BF0E8
:10014000D7FD01B43768B86F01B40AF06EFC6F4692
:100150007760DBF7B5F801B00BF047FE01B4376804
:10016000B86F01B40AF061FC6F467760DBF7ACF85A
:1001700001B00BF03AFE01B40598806801B4CE21BD
:100180000AF05CFC01B001B4019800990BF0B0FDDD
:1001900002B00D210BF09CFD01B41EBC1F2001B468
:1001A00002B404B408B4012001B410B4EFF746F966
:1001B00006B03768B86F01B40298806801B40121B5
:1001C00009021F310AF03AFC01B001B403988068BB
:1001D00001B4CE210AF032FC01B001B43768B86F27
:1001E00001B40AF022FC6F467760DBF769F801B0D2
:1001F0000BF0FBFD01B40598806801B401210902F0
:100200001F310AF01BFC01B001B403210BF0A8FD63
:1002100001B001B4019800990BF06AFD02B001B47D
:100220000598806801B4CD210AF008FC01B001B442
:1002300062210AF003FC01B003210BF049FD01B477
:100240000027032001B4019801B40297039801B478
:100250000497059801B40697079801B40897099880
:1002600001B40A97EFF7EAF80BB03768B86F01B43A
:100270000298406801B40398C06801B401980099DD
:100280000AF071F902B001B4B6210AF0FCFD01B028
:1002900001B40398806801B4CE210AF0CFFB01B00D
:1002A00003210BF015FD01B40498806801B4CD2141
:1002B0000AF0C4FB01B001B41EBC02B41F2001B49B
:1002C00004B408B410B4F7F731F805B0002000BD4D
:1002D000012C0BDA00B50AF00DFC00F007F801B0B4
:1002E00000BD774600980BF058FCBE4600B50020D4
:1002F00001B401B401B46F467760D5F71FFE0BF06F
:1003000074FD01B401210902F5316F467760D7F71A
:1003100011F901B0009001200190019801B40598F5
:10032000406801B40AF06EFB6F467760D6F70AFEAC
:1003300001B00BF05AFD01B4019800990BF061FD7A
:1003400002B045D00498406801B4029801B4019805
:1003500000990AF008F902B001B4019801B40398B9
:1003600001B40798806801B45B210AF067FB01B013
:1003700001B4019800996F467760D7F7F1F802B0A1
:1003800001B4CB496F467760D7F7A8F801B001B444
:10039000019800990BF0ACFC02B001B46F46776095
:1003A000D8F7E6FE01B001B4009905206F467760EA
:1003B000D7F794F801B001B406BC02B404B400F05D
:1003C000A0F802B0019803210BF082FC0190A4E791
:1003D00001F07EFB0AF0FDFB4068806901B4072153
:1003E0000902D1316F467760D7F7A4F801B00290C7
:1003F0000498806901B40598406901B40198009996
:100400000BF0FFFC02B01BD0049801B401B40198BA
:10041000806901B4059801B4C9216F467760D7F7A8
:100420005DF801B00027029701B4019800990BF024
:100430004FFC02B001B401980099816103B028E03B
:100440000498806901B40598406901B40198009945
:100450000BF0EBFC02B01BD0049801B401B401987E
:10046000806901B4059801B4C9216F467760D7F758
:1004700035F801B00027029701B4019800990BF0FC
:1004800037FC02B001B401980099816103B000E02B
:100490002AE00498806901B40598406901B4019884
:1004A00000990BF025FC02B001B4F4F765FF01B030
:1004B00005210BF0A6FC08D0049801B4059840690A
:1004C00001B401980099816102B001F001FB0AF0CA
:1004D00080FB006A01B40598806901B406BC02B4CF
:1004E00004B4FAF7BCFA02B0002003B000BD00006B
:1004F000022C0BDA00B50AF007FB00F007F802B097
:1005000000BD774600980BF056FBBE4600B501983B
:10051000406801B40298C06803990BF0D9FB01B49C
:1005200006BC02B404B400F052F802B0019880682E
:1005300001B40298406801B4EBF74EFA01B001B47F
:1005400006BC02B404B400F00CF802B0002000BDF8
:10055000022C0BDA00B50AF0D7FA00F007F802B067
:1005600000BD774600980AF026FBBE4600B501980C
:1005700001B4039801B40398806C01B40AF055FAF1
:100580006F467760DAF7A0FE01B00BF02EFC01B4E5
:1005900005216F467760D6F7CDFF01B001B4019811
:1005A00000990BF0A5FB02B001B406BC02B404B480
:1005B00000F012F802B0002000BD0000022C0BDA9F
:1005C00000B50AF0A1FA00F007F802B000BD7746C6
:1005D00000980AF0F0FABE4600B5002001B401F020
:1005E00077FA0AF0F6FAC0690090009801B403980F
:1005F00001B4059801B401F0FFFA01B001B4059807
:10060000006901B4019802BC01B00BF071FB01B4A8
:100610000EBC02B4012001B404B408B42C210AF0C9
:1006200002FB04B0002001B000BD0000012C0BDA79
:1006300000B50AF05FFA00F007F801B000BD774698
:1006400000980AF0B8FABE4600B50198006901B4F6
:100650000221090201316F467760D6F76BFF01B0C6
:1006600000BD000000B5002001B4F8F767FC01B040
:1006700001986F467760D7F7A9F96F467760D6F78C
:100680001FFB6F467760D6F73DFC6F467760D7F764
:100690009DF9002800D008E0002001B4029801B4C0
:1006A000A12001B4EFF7C6FF03B0002000BD000099
:1006B00034230400022C0BDA00B50AF025FA00F00E
:1006C00007F802B000BD774600980BF066FABE4608
:1006D00000B5019840686F467760D7F777F96F46A5
:1006E0007760D6F7EDFA6F467760D6F70BFC6F466A
:1006F0007760D7F76BF9002800D05EE0019840687A
:1007000001B40298C06801B40198009909F02BFF68
:1007100002B06F467760D7F759F9002811D00198D9
:10072000406801B40298C06801B40198009909F0CA
:100730001AFF02B00346052001B408B400F08BF99B
:1007400002B001980299C1600198406801B4029812
:10075000C06801B40198009909F005FF02B06F4626
:100760007760D7F733F9002822D0A02037683858AF
:1007700001B424210AF0D1F901B06F467760D7F7B0
:1007800025F9002801D0032000E0012001B40298DF
:10079000406801B40398C06801B40198009909F059
:1007A000E2FE02B00346009808B400F054F902B02B
:1007B000019801B400F012F801B0002000BD000063
:1007C000012C0BDA00B50AF095F900F007F801B03A
:1007D00000BD774600980BF0E0F9BE4600B500205A
:1007E00001B40298C06801B40398806801B45B2129
:1007F0000AF024F901B001B40AF0C6FB6F46776035
:10080000D6F792FB02B00BF0F0FA0090009801B41A
:100810000398006901B4019800996F467760D6F794
:10082000C3FF02B001B46F467760D7F799F800288C
:1008300002D0009801B011E00098009801B0009833
:1008400003210BF055FA01B40398006901B4019833
:1008500000996F467760D6F7A7FF02B06F467760C2
:10086000D7F7B4F8002800D04CE0009801B4039802
:10087000006901B4019800990BF0D7FA02B00DD0CD
:10088000029801B401B40198006903210BF020FA29
:1008900001B401980099016103B00CE0029801B421
:1008A00001B40198006903210BF022FA01B4019808
:1008B0000099016103B0029801B40398006901B482
:1008C0000498806801B459210AF0B8F801B001B465
:1008D0000598806801B45A210AF0B0F801B001B45B
:1008E000019800990BF0F4F902B001B40198009955
:1008F0006F467760D6F7F2FD02B001B40198009917
:10090000416102B0002001B000BD00005488010028
:10091000000000001909030000B519200001376824
:1009200038586F467760D7F751F8002813D0192050
:1009300000013768385801B400F019F801B0002000
:100940001921090137687850422001B4FDF788FF6A
:1009500001B0F7F7B3FB002000BD0000012C0BDA5B
:1009600000B50AF0C7F800F007F801B000BD7746FF
:1009700000980BF012F9BE4600B5019840686F462A
:100980007760D7F723F800280BD00198406803461A
:10099000C84801B408B4EBF77DF902B00198002112
:1009A0004160002000BD00005488010000000000EC
:1009B000B5090300012C06DA00B50AF09BF800F037
:1009C00002F801B000BD00B5019801B400F00DF8C7
:1009D00001B0002000BD0000012C0BDA00B50AF0C8
:1009E00089F800F007F801B000BD774600980BF0D9
:1009F000E2F8BE4600B5019840686F467760D6F7CA
:100A0000E5FF00281BD0019840680346002001B490
:100A1000002001B408B4F3F7B2FC03B00198806879
:100A20000346002001B4002001B408B4F3F7A7FC8A
:100A300003B00198002141600198002181600020ED
:100A400000BD0000022C0BDA00B50AF05DF800F0E2
:100A500007F802B000BD774600980BF0ACF8BE4630
:100A600000B50198006902990BF02FFA00D007E059
:100A7000019802990161019801B400F011F801B0E8
:100A8000002000BD012C0BDA00B50AF033F800F0AD
:100A900007F801B000BD774600980BF08CF8BE4611
:100AA00000B5019840696F467760D6F78FFF6F46B3
:100AB0007760D6F705F96F467760D6F723FA6F4669
:100AC0007760D6F783FF002800D079E001980069AD
:100AD00001B4014605206F467760D6F709FF00286C
:100AE00001D001B015E0012000996F467760D6F77C
:100AF000FFFE002801D001B01DE0032000996F46E1
:100B00007760D6F7F5FE002801D001B027E001BCE0
:100B100036E00198406801B40298406901B4492167
:100B200009F08CFF01B001B406BC02B404B4ECF7C8
:100B300056FC02B024E00198406801B40298406974
:100B400001B4012109025D3109F078FF01B001B45F
:100B500006BC02B404B4ECF742FC02B010E0019809
:100B6000406801B40298406901B4372109F066FF7A
:100B700001B001B406BC02B404B4ECF730FC02B01E
:100B80000198806801B40298406801B4ECF787FFCF
:100B900001B001B406BC02B404B4ECF7F6FE02B036
:100BA0000198806801B40298406801B4EAF714FF24
:100BB00001B001B406BC02B404B4FFF7D2FC02B029
:100BC000002000BD032C0BDA00B50AF01EF800F07F
:100BD00007F803B000BD774600980AF0ECFFBE4668
:100BE00000B501980399C1600198406803460298D6
:100BF00001B408B4ECF7FFFE02B001984068034668
:100C0000039801B408B4FFF7E2FC02B001988068D1
:100C100001B40298406801B4ECF741FF01B001B49F
:100C200006BC02B404B4ECF7B0FE02B001988068D0
:100C300001B40298406801B4EAF7CEFE01B001B4F5
:100C400006BC02B404B4FFF78CFC02B0002000BD67
:100C5000022C0BDA00B509F057FF00F007F802B0DC
:100C600000BD774600980AF0A6FFBE4600B5019881
:100C700002994161019801B4FFF712FF01B0002011
:100C800000BD0000012C0BDA00B509F033FF00F0C5
:100C900007F801B000BD774600980AF08CFFBE4609
:100CA00000B5019840696F467760D6F78FFE00283F
:100CB00002D109E0A80903000198406901B4492163
:100CC00009F0BCFE01B001E03768386C01B402984D
:100CD00001B4002001B4029801B4EAF7F9FE02B0B1
:100CE0000027019701B401980099416003B0019871
:100CF00040680346032001B408B401210902BD3154
:100D000009F01DFF02B0019801B402988069034602
:100D1000002001B408B4EAF7DBFE02B001B4019888
:100D20000099816002B0019880680346052001B4F3
:100D300008B401210902BD3109F001FF02B0019898
:100D400005210161002000BD548801000000000061
:100D5000550D030000B5002001B46F467760D6F74B
:100D6000E7F80090CA486F467760D7F737FF01B4BD
:100D7000C84801B4C84801B43768B86D01B40398D5
:100D800001B400F08FFC04B0019801B4019801B4E3
:100D900009F0B4FE6F467760D6F7DAF803B0BC48C6
:100DA0006F467760D7F71AFF01B4BC4801B4BC485E
:100DB00001B43768F86C01B4039801B400F072FC18
:100DC00004B0019801B4019801B409F097FE6F4690
:100DD0007760D6F7BDF803B06F467760DDF7A0FB0C
:100DE0000BF003F86F467760D6F7F0FD002839D096
:100DF000A7486F467760D7F7F1FE01B4A94801B460
:100E0000A94801B43768386D01B4039801B400F003
:100E100049FC04B0019801B4019801B409F06EFED8
:100E20006F467760D6F794F803B099486F467760BD
:100E3000D7F7D4FE01B49D4801B49D4801B437688A
:100E4000786E01B4039801B400F02CFC04B0019852
:100E500001B4019801B409F051FE6F467760D6F7EE
:100E600077F803B08A486F467760D7F7B7FE01B4CA
:100E7000904801B4904801B43768B86E01B4039843
:100E800001B400F00FFC04B0019801B4019801B462
:100E900009F034FE6F467760D6F75AF803B07C4805
:100EA0006F467760D7F79AFE01B4844801B484484E
:100EB00001B43768386E01B4039801B400F0F2FB56
:100EC00004B0019801B4019801B409F017FE6F460F
:100ED0007760D6F73DF803B06D486F467760D7F777
:100EE0007DFE01B4774801B4774801B43768F86DE6
:100EF00001B4039801B400F0D5FB04B0019801B42B
:100F0000019801B409F0FAFD6F467760D6F720F832
:100F100003B06F208000376838586F467760D6F787
:100F200055FD00280AD06F2080003768385801B47A
:100F3000019801B400F004F902B0009054486F46E3
:100F40007760D7F74BFE01B4604801B4604801B444
:100F50003768786D01B4039801B400F0A3FB04B0C6
:100F6000019801B4019801B409F0C8FD6F4677609B
:100F7000D5F7EEFF03B0009801B000BD5488010022
:100F800000000000890F030000B5F3F77BF801B4FF
:100F900009F0D3FF4F486F467760D5F72BFD01B0BE
:100FA00001B409F0DDFF4C496F467760D5F722FDAB
:100FB00001B000BD5488010000000000C10F030013
:100FC00000B5F3F75FF801B409F0B7FF43486F4687
:100FD0007760D5F70FFD01B001B409F0C1FF3E49BC
:100FE0006F467760D5F706FD01B000BD548801005B
:100FF00000000000F90F030000B571208000376881
:10100000385801B409F099FF35486F467760D5F735
:10101000F1FC01B001B409F0A3FF2F496F467760DE
:10102000D5F7E8FC01B000BD5488010000000000C5
:101030003510030000B5712080003768385801B4BE
:1010400009F07BFF27486F467760D5F7D3FC01B0E6
:1010500001B409F085FF20496F467760D5F7CAFCD7
:1010600001B000BD548801000000000071100300B1
:1010700000B55D208000376838586F467760D6F736
:10108000A5FC002801D0184800E0184800BD000069
:10109000F4F10300441603007C0F0300C0150300A5
:1010A000B40F030098150300EC0F030000150300B4
:1010B0002810030054140300641003006812030096
:1010C000F01003004C120300181103000C09030078
:1010D0002C110300EC1E0400001E0400001F04007D
:1010E000141F04002C1F0400441F0400581F040098
:1010F0005488010000000000FD10030000B500F05E
:101100008BF96F467760D6F761FC002801D0BC48A8
:1011100000E0BC4800BD0000548801000000000051
:101120002511030000B5B84800BD00005488010037
:10113000000000003911030000B5B44800BD0000F4
:1011400000B5002001B401B401B401B401B401B48C
:1011500001B46F467760D5F7EBFE00900020019058
:101160000898029001200390039801B403986F46F9
:101170007760D5F7E7FE0AF038FE01B401980099D0
:101180006F467760D6F77AFC02B000281ED002982E
:1011900001B404980AF01FFE01B4019800996F464B
:1011A0007760D5F7DFFE02B00190009801B4029895
:1011B00001B409F0A3FC6F467760D5F7C9FE02B011
:1011C000039803210AF084FD0390CDE700200290EC
:1011D000002004900998059001200690069801B41B
:1011E00006986F467760D5F7ADFE0AF0FEFD01B4B4
:1011F000019800996F467760D6F740FC02B000284E
:101200001ED0059801B407980AF0E5FD01B40198D5
:1012100000996F467760D5F7A5FE02B0049000985C
:1012200001B4059801B409F069FC6F467760D5F701
:101230008FFE02B0069803210AF04AFD0690CDE722
:1012400000200590009807B000BD00005488010000
:10125000000000005912030000B56F467760D8F710
:101260006DFF002000BD0000548801000000000058
:101270007512030000B500F0CFF86F467760D6F71F
:10128000A5FB002807D0002001B40A2001B400F01B
:1012900073F802B00BE0002001B4422001B400F06A
:1012A0006BF802B05A4801B400F004F801B0002015
:1012B00000BD000000B5019801B4032001B400F0A6
:1012C00003F802B0002000BD00B5002001B401B455
:1012D000039807218901376879580AF092FD00D0F8
:1012E00047E0292001B4059801B4FDF7C1FA02B026
:1012F0000090009801B409F033FE46496F467760CC
:10130000D5F778FB01B0009001200190019801B45D
:101310006D2080003768385801B409F073FB6F46C0
:101320007760D5F70FFE01B00AF05FFD01B40198B8
:1013300000990AF066FD02B01BD06D20800037686E
:10134000385801B4029801B40198009909F00BF9DA
:1013500002B0034608B4019801B4059801B402989C
:1013600009F004FD03B0019803210AF0B1FC0190DB
:10137000CCE7002002B000BD00B5019801B46120A7
:101380008000376838586F467760D6F71FFB6F4686
:101390007760D5F795FC6F467760D5F7B3FD6F465C
:1013A0007760D6F713FB6F467760D5F789FC6F46F9
:1013B0007760D5F7A7FD01B4019800990AF099FD6F
:1013C00002B010D001986F467760D6F7FFFA002878
:1013D00004D06F467760D5F7ABFD00E000206121B7
:1013E000890037687850029800210AF096FD04D0F1
:1013F00002986321890037687850002000BD000002
:101400006C1F0400801F0400941F0400A01F040030
:10141000DC1E04009C1B040000B5612080003768BE
:1014200038586F467760D6F7D1FA6F467760D5F7B0
:1014300047FC6F467760D5F765FD6F467760D6F756
:10144000C5FA6F467760D5F73BFC6F467760D5F7F6
:1014500059FD00BD54880100000000006114030024
:1014600000B55D208000376838586F467760D6F742
:10147000ADFA6F467760D5F723FC6F467760D5F7F6
:1014800041FD5D218900376878505D208000376814
:1014900038586F467760D6F799FA6F467760D5F778
:1014A0000FFC6F467760D5F72DFD01B46F4677606E
:1014B000D6F756FA002802D1009801B006E000984D
:1014C000009801B02F20C000376838586F46776009
:1014D000D6F77CFA002810D02F20C0003768385883
:1014E00001B46F467760D5F745FA01B406BC04B481
:1014F00002B401980AF0DCF802B0002000BD000040
:1015000054880100000000000D15030000B5712093
:101510008000376838580B210AF0DAFB01B400F07C
:1015200003F801B0002000BD00B5019801B4376890
:10153000B86F01B400F00EF802B071208000376877
:10154000385801B4A24801B4F7F7D8F802B0002027
:1015500000BD000000B5029801210AF0E6FB01B4CD
:10156000C92001B4152001B4EDF71CFF03B00290AF
:10157000029871218900376878507120800037689F
:10158000385801B409F0A1FD6F467760DCF7DAFF47
:1015900001B0002000BD00005488010000000000E0
:1015A000A515030000B571208000376838580B215D
:1015B0000AF09EFB01B4FFF7B7FF01B0002000BDA9
:1015C0005488010000000000CD15030000B5002084
:1015D00001B401B401B4F2F755FD0090009801B4D4
:1015E00041216F467760D5F7BBFF01B001900098AD
:1015F00041210AF06DFB01990AF07AFB02900298F2
:1016000001B400F005F801B0002003B000BD0000F7
:1016100000B5019801B4F2F759FD01B003200002B2
:10162000E93001B403200002713001B4F5F77AF912
:1016300002B0019801B4674801B4F7F75FF802B04F
:10164000002000BD54880100000000005116030076
:1016500000B5002001B401B401B4F2F713FD00900D
:10166000009801B441216F467760D5F779FF01B04A
:10167000019001986F467760D6F7A8F9002801D04D
:10168000019800E0412001B4019802BC0AF030FB4F
:101690000290029801B4FFF7BBFF01B0002003B035
:1016A00000BD0000774600980AF085FABE4600B5F6
:1016B00001980299816101980399C1610198049987
:1016C0000162002000BD0000774600980AF065FA2C
:1016D000BE4600B501980299C161039801B46F46F6
:1016E0007760D6F73DF9002802D0009801B019E0E4
:1016F0000098009801B03768386C01B409F095F98A
:101700006F467760D9F7DCFD01B00AF06EFB034647
:10171000002001B4002001B4072001B408B400F097
:1017200011F804B001B4029802BC81600198012153
:10173000016101980121816101980121416100202D
:1017400000BD000000B5002001B43768B86F01B4D7
:1017500009F06BF96F467760D9F7B2FD01B00AF076
:1017600044FB01B4039804990AF0B2FA01B409F0F9
:101770000BFC6F467760D5F7D7FB02B00AF035FB5C
:101780000090049801B46F467760D6F7E9F8002816
:1017900002D0009801B005E00098009801B0E82060
:1017A000376838580490059801B46F467760D6F7CB
:1017B000D7F8002802D0009801B00DE000980098FA
:1017C00001B0049801B400F0CBF801B004E00000CF
:1017D000C81E0400B81E040005906F467760D5F758
:1017E00047FC01B45921049A6F467760D5F7C6FCCF
:1017F00000985A21039A6F467760D5F7BFFC00988E
:101800005B21019A6F467760D5F7B8FC3768B86FEF
:1018100001B409F00AF96F467760D9F751FD01B0BC
:101820000AF0E3FA01B4029801B4059801B40198F2
:1018300000996F467760D5F751FE02B001B4039866
:1018400003210AF055FA01B4079801B401980099F0
:101850006F467760D5F742FE02B001B40198009957
:101860000AF036FA02B001B4019800990AF040FA81
:1018700002B001B403210AF09DFA01B002460098BB
:10188000012109021F316F467760D5F777FC009878
:10189000CD21059A6F467760D5F770FC0098C1217D
:1018A000069A6F467760D5F769FC069801B4622105
:1018B00009F0C4F801B005210AF00AFA04990AF007
:1018C00007FA024600985C216F467760D5F756FC10
:1018D0003768B86F01B409F0A8F86F467760D9F798
:1018E000F3FC01B00AF081FA01B4069801B4622158
:1018F00009F0A4F801B001B4019800990AF0F8F9D0
:1019000002B005210AF0F4F902460098CE216F4694
:101910007760D5F733FC0098C221BF4A6F467760E5
:10192000D5F72CFC0098012109025D3137687A6CEB
:101930006F467760D5F722FC009837213768BA6C7C
:101940006F467760D5F71AFC0098492137683A6CE2
:101950006F467760D5F712FC01BC01B000BD0000F6
:1019600000B5052001B4029801B400F003F802B0FC
:1019700000BD000000B5029801210AF0D6F90290DE
:10198000029805210AF03DFA01D001986FE06F46F8
:101990007760D5F76DFB01B401B4039801B46321FE
:1019A00009F04CF801B001B4059801B40198009910
:1019B0006F467760D5F792FD02B001B40198009AA6
:1019C00063216F467760D5F7D9FB02B0029801B466
:1019D000622109F033F801B001B4049801B4019810
:1019E00000996F467760D5F779FD02B002460098FE
:1019F00062216F467760D5F7C1FB029801B47B2165
:101A000009F01CF801B0024600987B216F46776010
:101A1000D5F7B4FB029801B401210902013109F0A4
:101A20000DF801B06F467760D5F7D0FF002812D0CF
:101A3000039801B4039801B401210902013108F0AF
:101A4000FDFF01B001B4019800996F467760D5F7AA
:101A500045FD02B000E0039801B40198012109029C
:101A6000013104BC6F467760D5F788FB01BC00BD2F
:101A700000B5002001B4694801B4F7F731F901B0AD
:101A80000090009800210AF048FA07D0009801B4AD
:101A90003768B86F01B4FFF75DFD02B0002001B0F8
:101AA00000BD000000B5002001B45D4801B4F7F7A7
:101AB00017F901B00090009800210AF02EFA04D026
:101AC000009801B4F2F702FB01B0002001B000BDA4
:101AD00000B5002001B4F7F731FA01B02920C000A9
:101AE0003768385800BD000000B50B20400137684A
:101AF00038586F467760D5F769FF6F467760D5F73E
:101B0000DFF86F467760D5F7FDF96F467760D5F758
:101B10005DFF002807D06F467760D5F709FA0B21E3
:101B20004901376878500B2040013768385801B4B4
:101B3000029801B408F0E2FF00226F467760D5F703
:101B4000E9FE02B00AF051F901210AF05AF90DD06C
:101B50000B2040013768385801B4029801B408F0EE
:101B6000CDFF6F467760D5F7F3F902B0002000BDD6
:101B700000B557208000376838586F467760D5F732
:101B800025FF6F467760D5F79BF86F467760D5F7EE
:101B9000B9F96F467760D5F719FF002807D06F466F
:101BA0007760D5F7C5F957218900376878505720F5
:101BB00080003768385801B4029801B408F09EFFDD
:101BC00000226F467760D5F7A5FE02B00AF00DF946
:101BD00001210AF016F90DD05720800037683858D7
:101BE00001B4029801B408F089FF6F467760D5F719
:101BF000AFF902B0002000BD00B5019801B4022188
:101C0000090201316F467760D5F768FC01B0012108
:101C10000AF08BF800BD0000AC1F0400C81E0400D1
:101C2000B81E040000B53920C000376838580021BC
:101C30000AF04BF906D007200002D1303921C90043
:101C4000376878503920C0003768385801B403210C
:101C50000AF03EF83921C9003768785001BC00BD50
:101C60007746009809F0E3F9BE4600B5019802995D
:101C7000816001980A21416101980021C1600198A9
:101C80000021016101980121C161029801210AF03E
:101C9000CCF849D00120BC496F467760D6F770FF79
:101CA00001B40021029A6F467760D5F7B9F902981E
:101CB000806801B4019801B409F08BFF082000028C
:101CC000023010236F467760D4F740F903B001204B
:101CD000AE496F467760D6F753FF01B40021029AF0
:101CE0006F467760D5F79CF90298806801B4019837
:101CF00001B409F06EFF08200002033010236F4684
:101D00007760D4F723F903B0039801210AF08DF826
:101D10000AD0029801B4049801B409F035F96F466D
:101D20007760D8F7E5FB02B0002000BD54880100C1
:101D300000000000391D030000B50A2001B4E86866
:101D400001B400F021F802B0002000BD5488010069
:101D500000000000591D030000B5422001B4E868EE
:101D600001B400F011F802B0002000BD022C0BDA23
:101D700000B508F0C9FE00F007F802B000BD7746D4
:101D8000009809F054F9BE4600B5019840690299DF
:101D90000AF0AFF82ED0F9F79BFD019840686F4626
:101DA0007760D5F713FE002808D0019840680346F5
:101DB000422001B408B400F094F802B001980299EE
:101DC0004161019840696F467760D5F7FFFD0028B3
:101DD00008D0019801218161019801B400F050F808
:101DE00001B007E001980121C161019801B400F040
:101DF00011F801B0002000BD012C0BDA00B508F08D
:101E000079FE00F007F801B000BD7746009809F0B0
:101E10000EF9BE4600B567208000376838586F4617
:101E20007760D5F7D3FD00280CD00198806801B405
:101E300009F0C1FA0120C0026F467760D7F7D8FBDE
:101E400001B00CE00198806801B409F0B4FA0820F0
:101E5000000204306F467760D7F7CAFB01B000205C
:101E600000BD0000012C0BDA00B508F043FE00F0C5
:101E700007F801B000BD7746009809F0D8F8BE46D3
:101E800000B567208000376838586F467760D5F70F
:101E90009DFD00280DD00198806801B409F08BFAEF
:101EA0000820000201306F467760D7F7A1FB01B030
:101EB0000CE00198806801B409F07DFA0820000266
:101EC00005306F467760D7F793FB01B0002000BD67
:101ED000022C0BDA00B508F017FE00F007F802B08C
:101EE00000BD7746009809F0D5F8BE4600B50298C7
:101EF00001B40298406901B40198009909F0F9FF12
:101F000002B01AD0019802994161019840696F4668
:101F10007760D5F75BFD002801D0032000E00520A5
:101F200001B40298006901B4019801B409F02CF8D9
:101F30006F467760D7F75CFB03B0002000BD000060
:101F4000012C0BDA00B508F0D5FD00F007F801B060
:101F500000BD7746009809F09DF8BE4600B501988F
:101F6000006900BD012C0BDA00B508F0C3FD00F0DC
:101F700007F801B000BD7746009809F08BF8BE461F
:101F800000B50198406900BD2C1D03004C1D0300E5
:101F900000B5002001B400F0D5F8032109F098FE47
:101FA0000090009801B4732080003768385801B45D
:101FB000F6F7A4FB02B06F467760D3F7D3FF09F0C2
:101FC00014FFBB4909F0A4FE01B409F07EF86F4686
:101FD0007760D4F7A3FC01B0009801B409F075F85C
:101FE0006F467760D4F79AFC01B06F467760D6F7FA
:101FF000D5FF01B400F004F801B0002001B000BD2D
:1020000000B5002001B402986F467760D5F7DEFC7A
:102010006F467760D4F754FE6F467760D4F772FF4F
:1020200001B46F467760D5F79BFC002802D000987A
:1020300001B014E00098009801B0029801B408F0D3
:102040008FFF6F467760D4F79FFD01B009F0CDFE9A
:1020500001B4C9216F467760D5F758FD01B06F46CE
:102060007760D5F7B3FC002806D0032000029A3031
:102070006F467760D4F7EEFF1D20000137683858AF
:1020800001B400F02FF801B000900098029909F017
:1020900030FF0DD06F467760DDF714FA029801B477
:1020A0001D2000013768385801B400F005F802B06F
:1020B000002001B000BD000000B5019801B40398F4
:1020C00001B408F04DFF6F467760D3F7D3FD01B040
:1020D00001B406BC02B404B4F6F7E2FD02B000207D
:1020E00000BD000000B5002001B4029801B408F062
:1020F00037FF6F467760DDF7BFF901B000900098B9
:102100006F467760D5F762FC6F467760D4F7D8FDED
:102110006F467760D4F7F6FE6F467760D5F756FCCA
:10212000002802D000200BE009E0009801B408F07C
:1021300056FC6F467760D3F719FD01B000E0002030
:1021400001B000BD00B5732080003768385801B475
:10215000F6F7C6FD01B001B46F467760D5F700FC15
:10216000002802D0009801B003E00098009801B068
:10217000012000BD548801000000000081210300FF
:1021800000B53720C000376838586F467760D5F7FC
:102190001DFC002807D03720C0003768385801B42C
:1021A00008F08AFC01B042203768F860002000BDCA
:1021B00000B5019801B408F088FF6F467760D6F744
:1021C00057FC01B0002000BD012C0BDA00B508F06F
:1021D00091FC00F007F801B000BD7746009809F0C7
:1021E00084FCBE4600B5002001B401B401B401B4C2
:1021F0000598006C01B40698406C01B406BC02B4AA
:1022000004B4EAF76FF802B000900598806B0121E2
:1022100009F00BFE31D0059801B401B40198806B30
:1022200001B4FDF7F7F800270297806901B4072190
:102230000902D1316F467760D5F77CF901B001B45E
:102240000198009909F054FD02B001B40198009979
:10225000816303B00598806B012109F0FAFD0BD072
:102260000598C06B012109F0E0FD05D0059801211A
:10227000C1630598052181631CE0059801B401B490
:102280000198C06B032109F023FD01B40198009966
:10229000C16303B00598C06B009909F0EEFD09D049
:1022A00005980099C16305980521816302E000004B
:1022B000102304000598006C012109F0A2FD5FD0F5
:1022C0000598406801B408F0B0FB6F467760D8F716
:1022D000F7FF01B009F089FD01B4032109F06AFD9F
:1022E00001B001B40698006B01B408F039FE6F46E6
:1022F0007760D4F749FC01B009F077FD01B4079885
:10230000806A01B4632108F099FB01B001B401981F
:1023100000996F467760D5F7E1F802B001B4032168
:1023200009F048FD01B001B40198009909F0E0FC02
:1023300002B001900598406801B40698006B01B4A2
:10234000039801B40898C06A01B40998806A01B47E
:102350000027002001B4019801B40297039801B44A
:102360000497152001B4069801B40797089801B4A2
:1023700009970A9801B40B97ECF798FC0CB02EE083
:102380000598406801B40698006B01B4079880690D
:1023900001B40898C06B01B40198009909F0A8FC39
:1023A00002B001B40898C06A01B40998806A01B407
:1023B0000027002001B4019801B40297039801B4EA
:1023C0000497152001B4069801B40797089801B442
:1023D00009970A9801B40B97ECF768FC0CB00598C4
:1023E000406B6F467760D5F7F1FA002800D1B3E073
:1023F0000598806A01B4622108F020FB01B0014613
:10240000152009F065FC052109F062FC0290059891
:10241000406C012109F0F5FC62D00598406801B4D8
:1024200008F003FB6F467760D8F74AFF01B009F068
:10243000DCFC01B4032109F0BDFC01B001B4069835
:10244000406B01B408F08CFD6F467760D4F79CFBBD
:1024500001B009F0CAFC01B40798806A01B4632195
:1024600008F0ECFA01B001B4019800996F4677606A
:10247000D5F734F802B001B4032109F09BFC01B098
:1024800001B40198009909F033FC02B0039005985B
:10249000406801B40698406B01B4059801B40598F2
:1024A00001B40998C06A01B40A98806A01B400278F
:1024B000002001B4019801B40297039801B4049775
:1024C000059801B40697079801B40897099801B4D4
:1024D0000A970B9801B40C97ECF7E8FB0DB03BE0C2
:1024E0000598406801B40698406B01B4079880696C
:1024F00001B40898C06B01B40998406C01B406BCE3
:1025000002B404B4EBF72EFA02B001B401980099BA
:1025100009F0EEFB02B001B4059801B40998C06A55
:1025200001B40A98806A01B40027002001B4019820
:1025300001B40297039801B40497059801B4069773
:10254000079801B40897099801B40A970B9801B449
:102550000C97ECF7ABFB0DB0059801B4F5F78EFACC
:1025600001B0002004B000BD022C0BDA00B508F069
:10257000CBFA00F007F802B000BD7746009809F0EA
:10258000E9F8BE4600B5002000BD0000012C0BDAC2
:1025900000B508F0AFFA00F007F801B000BD7746CB
:1025A000009809F04CFABE4600B50198406900BD9C
:1025B000012C0BDA00B508F09DFA00F007F801B025
:1025C00000BD7746009809F03AFABE4600B501987A
:1025D000006900BD012C0BDA00B508F08BFA00F0A1
:1025E00007F801B000BD7746009809F036FABE46FC
:1025F00000B50198006900BD012C0BDA00B508F0A8
:1026000079FA00F007F801B000BD7746009809F0AC
:1026100024FABE4600B50198C06800BD012C0BDA53
:1026200000B508F067FA00F007F801B000BD774682
:10263000009809F020FABE4600B50198C06800BDB8
:10264000012C0BDA00B508F055FA00F007F801B0DC
:1026500000BD7746009809F01CFABE4600B5019807
:10266000806800BD7746009809F0C0FABE4600B504
:10267000019803994161019804998161059801B419
:10268000039801B4039801B4F9F754FF03B001981B
:10269000012149420161002000BD0000012C0BDA3C
:1026A00000B508F027FA00F007F801B000BD774642
:1026B000009809F09BFABE4600B5002001B401B4B1
:1026C00001B404984068062109F0EBFB0CD0049893
:1026D00001B46F467760D3F731FC09F086FB01B493
:1026E00001980099416002B06F467760D3F726FCED
:1026F00009F07BFB01B40598406801B4019800998A
:1027000009F0F6FA02B00090009801B405988069CB
:1027100001B4019800996F467760D4F70BFF02B0BF
:1027200001B46F467760D4F7D1FF01B001900498EF
:10273000006901B4029801B4019800996F4677606E
:10274000D5F7E0F802B001B46F467760D5F708F925
:10275000002802D1009801B00EE00098009801B066
:102760000498406901B408F04DF96F467760D4F7DA
:10277000E9FB01B009F039FB6F467760D5F726F920
:10278000002868D00498C0686F467760D5F71EF9B6
:102790006F467760D4F794FA6F467760D4F7B2FB50
:1027A00001B46F467760D5F7DBF8002802D10098B6
:1027B00001B018E00098009801B0019801B40598A4
:1027C000406901B408F01EF96F467760D4F7BAFB90
:1027D00001B009F00AFB01B4019800996F467760D7
:1027E000D5F784F902B06F467760D5F7EFF8002887
:1027F00001D0422033E00498406901B4029801B44A
:102800000698406901B408F0FDF86F467760D4F788
:1028100099FB01B009F0E9FA01B4019800996F46FB
:102820007760D4F79DFE02B001B40198009907F0DB
:102830009AFE02B0029004988068806C029909F0B8
:102840006CFB08D0049880680346029801B408B471
:10285000EAF7C5FD02B00498019901610A2003B0AE
:1028600000BD0000012C0BDA00B508F043F900F0C0
:1028700007F801B000BD7746009809F0A2F8BE46FF
:1028800000B5002001B402984068062109F009FB58
:102890000CD0029801B46F467760D3F74FFB09F074
:1028A000A4FA01B401980099416002B0029800694D
:1028B00001B40398406901B40498806801B4059894
:1028C000406801B41EBC02B404B408B410B400F0F3
:1028D00038F804B0009000986F467760D5F776F826
:1028E000002822D00298C0686F467760D5F76EF84E
:1028F0006F467760D4F7E4F96F467760D4F702FB50
:102900006F467760D5F762F8002801D042200DE0CD
:10291000029801B46F467760D3F710FB09F065FAAF
:1029200001B401980099416002B00A2001B000BDD5
:10293000042C0BDA00B508F088F900F007F804B0B1
:1029400000BD7746009809F02EF8BE4600B500207D
:1029500001B401B401B46F467760D3F7EFFA09F020
:1029600044FA079909F0C4F90090009801B4069858
:1029700001B4019800996F467760D4F7DBFD02B08F
:1029800001B46F467760D4F7A1FE01B001900098C2
:1029900001B4069801B4019800996F467760D4F7A6
:1029A000DFFD02B002900498806801B40121494221
:1029B0006F467760D5F7AAF801B001B46F4677602B
:1029C000D4F7CEFF002802D1009801B00EE00098A5
:1029D000009801B00498806801B4029801B401988D
:1029E00000996F467760D5F76FF802B001B46F4673
:1029F0007760D4F7B5FF002802D1009801B00EE04F
:102A00000098009801B00498406801B407F0FAFFFC
:102A10006F467760D4F796FA01B009F0E6F96F4691
:102A20007760D4F7D3FF00282DD00498406801B414
:102A30000598806801B40198009907F094FD02B0F0
:102A40000346059801B4069801B4089801B408B487
:102A5000242108F0D2FF04B0019801B40598406821
:102A600001B407F0CFFF6F467760D4F76BFA01B07F
:102A700009F0BBF901B40198009909F0FEF902B020
:102A800001D0422019E004980199816004984068BF
:102A900001B4029801B40198009907F064FD02B0F6
:102AA0000346059801B4039801B4089801B408B42A
:102AB000242108F0A2FF04B00A2003B000BD0000EA
:102AC000042C0BDA00B508F0C0F800F007F804B0E9
:102AD00000BD7746009808F0A2FFBE4600B5002072
:102AE00000BD0000012C0BDA00B508F003F800F07F
:102AF00007F801B000BD7746009808F0FEFEBE461C
:102B000000B56F467760D3F735FF01B4029840698E
:102B100001B407F077FF6F467760D4F713FA01B07E
:102B200009F063F901B408F047F96F467760D3F70D
:102B300061FF02B001B408F013FAC6496F4677602E
:102B4000D3F758FF01B001B4029840690346C24868
:102B500001B408B4E9F752F802B001B407F052FF2B
:102B60006F467760D4F7EEF901B009F03EF901B491
:102B700008F0EAF96F467760D3F73CFF02B001B482
:102B800008F0EEF9B5496F467760D3F733FF01B02F
:102B900000BD00005488010000000000A12B0300CC
:102BA000012C06DA00B507F0A5FF00F002F801B02D
:102BB00000BD00B501986F467760D4F707FF6F46F8
:102BC0007760D4F77DF86F467760D4F79BF96F464E
:102BD0007760D4F7FBFE6F467760D4F771F86F46E5
:102BE0007760D4F78FF900BD042C0BDA00B508F03C
:102BF0002CF800F007F804B000BD7746009808F004
:102C00006EFEBE4600B5002001B401B401B40598C3
:102C100001B4069807F0CFFFC06801B4019800998D
:102C200007F0C9FF816302B0059801B4069807F068
:102C3000C2FF006901B40198009907F0BCFFC163AD
:102C400002B0059801B4069807F0B5FFC06807996F
:102C500009F03EF801B40198009907F0ACFFC1609B
:102C600002B0059801B4069807F0A5FF006908991D
:102C700009F02EF801B40198009907F09CFF01615A
:102C800002B0FEF725FF07F0A4FFC068009000988F
:102C900001B46F467760D4F763FE002802D1009834
:102CA00001B008E00098009801B0009801B43C2100
:102CB00008F0F7FD01B06F467760D4F787FE002873
:102CC00000D1C3E00498806901B4F8F7FFFF01B0B8
:102CD0000190069801B4F8F7F9FF01B001B4F2F7DA
:102CE0004BFB01B001B4029801B4019800996F4602
:102CF0007760D4F7D7FE02B001B46F467760D4F79F
:102D00002FFE002802D1009801B015E0009800982D
:102D100001B0079801B4F8F7D9FF01B001B4F2F798
:102D20002BFB01B001B4029801B4019800996F46E1
:102D30007760D4F7B7FE02B06F467760D4F746FEEF
:102D400000282ED046486F467760D5F747FF01B47C
:102D5000069801B4079807F02EFF406901B408985F
:102D600007F029FF806901B40EBC089801B40898E7
:102D700001B40A9801B40A9801B402B404B408B4C6
:102D8000079801B402F008F808B001BC029000985E
:102D900001B4039801B4069801B400F003FC03B039
:102DA00054E0059801B4019801B4582108F079FD68
:102DB00002B001B46F467760D4F7D2FD002802D18B
:102DC000009801B017E00098009801B0009801B495
:102DD000069801B4069801B400F054F803B06F46A9
:102DE0007760D4F7F3FD6F467760D3F769FF6F46DE
:102DF0007760D4F787F86F467760D4F7E7FD00284F
:102E000013D0059801B401B4019807F0D4FE406EC8
:102E100002210902013108F088FF01B401980099EC
:102E200007F0C9FE416603B010E0059801B401B493
:102E3000019807F0C0FE406E0A4908F069FF01B42E
:102E40000198009907F0B7FE416603B0002003B077
:102E500000BD0000081E0400942B03001C1E04008B
:102E6000E0F20300FFFDFFFF032C0BDA00B507F0D3
:102E7000CCFE00F007F803B000BD7746009808F0DC
:102E80002EFDBE4600B5002001B401B401B401B46A
:102E900001B401B401B401B401B401B401B401B48A
:102EA00001B40F9801B400F050FA01B06F4677609A
:102EB000D4F78CFD6F467760D3F702FF6F467760DB
:102EC000D4F720F86F467760D4F780FD002804D04F
:102ED0000F9801B4EAF7B1FA01B00F9807F06BFE52
:102EE000806D00901098406801B40099032008F0AC
:102EF00037FF01B001900E9801B4F8F721FF01B03F
:102F000002900F9807F057FE006903900F9807F0A2
:102F100052FEC0680490009801B400F0F8F901B0C6
:102F200001B4F8F7D3FE01B00590009801B400F0A9
:102F3000CAF901B001B4F8F7C9FE01B006900098D3
:102F400001B400F0A2F901B001B4F8F7BFFE01B07E
:102F50000790009801B400F074F901B001B4F8F7DB
:102F6000B5FE01B008900898032108F0B1FE01B445
:102F7000029801B4019800996F467760D4F7F0FA8F
:102F800002B009900998029908F063FF3AD00F98AF
:102F900001B4109807F00FFE006901B40B9801B45A
:102FA000FEF72AFE01B001B4019802BC01B008F09E
:102FB0009FFE01B40198009907F0FDFD016102B088
:102FC0000F9801B4119801B4582108F06AFC02B0BE
:102FD0006F467760D4F7FAFC6F467760D3F770FEE0
:102FE0006F467760D3F78EFF6F467760D4F7EEFCBD
:102FF000002802D0422019E104E00F98039907F05D
:10300000DAFD0161079801B4029801B401980099B2
:103010006F467760D4F78EFA02B001B46F467760DE
:10302000D4F754FB01B0032108F052FE01B402981A
:1030300001B4019800996F467760D4F74FFA02B057
:10304000079908F055FE0A900A98029908F001FFC6
:103050003AD00F9801B4109807F0ADFD006901B4A3
:103060000C9801B4FEF7C8FD01B001B4019802BC90
:1030700001B008F02DFE01B40198009907F09BFD06
:10308000016102B00F9801B4119801B4582108F001
:1030900008FC02B06F467760D4F798FC6F46776003
:1030A000D3F70EFE6F467760D3F72CFF6F4677603D
:1030B000D4F78CFC002802D04220B7E004E00F983F
:1030C000039907F078FD01610698032108F000FEDE
:1030D00001B4029801B4019800996F467760D4F763
:1030E0003FFA02B00B900B98029908F0B2FE3AD06A
:1030F0000F9801B4109807F05EFDC06801B40D98F8
:1031000001B4FEF779FD01B001B4019802BC01B031
:1031100008F0EEFD01B40198009907F04CFDC16084
:1031200002B00F9801B4119801B4582108F0B9FB0E
:1031300002B06F467760D4F749FC6F467760D3F7EB
:10314000BFFD6F467760D3F7DDFE6F467760D4F73B
:103150003DFC002802D0422068E004E00F9804996A
:1031600007F029FDC160059801B4029801B40198E7
:1031700000996F467760D4F7DDF902B001B46F466D
:103180007760D4F7A3FA01B0032108F0A1FD01B4E0
:10319000029801B4019800996F467760D4F79EF9C0
:1031A00002B0059908F0A4FD0C900C98029908F063
:1031B00050FE3AD00F9801B4109807F0FCFCC0689C
:1031C00001B40E9801B4FEF717FD01B001B40198E7
:1031D00002BC01B008F07CFD01B40198009907F031
:1031E000EAFCC16002B00F9801B4119801B45821F3
:1031F00008F057FB02B06F467760D4F7E7FB6F46E5
:103200007760D3F75DFD6F467760D3F77BFE6F463F
:103210007760D4F7DBFB002802D0422006E004E010
:103220000F98049907F0C7FCC1600A200DB000BDDB
:10323000012C0BDA00B507F05DFC00F007F801B0D7
:1032400000BD7746009807F002FFBE4600B5019822
:10325000C06901B4029801B400F01CF801B001B4D7
:10326000019802BC01B008F033FD022109020131CE
:1032700008F03EFD00BD0000012C0BDA00B507F0A0
:1032800039FC00F007F801B000BD7746009807F060
:10329000DEFEBE4600B50198406901B40298C068E0
:1032A00007F089FC006901B4019802BC01B008F084
:1032B0000FFD00BD012C0BDA00B507F01BFC00F080
:1032C00007F801B000BD7746009807F0C0FEBE4683
:1032D00000B50198806901B4029801B400F01CF8AF
:1032E00001B001B4019802BC01B008F0F1FC022168
:1032F0000902013108F0FCFC00BD0000012C0BDAD2
:1033000000B507F0F7FB00F007F801B000BD774605
:10331000009807F09CFEBE4600B50198006901B414
:103320000298C06807F047FCC06801B4019802BC6D
:1033300001B008F0CDFC00BD012C0BDA00B507F0A0
:10334000D9FB00F007F801B000BD7746009807F000
:1033500032FCBE4600B50198806C01B407F065FBF5
:103360006F467760D7F7BCFF01B06F467760D3F741
:10337000C9FD00BD022C0BDA00B507F0C5FB00F05B
:1033800007F802B000BD7746009807F0BFFFBE46C1
:1033900000B5002001B401B401B401B401B401B41A
:1033A00001B4099807F007FC806D0090009801B403
:1033B000FFF7ADFF01B001B40998406801B406BC45
:1033C00002B404B400F0D2F802B00190009801B445
:1033D000FFF779FF01B001B40998406801B406BC59
:1033E00002B404B400F0C2F802B00290009801B434
:1033F000FFF74BFF01B001B40998406801B406BC67
:1034000002B404B400F0B2F802B00390009801B422
:10341000FFF717FF01B001B40998406801B406BC7A
:1034200002B404B400F0A2F802B004900198059030
:103430000598029908F00DFD24D00398069006988F
:10344000049908F006FD17D0069801B4069801B457
:103450000A9801B4502107F02BFE03B06F46776045
:10346000D4F7B4FA002801D042200CE006980321DA
:1034700008F02EFC0690E2E70598032108F028FCEE
:103480000590D5E70A2007B000BD0000032C0BDA39
:1034900000B507F0BAFB00F007F803B000BD7746AF
:1034A000009807F033FFBE4600B5019801B43C21F7
:1034B00007F0FEFD01B06F467760D4F787FA6F46DC
:1034C0007760D3F7FDFB6F467760D3F71BFD6F4640
:1034D0007760D4F77BFA002801D00A201DE001981C
:1034E000C0680346039801B4039801B408B4EEF72A
:1034F00022FE03B06F467760D4F768FA002801D047
:1035000042200AE00198C0680346039801B403987A
:1035100001B408B400F00BF803B000BD032C0BDAC3
:1035200000B507F072FB00F007F803B000BD774666
:10353000009807F009FFBE4600B50198806801B405
:10354000039801B4059801B407F08FFD6F467760CA
:10355000D7F7F6FE03B008F048FC01B405216F462A
:103560007760D4F721F901B000BD000000B50198E3
:1035700001B40398112108F0ABFB01B40198009944
:1035800008F018FC02B000BD032C0BDA00B507F000
:103590003CFB00F007F803B000BD7746009808F048
:1035A0009EF9BE4600B5002001B401B401B401B4D7
:1035B00001B401B401B401B401B401B401B401B463
:1035C00001B401B401B401B401B401B401B401B453
:1035D00001B401B401B401B401B401B401B401B443
:1035E00001B401B401B4219808F00EFB40680090CA
:1035F000009807F0E0FA406E02210902013108F05C
:1036000087FB6F467760D4F7E1F900282AD000984D
:1036100001B4239801B4582108F043F902B06F4671
:103620007760D4F7D3F96F467760D3F749FB6F46DD
:103630007760D3F767FC6F467760D4F7C7F9002847
:1036400010D0009801B401B4019807F0B4FA406EAC
:10365000C04908F05DFB01B40198009907F0ABFA8E
:10366000416603B0009801B4FFF76FFE01B06F46EA
:103670007760D4F7ABF96F467760D3F721FB6F46DD
:103680007760D3F73FFC6F467760D4F79FF9002847
:1036900004D0009801B4E9F7D0FE01B0009807F01B
:1036A0008AFA806D0190229840680290029801B4D5
:1036B0000099032008F054FB01B00390009807F034
:1036C0007AFAC06801B4019807F075FA806B01B40A
:1036D000019802BC01B008F00BFB0490009807F0C1
:1036E0006AFA006901B4019807F065FAC06B01B489
:1036F000019802BC01B008F0FBFA0590009807F0B1
:103700005AFA406E16210902053108F001FB6F4696
:103710007760D4F75BF96F467760D3F7D1FA6F46DD
:103720007760D3F7EFFB6F467760D4F74FF9002847
:1037300001D100F0F0FC0498012108F0EEFB00D16B
:1037400076E2049801B401216F467760D4F7DEF980
:1037500001B0069006986F467760D4F737F90028D5
:103760000AD0019801B4FFF7AEFD01B002210902B1
:10377000013108F0ADFA09E0019801B4FFF7C7FD87
:1037800001B002210902013108F0B2FA0121090257
:10379000013108F09DFA0346029801B408B4FFF71E
:1037A000E5FE02B007906F467760D3F7C1FB089043
:1037B000019801B4FFF769FD01B0059908F098FA86
:1037C0000990099801B4049801B4039801B4FFF773
:1037D00038FD01B0079908F08BFA01B406BC02B4B9
:1037E00004B401F0CDFA02B001B40198009908F0D8
:1037F00008FB02B071D0099801B4029801B4FFF738
:1038000020FD01B0069908F073FA01B406BC02B4B9
:1038100004B401F0A7FA02B001210902013108F055
:1038200057FA0346029801B408B4FFF79FFE02B0AE
:103830000A900A9801B4089801B4249801B4502160
:1038400008F02FF803B06F467760D4F7BFF8002870
:103850003AD00A9801B4089801B4249801B45421CC
:1038600008F01FF803B00B9001203B496F467760CA
:10387000D5F786F901B400210C9A6F467760D3F72B
:10388000CFFB0098099801B401F094F902B06F469B
:103890007760D4F79BF86F467760D3F711FA6F46DD
:1038A0007760D3F72FFB6F467760D4F78FF8002847
:1038B0000AD0089801B40C9801B407F01FF96F46BC
:1038C0007760D3F745FB02B0099801B4049801B4BE
:1038D00001F056FA02B0099073E7089801B407F0B6
:1038E00091F86F467760D3F72DFB01B008F07DFAB1
:1038F0006F467760D4F76AF8002800D198E10698FF
:103900006F467760D4F762F8002801D0052000E008
:1039100001200C9006986F467760D4F757F800287E
:103920001CD0079801B4039801B40198009908F0DD
:1039300017FA02B001B4FEF75FF901B001B40298C2
:1039400007F085FB806901B4019802BC01B008F062
:10395000CFF913E0FFFDFFFF584303000798032151
:1039600008F0B6F901B4039801B40198009908F081
:10397000F7F902B001B4FEF73FF901B001B40198C4
:1039800001B4039807F063FB006901B4029802BC1C
:103990000027019708F0ACF901B40198009907F0ED
:1039A0000AF9C16003B000200D9008980E90012024
:1039B0000F900F9801B40F986F467760D3F7C2FA53
:1039C00008F013FA01B4019800996F467760D4F7B4
:1039D00055F802B0002839D00E9801B4109808F0BC
:1039E000FAF901B4019800996F467760D3F7BAFAF3
:1039F00002B00D90009807F0DEF8406E1621090223
:103A0000053108F085F96F467760D3F7DFFF6F4621
:103A10007760D3F755F96F467760D3F773FA6F463F
:103A20007760D3F7D3FF00280AD0229801B40E980C
:103A300001B40E9801B4039801B400F04CFF04B037
:103A40000F98032108F044F90F90B2E700200E9080
:103A5000009807F0B0F8406E212108F059F96F4640
:103A60007760D3F7B3FF002809D0002001B400200D
:103A700001B4029801B4F0F782FC03B0D8E00098DA
:103A800007F099F8406901B4229808F0BDF8806801
:103A900001B40198009908F018FA02B000D1A2E030
:103AA000009807F088F8406E412108F031F96F4620
:103AB0007760D3F78BFF002800D189E006986F4626
:103AC0007760D3F783FF6F467760D3F7F9F86F46D7
:103AD0007760D3F717FA01B46F467760D3F740FFEA
:103AE000002802D1009801B00EE00098009801B0C3
:103AF000009801B4E7F7F3FE01B001B401216F466D
:103B00007760D3F7E1FF01B001B46F467760D3F778
:103B100027FF002802D0009801B01CE00098009810
:103B200001B0069801B46F467760D3F719FF0028FB
:103B300002D1009801B00EE00098009801B0009802
:103B400001B4E7F7CCFE01B001B401216F46776004
:103B5000D3F7DCFF01B06F467760D3F737FF00285B
:103B600035D0009801B4019807F025F8406901B4F8
:103B7000012002BC08F0BCF801B40198009907F0DC
:103B80001AF8416102B0219801B4229808F03CF87B
:103B9000806901B4012002BC08F0AAF801B40198C0
:103BA000009908F031F8816102B0219801B422989F
:103BB00008F02AF8006901B4012002BC08F098F866
:103BC00001B40198009908F01FF8016102B009E002
:103BD0002198012108F018F801610098012106F0F0
:103BE000EAFF416124E0009806F0E5FF406901B476
:103BF000F8F76CF801B001B400F052FE01B001B466
:103C0000229808F001F8806801B4F8F75FF801B075
:103C100001B400F045FE01B001B40198009908F02C
:103C200054F902B004D02198012107F0EDFF0161A1
:103C30000598012108F071F900D16CE2059801B4F2
:103C400001216F467760D3F761FF01B010901098A3
:103C50006F467760D3F7BAFE00280AD0019801B406
:103C6000FFF7EFFA01B002210902013108F030F844
:103C700009E0019801B4FFF708FB01B00221090235
:103C8000013108F035F801210902013108F020F86E
:103C90000346029801B408B4FFF768FC02B0119023
:103CA0006F467760D3F744F91290019801B4FFF79B
:103CB0002EFB01B01390139801B4049801B403983B
:103CC00001B4FFF700FB01B001B406BC02B404B4B8
:103CD00001F056F802B001B40198009908F091F88B
:103CE00002B06ED0139801B4029801B4FFF7EBFA5A
:103CF00001B001B406BC02B404B401F033F802B060
:103D000001210902013107F0E3FF0346029801B4E3
:103D100008B4FFF72BFC02B01490119801B4159869
:103D200001B4249801B4502107F0BBFD03B06F46E5
:103D30007760D3F74BFE00283AD0119801B415985C
:103D400001B4249801B4542107F0ABFD03B01590E1
:103D50000120BC496F467760D4F712FF01B40021FF
:103D6000169A6F467760D3F75BF90098139801B401
:103D700000F020FF02B06F467760D3F727FE6F4652
:103D80007760D2F79DFF6F467760D3F7BBF86F4639
:103D90007760D3F71BFE00280AD0129801B416985A
:103DA00001B406F0ABFE6F467760D3F7D1F802B0EE
:103DB000139801B4049801B400F0E2FF02B013902C
:103DC00079E7129801B406F01DFE6F467760D3F7CD
:103DD000B9F801B008F009F86F467760D3F7F6FD3F
:103DE000002800D197E110986F467760D3F7EEFD79
:103DF000002801D0072000E00320169010986F469D
:103E00007760D3F7E3FD002818D0119801B4039828
:103E100001B40198009907F0A3FF02B001B4FDF7C7
:103E2000EBFE01B001B4029807F011F9C06901B4CA
:103E3000019802BC01B007F05BFF0FE0119803216D
:103E400007F046FF01B4039801B40198009907F008
:103E500087FF02B001B4FDF7CFFE01B001B40198B5
:103E600001B4039807F0F3F8406901B4029802BC6A
:103E70000027019707F03CFF01B40198009906F074
:103E80009AFE016103B0002017901298189001204B
:103E90001990199801B419986F467760D3F752F8C2
:103EA00007F0A3FF01B4019800996F467760D3F73C
:103EB000E5FD02B0002839D0189801B41A9807F02F
:103EC0008AFF01B4019800996F467760D3F74AF8EA
:103ED00002B01790009806F06EFE406E162109029F
:103EE000053107F015FF6F467760D3F76FFD6F461A
:103EF0007760D2F7E5FE6F467760D3F703F86F4639
:103F00007760D3F763FD00280AD0229801B418988F
:103F100001B4189801B4039801B400F0DCFC04B0BB
:103F20001998032107F0D4FE1990B2E700201890E9
:103F3000009806F040FE406E212107F0E9FE6F4632
:103F40007760D3F743FD002809D0002001B400209A
:103F500001B4029801B4F0F712FA03B0DBE0009864
:103F600006F029FE806901B4229807F04DFEC06872
:103F700001B40198009907F0A8FF02B000D1A5E0B4
:103F8000009806F018FE406E412107F0C1FE6F4612
:103F90007760D3F71BFD002800D18CE010986F46A6
:103FA0007760D3F713FD6F467760D2F789FE6F46CF
:103FB0007760D2F7A7FF01B46F467760D3F7D0FCE4
:103FC000002802D1009801B00EE00098009801B0DE
:103FD000009801B4FBF7D3F801B001B401216F469A
:103FE0007760D3F771FD01B001B46F467760D3F706
:103FF000B7FC002802D0009801B01CE0009800989F
:1040000001B0109801B46F467760D3F7A9FC00287F
:1040100002D1009801B00EE00098009801B000981D
:1040200001B4FBF7ACF801B001B401216F46776031
:10403000D3F76CFD01B06F467760D3F7C7FC00285B
:1040400002D137E09C430300009801B4019806F0C8
:10405000B2FD806901B4012002BC07F049FE01B441
:104060000198009906F0A7FD816102B0219801B482
:10407000229807F0C9FDC06901B4012002BC07F015
:1040800037FE01B40198009907F0BEFDC16102B08E
:10409000219801B4229807F0B7FD406901B40120CE
:1040A00002BC07F025FE01B40198009907F0ACFDB1
:1040B000416102B009E02198012107F0A5FD4161AD
:1040C0000098012106F077FD816124E0009806F058
:1040D00072FD806901B4F7F7F9FD01B001B400F099
:1040E000DFFB01B001B4229807F08EFDC06801B477
:1040F000F7F7ECFD01B001B400F0D2FB01B001B460
:104100000198009907F0E1FE02B004D02198012146
:1041100007F07AFD4161009806F04DFD406E0C21DC
:104120000902053107F0F4FD6F467760D3F74EFCC6
:104130006F467760D2F7C4FD6F467760D2F7E2FE34
:104140006F467760D3F742FC002800D100E16F464C
:104150007760D2F7EDFE1A90019801B4FFF7D7F817
:1041600001B01B901B9801B4049801B4039801B4EA
:10417000FFF7A9F801B001B406BC02B404B400F022
:10418000FFFD02B001B40198009907F03AFE02B0B9
:1041900000D1C3E01B9801B4029801B4FFF793F873
:1041A00001B001B406BC02B404B400F0DBFD02B0FF
:1041B00001210902013107F08BFD0346029801B489
:1041C00008B4FFF7D3F902B01C90019801B4FFF7CF
:1041D0005CF801B01D901D9801B4049801B40398D7
:1041E00001B4FFF72EF801B001B406BC02B404B468
:1041F00000F0C6FD02B001B40198009907F001FE7D
:1042000002B000D181E01D9801B4029801B4FFF71B
:1042100018F801B001B406BC02B404B400F0A2FD69
:1042200002B001210902013107F052FD0346029854
:1042300001B408B4FFF79AF902B01E901E9801B4B9
:104240001D9801B4249801B4502107F02AFB03B053
:104250006F467760D3F7BAFB6F467760D2F730FDD1
:104260006F467760D2F74EFE01B46F467760D3F7A2
:1042700077FB002802D0009801B023E00098009856
:1042800001B0009806F097FC406E10210902013140
:1042900007F03EFD6F467760D3F798FB6F46776077
:1042A000D2F70EFD6F467760D2F72CFE6F4677602F
:1042B000D3F78CFB6F467760D2F702FD6F467760CD
:1042C000D2F720FE6F467760D3F780FB002813D02B
:1042D0001A9801B41F9801B41E9801B4259801B42E
:1042E000402107F0DEFA03B001B406F007FC6F4688
:1042F0007760D2F72DFE02B01D9801B4049801B486
:1043000000F03EFD02B01D9065E71B9801B40498D3
:1043100001B400F035FD02B01B9023E71A9801B4F8
:1043200006F070FB6F467760D2F70CFE01B007F025
:104330005CFD6F467760D3F749FB002808D01A98D8
:1043400001B4019801B4229801B400F057F803B009
:1043500000201FB000BD00005488010000000000D4
:1043600065430300012C06DA00B506F0C3FB00F03C
:1043700002F801B000BD00B5019807F053FCC06819
:1043800001B4E86807F04EFCC06801B401980099D8
:104390006F467760D3F708FA02B000BD5488010079
:1043A00000000000A9430300012C06DA00B506F066
:1043B000A1FB00F002F801B000BD00B5019807F0C4
:1043C00031FCC06801B4E86807F02CFCC06801B497
:1043D000019800996F467760D3F7E6F902B000BD07
:1043E000032C0BDA00B506F010FC00F007F803B060
:1043F00000BD7746009807F072FABE4600B500206F
:1044000001B401B401B401B401B46F467760D2F7CE
:104410008FFD0090002001900898029001200390E9
:10442000039801B403986F467760D2F78BFD07F0CD
:10443000DCFC01B4019800996F467760D3F71EFB4E
:1044400002B0002800D17EE0029801B4049807F081
:10445000C2FC01B4019800996F467760D2F782FDE3
:1044600002B001900120BF496F467760D4F788FB06
:1044700001B40021029A6F467760D2F7D1FD00980F
:10448000019801B400F096FB02B06F467760D3F755
:104490009DFA002800D050E0009801B4029801B4C1
:1044A00006F02CFB6F467760D2F752FD02B0FDF7A5
:1044B0000FFB06F08EFB806B049004986F467760CC
:1044C000D3F784FA002838D00220A7496F467760D6
:1044D000D4F756FB01B40021089A6F467760D2F7F3
:1044E0009FFD00980121029A6F467760D2F798FDF0
:1044F00002209E496F467760D4F742FB01B4002149
:10450000099A6F467760D2F78BFD00980121039AD4
:104510006F467760D2F784FD019801B4079801B423
:10452000E7F76CFB02B000270197034601BC01B01E
:1045300001B408B4E7F7AEFB02B00398032107F01B
:10454000C7FB03906CE700200290002005B000BD7F
:1045500054880100000000005D450300012C06DACC
:1045600000B506F0C7FA00F002F801B000BD00B5D2
:104570000198806801B4E868806801B401980099E6
:104580006F467760D3F710F902B001B46F467760D9
:10459000D3F7E6F9002802D1009801B00FE00098A7
:1045A000009801B00198406801B4E868406801B41F
:1045B000019800996F467760D3F7F6F802B000BD16
:1045C0005488010000000000CD450300012C06DAEC
:1045D00000B506F08FFA00F002F801B000BD00B59A
:1045E000019807F070F9406801B4E868006B01B405
:1045F000019800996F467760D3F77CF902B001B457
:104600006F467760D3F7ACF9002802D1009801B06B
:1046100018E00098009801B0019807F054F98068FC
:1046200001B4286901B400F02BF801B001B406F020
:1046300012FE6F467760D7F773F902B06F46776066
:10464000D2F760FC00BD00005488010000000000AB
:1046500055460300012C06DA00B506F04BFA00F0CF
:1046600002F801B000BD00B5286901B4E86801B4E2
:10467000039801B4BB2106F01DFF03B0002000BD6C
:1046800000B5002001B4FDF723FA009002986F46B0
:104690007760D3F79BF96F467760D2F711FB6F46CF
:1046A0007760D2F72FFC01B46F467760D3F758F9E3
:1046B000002802D0009801B012E00098009801B0E4
:1046C000009806F086FAC0686F467760D3F77EF9E7
:1046D0006F467760D2F7F4FA6F467760D2F712FC34
:1046E0006F467760D3F772F9002805D020486F46EF
:1046F0007760D8F735FE11E0009806F06AFAC068D6
:1047000001B4039801B400F014F801B001B406BC80
:1047100002B404B45C2107F0C4F802B001B000BDDB
:10472000012C0BDA00B506F0E5F900F007F801B04E
:1047300000BD7746009807F083FABE4600B50198A1
:10474000C06801B40298806801B40398406801B45D
:104750000EBC02B404B408B4442107F0A2F803B0BC
:1047600000BD000050450300C0450300484603005B
:1047700040470400032C0BDA00B506F046FA00F0BF
:1047800007F803B000BD7746009806F0BFFDBE46AF
:1047900000B5019801B4242106F08AFC01B003465B
:1047A000039801B4039801B408B4EDF778FC03B0A2
:1047B00000BD0000022C0BDA00B506F0A5F900F0F0
:1047C00007F802B000BD7746009806F09FFDBE4690
:1047D00000B5019801B4242106F06AFC01B003463B
:1047E000029801B408B4EDF792FB02B000BD0000DE
:1047F000012C0BDA00B506F07DF900F007F801B0E6
:1048000000BD7746009807F01BFABE4600B5019838
:10481000406800BD012C0BDA00B506F06BF900F022
:1048200007F801B000BD7746009807F009FABE46C8
:1048300000B50198806800BD032C0BDA00B506F0C6
:10484000E4F900F007F803B000BD7746009806F0E1
:104850005DFDBE4600B5C4486F467760D4F7BEF92B
:1048600001B4029801B4059801B4059801B4039805
:1048700001B400F003F804B001BC00BD7746009815
:1048800007F0DEF9BE4600B50198029981600198F3
:104890000399416001980499C160002000BD0000A7
:1048A00000B50198012107F0FCFA01D0012008E0D1
:1048B0000198012107F0B9FA01D0032001E001209D
:1048C000404200BD042C0BDA00B506F0BEF900F042
:1048D00007F804B000BD7746009806F06CF9BE46B4
:1048E00000B5002001B401B401B401B40598C06C56
:1048F00001B4079801B4099801B402980199009A8B
:1049000005F07CFE03B0FDF7E3F806F062F9C06B3A
:1049100001B4089801B4CB21490006F08FF801B02A
:1049200001B40198009905F01EFE02B00090FDF759
:10493000CFF806F04EF9006C019000986F46776052
:10494000D3F744F800282AD0012088496F467760C1
:10495000D4F716F901B40021069A6F467760D2F7B2
:104960005FFB012082496F467760D4F709F901B4F3
:104970000021079A6F467760D2F752FB019801B485
:10498000039801B4E7F73AF902B00027019703460C
:1049900001BC01B001B408B4E7F77CF902B001989A
:1049A0006F467760D3F712F8002800D17EE00898B0
:1049B00001B46F467760D2F7D3FF002802D0009889
:1049C00001B007E00098009801B0FDF781F806F00B
:1049D00000F9C0680890012066496F467760D4F7F7
:1049E000CFF801B40021069A6F467760D2F718FB22
:1049F0000098029801B4E7F701F902B0029002981A
:104A000001B405F0FFFF6F467760D2F79BFA01B063
:104A100007F0EBF96F467760D2F7D8FF002845D052
:104A2000089801B4089801B4E82106F007F801B02D
:104A300001B40A98406801B40198009907F0BAF9E6
:104A400002B001B4099801B4D121490005F0F6FF84
:104A500001B001B40B98406801B40198009907F0C7
:104A6000A9F902B001B40EBC02B404B408B44021E8
:104A700006F017FF03B0039002203F496F467760AE
:104A8000D4F77EF801B40021069A6F467760D2F71A
:104A9000C7FA00980121049A6F467760D2F7C0FAEE
:104AA0000098039801B4E7F7F5F802B0002004B0CD
:104AB00000BD00005488010000000000C14A03004E
:104AC000012C06DA00B506F015F800F002F801B086
:104AD00000BD00B5019806F0DBF8406801B4E86855
:104AE000006B01B4019800996F467760D2F702FF1E
:104AF00002B000BD5488010000000000014B03001B
:104B0000012C06DA00B505F0F5FF00F002F801B05F
:104B100000BD00B5E86801B4029801B4BB2106F0FD
:104B2000C5F802B0002000BD54880100000000005C
:104B3000354B0300012C06DA00B505F0DBFF00F071
:104B400002F801B000BD00B5019806F0BCFE406857
:104B500001B4E868006B01B4019800996F46776072
:104B6000D2F7C8FE02B000BD5CF30300B44A0300F4
:104B7000F44A0300284B03007C4B030054880100D7
:104B800000000000894B0300012C06DA00B505F097
:104B9000B1FF00F002F801B000BD00B5286901B412
:104BA000E86801B4039801B4BB2106F083FC03B0AC
:104BB000002000BD00B5002001B401B4039801B489
:104BC00005F020FF6F467760D2F7BCF901B007F01F
:104BD0000CF90090012001900198009907F011F95B
:104BE00022D0049801B4049801B4039801B4019848
:104BF000009905F0B8FC02B001B406BC04B40298F8
:104C000001B402B4029806F0B1F803B06F467760C1
:104C1000D2F7DCFE002801D0422006E001980321F3
:104C200007F056F80190D7E70A2002B000BD000057
:104C3000032C0BDA00B505F0E8FF00F007F803B02D
:104C400000BD7746009806F061FBBE4600B5002027
:104C500001B401B40398C0680346059801B40598EF
:104C600001B408B4EDF767FA03B06F467760D2F786
:104C7000ADFE002801D001200AE00398C068034679
:104C8000059801B4059801B408B4EDF708FA03B02B
:104C900000900398C0680346009801B408B4EDF78B
:104CA00036F902B00190D0486F467760D3F796FF8F
:104CB00001B4029801B4079801B40698406801B4A1
:104CC0000198009907F04CF802B001B4079801B4BC
:104CD0000798406801B40198009907F041F802B0C4
:104CE00001B4079801B4382106F0E2F901B001B42B
:104CF0001EBC019801B402B404B408B410B4059801
:104D000001B400F017F806B001BC02B000BD00000D
:104D1000012C0BDA00B505F0EDFE00F007F801B04C
:104D200000BD7746009806F0F1FABE4600B501983E
:104D3000806800BD7746009806F074FFBE4600B557
:104D40000198029981600198059941600198039941
:104D5000016101980499416101980699C1600020A0
:104D600000BD000000B50198029907F04AF802D092
:104D7000019803E001E0029800E0002000BD00007F
:104D800000B5019801B4112106F0EAFF01B00299C3
:104D900006F09EFF00BD00007746009806F034FF45
:104DA000BE4600B50198029941600198039981605F
:104DB00001980499C16001980599016101980699CB
:104DC000416101980799816101980899C1610020AA
:104DD00000BD0000022C0BDA00B505F095FE00F0D6
:104DE00007F802B000BD7746009806F078FDBE4691
:104DF00000B5002001B401B401B401B401B401B4A0
:104E000001B401B401B401B401B401B401B401B4FA
:104E100001B401B401B401B4149801B4072109022A
:104E2000D1316F467760D2F759FB01B001B4C92088
:104E300001B4E8F797FD02B00090009801B406F0C5
:104E400044F902216F467760D2F76EF801B006F0A0
:104E5000CCFF0190FCF73CFE0290029805F0B9FEF1
:104E6000C0680390032061496F467760D3F788FEDE
:104E700001B40021149A6F467760D2F7D1F80098F8
:104E80000121019A6F467760D2F7CAF80098022193
:104E9000029A6F467760D2F7C3F8149840680346C9
:104EA000009808B401F096FE02B004901398406890
:104EB00003464F4801B408B4E6F7ECFE02B013987D
:104EC000806801B401F09FFB01B01398806801B4C1
:104ED0001498406801B406BC02B404B401F083FA2B
:104EE00002B01398C06801B41498406901B406BCBC
:104EF00002B404B401F04AFA02B00346009801B4C7
:104F000008B4F6F7DFFA02B0034607200002D130FA
:104F100001B408B401F04EFA02B001B4F6F7D6FEBF
:104F200001B00590029805F054FE006B0346002086
:104F300001B4002001B408B4F0F766FF03B0069096
:104F4000012007906F467760D1F7F2FF01B401B4FA
:104F5000069801B4019800996F467760D1F7F8FF81
:104F600002B06F467760D1F7E3FF01B40099019872
:104F70006F467760D1F7ECFF01B001BC08900120CB
:104F80000990099801B4069801B4019800996F46F8
:104F90007760D2F799FD02B001B46F467760D2F71F
:104FA000DFFC002802D1009801B023E000980098AF
:104FB00001B0089801B4089801B40198009905F06F
:104FC000D2FA02B001B405F01DFD6F467760D1F74B
:104FD000B9FF01B006F009FF01B401216F46776007
:104FE000D2F7EAFB01B005E0E0F30300F05503005F
:104FF000285603006F467760D2F7E8FC002800D1FE
:10500000F2E2089801B4089801B40198009905F0FB
:10501000AAFA02B00A900798032106F093FE0790BF
:10502000089801B4089801B40198009905F09BFA1A
:1050300002B00B9000200C900A980D9001200E9069
:105040000E9801B40E986F467760D1F77BFF06F09B
:10505000CCFE01B4019800996F467760D2F70EFD3F
:1050600002B0002800D193E20D9801B40F9806F029
:10507000B2FE01B4019800996F467760D1F772FFD4
:1050800002B00C900C9806F0BFFD40680F900C9891
:1050900006F0BAFD806801B4109805F08CFD4069F7
:1050A00001B40198009906F038FF02B000D197E0F2
:1050B0000F9805F080FD4069012106F0F2FE05D051
:1050C0000C98012106F0A0FD01617CE00F9805F02D
:1050D00072FD406901B401216F467760D2F7F4FC9C
:1050E00001B001B46F467760D2F73AFC002802D1D4
:1050F000009801B00DE00098009801B00C9806F0FF
:1051000083FD806801B401216F467760D2F7FEFC11
:1051100001B001B46F467760D2F722FC002802D0BC
:10512000009801B025E00098009801B00F9805F0B4
:1051300042FD406901B401216F467760D2F7E6FC79
:1051400001B001B46F467760D2F70AFC002802D1A3
:10515000009801B00DE00098009801B00C9806F09E
:1051600053FD806801B401216F467760D2F7ACFC33
:1051700001B06F467760D2F729FC002823D00C9845
:1051800001B40D9806F040FD006901B4012002BC95
:1051900006F0AEFD01B40198009906F035FD0161FD
:1051A00002B00C9801B40D9806F02EFD806901B490
:1051B000012002BC06F09CFD01B40198009906F0A4
:1051C00023FD816102B00C9801B4109805F0F3FC46
:1051D000406901B40198009906F016FD816002B0A3
:1051E0000C9806F011FDC06801B4109805F0E3FCBE
:1051F000806901B40198009906F08FFE02B000D1D9
:1052000097E00F9805F0D7FC8069012106F049FE70
:1052100005D00C98012106F0F7FC41617CE00F9865
:1052200005F0C9FC806901B401216F467760D2F7AF
:105230004BFC01B001B46F467760D2F791FB0028B8
:1052400002D1009801B00DE00098009801B00C98D0
:1052500006F0DAFCC06801B401216F467760D2F72E
:1052600055FC01B001B46F467760D2F779FB002896
:1052700002D0009801B025E00098009801B00F9886
:1052800005F099FC806901B401216F467760D2F77F
:105290003DFC01B001B46F467760D2F761FB002896
:1052A00002D1009801B00DE00098009801B00C9870
:1052B00006F0AAFCC06801B401216F467760D2F7FE
:1052C00003FC01B06F467760D2F780FB002823D043
:1052D0000C9801B40D9806F097FC406901B40120C8
:1052E00002BC06F005FD01B40198009906F08CFCA3
:1052F000416102B00C9801B40D9806F085FCC069BC
:1053000001B4012002BC06F0F3FC01B4019800993D
:1053100006F07AFCC16102B00C9801B4109805F057
:105320004AFC806901B40198009906F06DFCC160E7
:1053300002B00C9806F068FC806901B4E8F76CF9DB
:1053400001B001B40D9806F05FFC006901B4E8F704
:1053500063F901B001B40198009906F066FD02B04E
:1053600004D00C9806F050FC006903E00C9806F09D
:105370004BFC806910900C9806F046FCC06901B4A3
:10538000E8F74AF901B001B40D9806F03DFC406918
:1053900001B4E8F741F901B001B40198009906F0B1
:1053A00044FD02B004D00C9806F02EFC406903E0E6
:1053B0000C9806F029FCC06911900C9801B40D9866
:1053C00006F022FC0069119906F092FC01B40198E4
:1053D000009906F019FC016102B00C9801B40D9817
:1053E00006F012FC4069129906F082FC01B40198A3
:1053F000009906F009FC416102B00F9801B41098C1
:1054000005F0D9FBC06801B40198009905F0D3FB01
:10541000816302B00F9801B4109805F0CCFB0069CD
:1054200001B40198009905F0C6FBC16302B00F9862
:1054300001B4109805F0BFFBC068119906F048FC54
:1054400001B40198009905F0B6FBC16002B00F9855
:1054500001B4109805F0AFFB0069129906F038FC12
:1054600001B40198009905F0A6FB016102B00F9804
:1054700005F0A1FB406E24210902053106F048FC2D
:105480006F467760D2F7A2FA6F467760D1F718FCC3
:105490006F467760D1F736FD6F467760D2F796FAA0
:1054A000002808D01398806803460F9801B408B408
:1054B00000F037FE02B0039801B46F467760D2F770
:1054C0004FFA002802D1009801B008E00098009837
:1054D00001B0039801B43C2106F0E3F901B06F4636
:1054E0007760D2F773FA002808D0039801B40D98BA
:1054F00001B4159801B4FEF755F803B00C9806F006
:1055000083FB006901B4E8F787F801B001B437689C
:10551000386A01B4019800996F467760D2F7F6FABD
:1055200002B001B46F467760D2F71AFA002802D0B1
:10553000009801B015E00098009801B00C9806F0B2
:1055400063FB406901B4E8F767F801B001B437685C
:10555000386A01B4019800996F467760D2F7D6FA9D
:1055600002B06F467760D2F731FA00280AD00B9864
:1055700001B40D9801B405F0C1FA6F467760D1F718
:10558000E7FC02B00E98032106F0A2FB0E9057E54F
:1055900000200D90069801B40B9801B4159801B441
:1055A00000F084F803B00A9801B405F02BFA6F46B6
:1055B0007760D1F7C7FC01B006F017FC6F46776043
:1055C000D2F704FA002809D00A9801B405F01AFAB3
:1055D0006F467760D1F7C2FC01B0E4E70998032178
:1055E00006F076FB0990CCE4002012B000BD00006C
:1055F0005488010000000000FD550300012C06DA6C
:1056000000B505F077FA00F002F801B000BD00B572
:10561000686901B4286901B4039801B4E86801B469
:1056200001F02EF804B000BD548801000000000015
:1056300035560300012C06DA00B505F05BFA00F0E0
:1056400002F801B000BD00B5019801B4E6F747F9D2
:1056500001B001B46F467760D2F782F9002802D01A
:10566000009801B007E00098009801B0019801B4DB
:10567000F9F785FD01B06F467760D2F7A7F90028EA
:1056800004D0019801B400F0DAFF01B0002000BDA1
:10569000032C0BDA00B505F0B8FA00F007F803B0F8
:1056A00000BD7746009806F01AF9BE4600B5002006
:1056B00001B401B401B401B401B401B401B401B442
:1056C00001B401B401B401B40F9801B405F09AF922
:1056D0006F467760D1F736FC01B006F086FB6F4667
:1056E0007760D2F773F96F467760D1F7E9FA6F46C2
:1056F0007760D1F707FC6F467760D2F767F900282B
:1057000000D034E1002000900E980190012002901A
:10571000029801B402986F467760D1F713FC06F047
:1057200064FB01B4019800996F467760D2F7A6F93F
:1057300002B0002800D118E1019801B4039806F0E6
:105740004AFB01B4019800996F467760D1F70AFCD3
:1057500002B00090009806F057FA40680390039852
:1057600005F029FA406E24210902053106F0D0FA2D
:105770006F467760D2F72AF9002800D0EFE00D9845
:10578000806801B4019806F03FFA406801B406BC95
:1057900002B404B400F039FA02B00490002005907D
:1057A0000498069001200790079801B407986F4667
:1057B0007760D1F7C7FB06F018FB01B40198009998
:1057C0006F467760D2F75AF902B0002800D1C4E0E2
:1057D000069801B4089806F0FEFA01B40198009901
:1057E0006F467760D1F7BEFB02B00590059805F0D3
:1057F000E2F9406E24210902053106F089FA6F466C
:105800007760D2F7E3F8002800D0A0E00398006B9F
:1058100008900598006B0990039805F0CCF9006E8C
:1058200001B40A9801B405F069F900226F46776067
:10583000D2F770F802B006F0D8FA0121494206F01A
:1058400044FB00D083E0039805F0B5F9806801B40B
:10585000069805F0B0F9806801B40198009906F047
:10586000E4FA02B001D0039800E005980A900A9883
:10587000039906F02AFB01D0059800E003980B90ED
:105880000A9805F098F9C06D01B40C9805F093F9E9
:10589000806801B405F032F900226F467760D2F7D4
:1058A00039F802B006F0A1FA0121494206F00DFBD9
:1058B0004DD00220C1496F467760D3F761F901B43A
:1058C0000021099A6F467760D1F7AAFB0098012161
:1058D0000A9A6F467760D1F7A3FB0520B8496F4657
:1058E0007760D3F74DF901B400210C9A6F467760C9
:1058F000D1F796FB009801210D9A6F467760D1F79A
:105900008FFB00980221059A6F467760D1F788FBDC
:1059100000980321079A6F467760D1F781FB0098C2
:1059200004210A9A6F467760D1F77AFB019801B497
:10593000129801B4E6F762F902B000270197034616
:1059400001BC01B001B408B4E6F7A4F902B00798AD
:10595000032106F0BDF9079026E700200690029883
:10596000032106F0B5F90290D2E600200190002054
:105970000CB000BD548801000000000081590300F4
:10598000012C06DA00B505F0B5F800F002F801B018
:1059900000BD00B5019805F001FE406801B4E8685B
:1059A00001B4019800996F467760D1F7FDFE02B00F
:1059B00001B46F467760D1F7D3FF002802D1009879
:1059C00001B010E00098009801B0019805F0E6FDE4
:1059D000806801B4286901B4019800996F46776026
:1059E000D1F7E2FE02B001B46F467760D1F7B8FF9D
:1059F000002802D0009801B02BE00098009801B078
:105A0000019805F0CBFD406801B4286901B4019804
:105A100000996F467760D1F7C7FE02B001B46F46B8
:105A20007760D1F79DFF002802D1009801B010E007
:105A30000098009801B0019805F0B0FD806801B4AD
:105A4000E86801B4019800996F467760D1F7ACFE21
:105A500002B000BD5488010000000000615A03003C
:105A6000012C06DA00B505F045F800F002F801B0A7
:105A700000BD00B5E86805F09EF8C06D01B4286966
:105A800005F099F8806801B405F038F86F46776042
:105A9000D1F75EFA02B006204A496F467760D3F725
:105AA0006FF801B400216A696F467760D1F7B8FAE0
:105AB00000980121AA696F467760D1F7B1FA009882
:105AC0000221029A6F467760D1F7AAFA0098032163
:105AD000EA696F467760D1F7A3FA00980421EA6873
:105AE0006F467760D1F79CFA009805212A696F46C6
:105AF0007760D1F795FA009804F05EFF6F46776003
:105B0000D0F72CFA01B0002000BD0000548801003D
:105B100000000000195B030000B5E86805F04BF8D1
:105B2000406E01B4286905F046F8406E01B4019852
:105B3000009906F0FAF802B024210902053106F0B6
:105B4000E7F86F467760D1F741FF6F467760D1F78E
:105B5000B7F86F467760D1F7D5F96F467760D1F720
:105B600035FF002830D0A86901B4686905F016FD3A
:105B7000406801B40198009906F0A7F902B001D07D
:105B8000E86800E0286901B4A86901B4686905F013
:105B900005FD406801B40198009906F096F902B03D
:105BA00001D0286900E0E86801B4019801B468698F
:105BB00001B4BB2105F07EFC04B005E0745903007C
:105BC000545A03000C5B0300E86904F0F4FFC06D55
:105BD00001B4286A04F0EFFF806801B404F08EFF7E
:105BE0006F467760D1F7AEFE02B06F467760D1F7AF
:105BF00089F9002000BD0000022C0BDA00B504F08A
:105C000083FF00F007F802B000BD7746009805F06A
:105C100074FEBE4600B5002001B401B4049801B47E
:105C2000049801B400F0AEF802B000900120BE4923
:105C30006F467760D2F7A4FF01B40021059A6F4642
:105C40007760D1F7EDF90098019801B4E5F7D6FF38
:105C500002B00190019802B000BD0000548801001C
:105C600000000000695C0300012C06DA00B504F0B6
:105C700041FF00F002F801B000BD00B5019801B489
:105C8000E86801B400F00BF802B000BD022C0BDA9A
:105C900000B504F039FF00F007F802B000BD774608
:105CA000009804F088FFBE4600B50298019906F0FE
:105CB000F8F801D00A2056E00198406E242109022C
:105CC000053106F025F86F467760D1F77FFE002892
:105CD00001D00A2047E0029804F06DFF406E2421B5
:105CE0000902053106F014F86F467760D1F76EFEB1
:105CF000002801D00A2036E0029804F05CFF806C96
:105D000001B40298806C01B4039801B4E7F7B0FEC7
:105D100001B001B4059801B4E7F7A5FE01B001B4E4
:105D20000198009905F0E4FF02B001B4049801B4B1
:105D3000FAF78AFC01B001B4069801B4FAF77FFCC7
:105D400001B001B40198009905F0D2FF02B001B48E
:105D500005F098FA6F467760D7F7A0F804B06F4661
:105D60007760D1F7CFF800BD022C0BDA00B504F054
:105D7000CBFE00F007F802B000BD7746009805F0B2
:105D8000BCFDBE4600B5002001B401B46F4677608B
:105D9000D1F7CEF80090049804F00DFF406B01900D
:105DA000039801B4059801B4E7F75DFE01B001B4B2
:105DB000069801B4FAF743FC01B001B40EBC009898
:105DC00001B4029801B402B404B408B400F0B3F80A
:105DD00005B0039801B4059801B4E7F744FE01B09B
:105DE00001B4069801B400F07CF801B001B40EBC17
:105DF000009801B4029801B402B404B408B400F0ED
:105E00009AF805B0039801B4059801B400F047F87A
:105E100001B001B4069801B4FAF711FC01B001B465
:105E20000EBC009801B4029801B402B404B408B4E2
:105E300000F081F805B0039801B4059801B400F0B2
:105E40002EF801B001B4069801B400F04AF801B090
:105E500001B40EBC009801B4029801B402B404B4B9
:105E600008B400F068F805B0009801B4059801B4D2
:105E700004F044FE6F467760D1F764FD02B06F46D0
:105E80007760D1F73FF8009802B000BD012C0BDA23
:105E900000B504F02FFE00F007F801B000BD774612
:105EA000009804F088FEBE4600B5019801B4E7F7FB
:105EB000DFFD01B001B4029801B402F019FE01B097
:105EC00001B40198009905F003FF02B000BD000085
:105ED000012C0BDA00B504F00DFE00F007F801B05C
:105EE00000BD7746009804F066FEBE4600B50198F6
:105EF00001B4FAF7A9FB01B001B4029801B402F0B1
:105F0000DBFD01B001B40198009905F0E1FE02B09B
:105F100000BD0000052C0EDA00B505F062F800F0B7
:105F20000AF805B000BD00005C5C030077460098ED
:105F300005F0E3FCBE4600B5002001B401B401B495
:105F400001B401B4089801B4089801B4089801B4E8
:105F500000F08EF803B000900698406901B40198F3
:105F600001B40198009904F0FEFA02B00190019882
:105F70006F467760D1F72AFD002868D00020029094
:105F80000198039001200490049801B404986F468E
:105F90007760D0F7D7FF05F028FF01B4019800998A
:105FA0006F467760D1F76AFD02B000284DD00398A4
:105FB00001B4059805F00FFF01B4019800996F46F0
:105FC0007760D0F7CFFF02B00290029804F0F3FDA3
:105FD000406B099905F09CFE01B46F467760D1F7DC
:105FE000BFFC002802D1009801B017E0009800988B
:105FF00001B00A9801B4039801B404F07FFD0022B7
:106000006F467760D1F786FC02B005F0EEFE01B472
:1060100001216F467760D1F757FD01B06F46776079
:10602000D1F7D4FC00280AD00A9801B4039801B42F
:1060300004F064FD6F467760D0F78AFF02B00498E1
:10604000032105F045FE04909EE700200390002008
:1060500005B000BD032C0BDA00B504F0D6FD00F04E
:1060600007F803B000BD7746009805F046FCBE4631
:1060700000B5002001B401B40398006901B405988B
:1060800001B40598406801B404F07EFF6F46776064
:10609000D0F74AFF02B005F0A8FE01B406BC02B476
:1060A00004B4012001B4E9F77DF903B0009003982E
:1060B000C06801B4069801B40598806801B404F082
:1060C00063FF6F467760D0F72FFF02B005F08DFEBB
:1060D00001B406BC02B404B4012001B4E9F762F9CA
:1060E00003B00190009801B4029801B405980069CA
:1060F00001B4019800996F467760D1F7EFF902B0CB
:1061000001B40198009905F0E3FD02B002B000BDB2
:10611000022C0BDA00B504F0F7FC00F007F802B02F
:1061200000BD7746009805F0E8FBBE4600B50020AC
:1061300001B401B401B401B401B401B4089801B4CC
:10614000E7F791FC01B00090089801B4FAF777FAEC
:1061500001B00190089801B402F0C5FC01B001B48F
:106160000898406801B40198009905F0B1FD02B0AB
:10617000032105F0BDFD01B40898406801B404F0A6
:1061800003FF6F467760D0F7CFFE02B005F02DFE1B
:106190000290089801B402F08AFC01B001B408989A
:1061A000806801B40198009905F092FD02B00321C6
:1061B00005F09EFD01B40898806801B404F0E4FE87
:1061C0006F467760D0F7B0FE02B005F00EFE039088
:1061D000012004900498029905F03BFE61D0012053
:1061E00005900598039905F034FE54D0079801B442
:1061F000019801B40A9801B402F075FC01B001B431
:10620000079801B40B98406801B4019800996F4653
:106210007760D1F763F902B001B406BC02B404B4EC
:10622000E7F7A0FB02B001B40198009905F050FD1A
:1062300002B001B4039801B40B9801B402F037FC2A
:1062400001B001B4099801B40C98806801B40198B8
:1062500000996F467760D1F741F902B001B406BCEE
:1062600002B404B4E7F77EFB02B001B401980099D0
:1062700005F02EFD02B001B40EBC089801B402B4C2
:1062800004B408B400F01EF804B00598032105F02A
:106290001FFD0590A5E70498032105F019FD049062
:1062A00098E7002006B000BD042C0BDA00B504F01E
:1062B000CCFC00F007F804B000BD7746009805F06C
:1062C0001CFBBE4600B5002001B401B4059801B422
:1062D000059801B4059801B4FFF7CAFE03B0009019
:1062E0000398406901B4019801B40198009904F041
:1062F0003AF902B0019001986F467760D1F766FBDA
:106300006F467760D0F7DCFC6F467760D0F7FAFD18
:106310006F467760D1F75AFB002816D00398406982
:1063200001B4019801B46F467760D0F701FE01B463
:1063300001B403980299009A04F060F901B00027B3
:106340000197029701BC02B00190019801B407982F
:1063500001B404F0D3FB00226F467760D1F7DAFA7C
:1063600002B005F042FD012105F04BFD0AD0019875
:1063700001B4079801B404F0C1FB6F467760D0F711
:10638000E7FD02B0002002B000BD000000B501989A
:1063900001B4112105F0E4FC01B001B4039801B48B
:1063A00004F0F2FD6F467760D0F7BEFD02B005F055
:1063B0001CFD00BD00B5019801B4039801B404F0C0
:1063C000E3FD6F467760D0F7AFFD02B005F00DFD3D
:1063D00000BD0000022C0BDA00B504F095FB00F0C4
:1063E00007F802B000BD7746009805F086FABE4671
:1063F00000B5002001B401B401B401B401B401B48A
:1064000001B401B40120009001200190002002900D
:106410000A98039001200490049801B404986F46F0
:106420007760D0F78FFD05F0E0FC01B4019800998A
:106430006F467760D1F722FB02B0002831D0039875
:1064400001B4059805F0C7FC01B4019800996F46A6
:106450007760D0F787FD02B00290029801B402F095
:1064600042FB01B0009905F0E0FC05D0029801B4B0
:1064700002F039FB01B00090029801B402F017FB62
:1064800001B0019905F0D1FC05D0029801B402F0E9
:106490000EFB01B001900498032105F019FC049053
:1064A000BAE700200390FBF713FB04F092FBC068EF
:1064B000059005986F467760D1F788FA002806D0D6
:1064C000059801B4302105F0ECF901B00BE0376814
:1064D000B86F01B404F0A9FA6F467760D4F7F0FE04
:1064E00001B005F082FC069005986F467760D1F701
:1064F0006DFA002806D0059801B4342105F0D1F9D1
:1065000001B00BE03768B86F01B404F08EFA6F4643
:106510007760D4F7D9FE01B005F067FC07900998C1
:1065200001B4079801B4052105F044FC01B001B4A1
:10653000029801B405216F467760D0F7CFFF01B014
:1065400001B406BC02B404B4112001B4E8F72AFF78
:1065500003B001B401980099416002B0099801B4F8
:10656000089801B4052105F025FC01B001B4039899
:1065700001B405216F467760D0F7B0FF01B001B4D8
:1065800006BC02B404B4112001B4E8F70BFF03B059
:1065900001B401980099816002B0099801B408988B
:1065A00001B40B98806801B404F0EEFC6F4677608C
:1065B000D0F7BAFC02B005F018FC01B401980099BC
:1065C000C16002B0099801B4079801B40B98406803
:1065D00001B404F0D9FC6F467760D0F7A5FC02B097
:1065E00005F003FC01B401980099016102B000209C
:1065F00008B000BD012C0BDA00B504F07BFA00F006
:1066000007F801B000BD7746009805F076F9BE4660
:1066100000B5019801B46F467760D0F789FC01B4EA
:1066200001980099416102B0002000BD012C0BDAF5
:1066300000B504F05FFA00F007F801B000BD77463E
:10664000009804F0B8FABE4600B5019801B46F4650
:106650007760D0F76DFC01B401980099C16402B075
:10666000002000BD042C0BDA00B504F0EEFA00F0B7
:1066700007F804B000BD7746009805F030F9BE4633
:1066800000B5002001B401B401B401B401B401B4F7
:1066900001B401B401B401B40B9801B40D9804F035
:1066A0008AFA406901B406BC02B404B400F07CFA72
:1066B00002B000900B9801B40D9804F07CFA806948
:1066C00001B406BC02B404B400F06EFA02B001904A
:1066D0000C9801B40D9804F06EFAC06801B40198EA
:1066E000009904F068FA816302B00C9801B40D9827
:1066F00004F061FA006901B40198009904F05BFAB2
:10670000C16302B00C9804F056FAC0696F46776016
:10671000D1F75CF9002828D00C9801B40D9804F04A
:106720004AFA406901B40E9804F045FAC06903467C
:106730000F9801B408B4F4F7C5FE02B00346072071
:106740000002D13001B408B4FFF734FE02B001B446
:10675000019802BC01B005F0BBFA01B401980099A0
:1067600004F029FA416102B063E00C9804F023FAC6
:10677000406A6F467760D1F729F9002859D00C9804
:1067800004F019FA406A03460D9801B408B4F4F70E
:1067900099FE02B0034607200002D13001B408B4CC
:1067A000FFF708FE02B002900C9804F004FA40696A
:1067B000029905F09DFA03900398012105F021FB51
:1067C00016D00C9801B40D9804F0F5F940690399BE
:1067D00005F07EFA01B4012001B4FEF7C3FA02B05D
:1067E00001B40198009904F0E6F9416102B020E09B
:1067F0000398012105F019FB16D00C9801B40D98EF
:1068000004F0D9F94069039905F072FA01B4012046
:1068100001B400F0ADF902B001B40198009904F0A0
:10682000CAF9416102B004E00C98012104F0C3F9F7
:1068300041610C9804F0BFF9006A6F467760D1F7A8
:10684000C5F8002828D00C9801B40D9804F0B3F9CD
:10685000806901B40E9804F0AEF9006A03460F98FF
:1068600001B408B4F4F72EFE02B00346072000027C
:10687000D13001B408B4FFF79DFD02B001B4019816
:1068800002BC01B005F024FA01B40198009904F0AB
:1068900092F9816102B063E00C9804F08CF9806A8F
:1068A0006F467760D1F792F8002859D00C9804F021
:1068B00082F9806A03460D9801B408B4F4F702FE29
:1068C00002B0034607200002D13001B408B4FFF73C
:1068D00071FD02B004900C9804F06DF98069049980
:1068E00005F006FA05900598012105F08AFA16D000
:1068F0000C9801B40D9804F05EF98069059905F0D3
:10690000E7F901B4012001B4FEF72CFA02B001B49A
:106910000198009904F04FF9816102B020E00598D8
:10692000012105F082FA16D00C9801B40D9804F0FC
:1069300042F98069059905F0DBF901B4012001B441
:1069400000F016F902B001B40198009904F033F98F
:10695000816102B004E00C98012104F02CF98161FE
:106960000C9801B40C9801B40E9804F024F9406915
:1069700001B406BC02B404B400F016F902B001B4CC
:106980000198009904F017F9416102B00C9801B424
:106990000C9801B40E9804F00EF9806901B406BC9D
:1069A00002B404B400F000F902B001B401980099F7
:1069B00004F001F9816102B00C9804F0FCF8406920
:1069C000009905F085F901B40221090201316F46F1
:1069D0007760D0F7AFFD01B001B40F9801B4019812
:1069E00000996F467760D0F779FD02B001B40721B6
:1069F0000902D1316F467760D0F79CFD01B001B438
:106A0000FBF7FAF801B006900C9804F0D4F880690E
:106A1000019905F05DF901B40221090201316F46C7
:106A20007760D0F787FD01B001B40F9801B40198E9
:106A300000996F467760D0F751FD02B001B407218D
:106A40000902D1316F467760D0F774FD01B001B40F
:106A5000FBF7D2F801B007900698089007980990C4
:106A6000089801B4E6F7D8FD01B001B40C9880692C
:106A700001B4019800996F467760D1F747F802B0EA
:106A800001B46F467760D0F76BFF002802D0009802
:106A900001B012E00098009801B0099801B4E6F73F
:106AA000BBFD01B001B40C98806901B40198009954
:106AB0006F467760D1F72AF802B06F467760D0F75B
:106AC00085FF00282ED0089801B4E6F7A5FD01B097
:106AD00001B40C98406901B40198009905F0A5F93A
:106AE00002B007D0052001B4099801B4FFF762FC99
:106AF00002B00890099801B4E6F78EFD01B001B428
:106B00000C98406901B40198009905F08EF902B023
:106B100007D0052001B40A9801B4FFF74BFC02B07E
:106B200009909DE7C8486F467760D2F757F801B4DF
:106B30000D9801B40E9804F03EF8406901B40F9826
:106B400004F039F8806901B40EBC0A9801B40A98BF
:106B500001B40A9801B40A9801B402B404B408B4A8
:106B6000079801B4FEF718F908B001BC0AB000BDDF
:106B700000B50198029905F058F902D0019803E098
:106B800001E0029800E0002000BD0000022C0BDABA
:106B900000B503F0B9FF00F007F802B000BD77467A
:106BA000009804F09CFEBE4600B50198C0680346FC
:106BB000029801B408B4FEF7D5F802B001B4029807
:106BC000006901B406BC02B404B4FFF7D1FF02B0FF
:106BD00000BD000000B5002001B401B401B46F464F
:106BE0007760D0F7A5F90090049801B403F00AFF8C
:106BF0006F467760D0F7A6F901B005F0F6F801907E
:106C0000012002900298019905F0FBF824D0009829
:106C100001B4069801B4069801B4059801B401982E
:106C2000009903F0A0FC02B001B406BC04B40498BF
:106C300001B402B4029804F099F803B001B403F06F
:106C40005DFF6F467760D0F783F902B002980321A9
:106C500005F03EF80290D5E7009803B000BD0000B3
:106C6000012C0BDA00B503F045FF00F007F801B086
:106C700000BD7746009804F032FEBE4600B501988C
:106C8000806801B400F00DF801B0002000BD0000E4
:106C9000012C0BDA00B503F02DFF00F007F801B06E
:106CA00000BD7746009804F028FEBE4600B50020DF
:106CB00001B401B401B401B401B401B401200090E5
:106CC000009801B40898006901B40198009905F092
:106CD00098F802B000D188E001200190019801B439
:106CE0000898C06801B40198009905F08AF802B0CC
:106CF00075D0009801B40898406801B401980099D3
:106D00006F467760D0F7EAFB02B00290019801B4B9
:106D10000898806801B4019800996F467760D0F7B1
:106D2000DDFB02B00390039801B4039801B4099805
:106D300001B4FFF79DF903B004900798406901B4CE
:106D4000059801B40198009903F00DFC02B005907C
:106D5000059801B46F467760D0F702FE002802D193
:106D6000009801B00DE00098009801B0059801B4BA
:106D700003F048FE6F467760D0F7E4F801B005F005
:106D800034F86F467760D0F721FE002821D03768AD
:106D9000B86F01B4039801B4059801B40A9840682B
:106DA00001B40B98806801B400270B2001B401984E
:106DB00001B40297039801B40497059801B40697AB
:106DC000079801B40897099801B40A97EDF736FDC2
:106DD0000BB00198032104F07BFF01907EE700983F
:106DE000032104F075FF00906AE7002006B000BDA3
:106DF000022C0BDA00B503F087FE00F007F802B0B2
:106E000000BD7746009804F06AFDBE4600B50198C3
:106E1000406801B4039801B403F070FE6F467760D8
:106E2000D0F790FD02B06F467760D0F76BF8002086
:106E300000BD0000022C0EDA00B503F065FE00F084
:106E40000AF802B000BD0000E0F2030077460098A7
:106E500004F045FDBE4600B5002001B4029840682C
:106E600001B4049801B403F049FE6F467760D0F78F
:106E70006FF802B0FAF72CFE03F0ABFEC06800908A
:106E8000009801B46F467760D0F76AFD002802D100
:106E9000009801B00AE00098009801B0039801B48E
:106EA000019801B4582104F0FCFC02B06F467760F1
:106EB000D0F78CFD002812D0039801B401B40198DA
:106EC00003F079FE406E02210902013104F02DFF2A
:106ED00001B40198009903F06EFE416603B00020F2
:106EE00001B000BD7746009804F0CDFCBE4600B569
:106EF000019801B4039801B4032001B4E5F7F2F955
:106F000002B001B401980099416002B0019804995F
:106F10008160039801B401460B206F467760D0F77B
:106F2000E7FC002801D001B029E0032000996F465A
:106F30007760D0F7DDFC002801D001B02CE00520FF
:106F400000996F467760D0F7D3FC002801D001B0DC
:106F500022E0072000996F467760D0F7C9FC00282F
:106F600001D001B025E0092000996F467760D0F785
:106F7000BFFC002801D001B01BE001BC25E0019856
:106F80004221C16001984221016101980B214161B8
:106F900001980B21816118E001980A21C1600198D4
:106FA0004221016101980399416101980B2181619E
:106FB0000BE001984221C16001980A21016101980A
:106FC0000B214161019803998161002000BD0000FF
:106FD000012C0BDA00B503F08DFD00F007F801B0CD
:106FE00000BD7746009803F002FEBE4600B501984A
:106FF000006901B43768B86F01B403F016FD6F463D
:107000007760D4F761F901B004F0EFFE01B4032119
:1070100004F0D0FE01B001B40198009904F058FECC
:1070200002B000BD012C0BDA00B503F063FD00F0E7
:1070300007F801B000BD7746009803F0D8FDBE46C2
:1070400000B50198C06801B43768B86F01B403F0A7
:10705000ECFC6F467760D4F733F901B004F0C5FE5D
:1070600001B4032104F0A6FE01B001B40198009917
:1070700004F02EFE02B000BD022C0BDA00B503F0C6
:1070800043FD00F007F802B000BD7746009804F019
:10709000D3FABE4600B5002001B4039801B40398AA
:1070A00001B400F04AF802B000900298006A03466A
:1070B000A12001B408B400F01CF802B06F4677605C
:1070C000D0F784FC002801D0032000E0132001B495
:1070D000019802BC04F080FA0162009801B000BD82
:1070E000022C0BDA00B503F00FFD00F007F802B038
:1070F00000BD7746009804F0C1F9BE4600B5C9202E
:1071000001B4012001B4039801B4EDF755FC03B0BC
:1071100001B4039801B4019800996F467760D0F7E5
:10712000D3FC02B000BD0000022C0BDA00B503F066
:10713000EBFC00F007F802B000BD7746009804F0C1
:1071400089FABE4600B5002001B4039801B4039843
:1071500001B400F022F802B00090009801B4039846
:10716000006A03461D2001B4032001B408B4EDF702
:107170001EFC03B001B40198009904F02DFA0162DD
:1071800002B0009801B000BD022C0BDA00B503F08C
:10719000BBFC00F007F802B000BD7746009804F091
:1071A00069FABE4600B5002001B4039801B4039803
:1071B00001B400F09AF802B00090009801B403986E
:1071C000006A01B40498806901B40598C06901B4EB
:1071D0000EBC02B404B408B4EDF7E9FB03B001B48B
:1071E0000198009904F0F8F9416102B0009801B4E7
:1071F0000398006A01B40498006901B406BC02B4A3
:10720000012001B404B4EDF7D2FB03B001B404983B
:10721000006901B4032104F0CDFD01B001B401986F
:10722000009904F065FD02B001B4029804F0D4F9AD
:10723000406801B406BC02B404B4FDF7A1FD02B07D
:1072400001B40198009904F0C7F9416002B00398B5
:1072500001B4C42103F0F2FB01B06F467760D0F7B0
:10726000B5FB00280BD0039801B4C42103F0E6FB62
:1072700001B001B4032104F09DFD01B000E0012044
:1072800001B4019801B40498006A01B405984069FA
:1072900001B406BC02B4012001B404B4EDF787FBCD
:1072A00003B0019904F024FD01B4039804F094F9AB
:1072B000806801B406BC02B404B4FDF761FD02B0FD
:1072C0000027019701B40198009904F085F98160C5
:1072D00003B0009801B000BD022C0BDA00B503F03A
:1072E00013FC00F007F802B000BD7746009804F0E8
:1072F00063F9BE4600B5002001B401B4049801B49E
:10730000049801B4EFF789F802B000900398806800
:1073100001B480203768385801B40598C06801B4BA
:1073200006BC02B4012001B404B4EDF740FB03B085
:1073300001B40198009904F0CBFC02B001B4C9215A
:107340006F467760D0F70CF901B00190009801B456
:107350002520C0003768385801B4039801B401985B
:10736000009903F000F902B001B40598406801B437
:1073700006BC02B404B4EFF733F802B001B40198CC
:10738000009904F029F9C16002B0009801B44B20C3
:1073900080003768385801B4039801B40198009907
:1073A00003F0E1F802B001B40598406801B406BCEE
:1073B00002B404B4EFF714F802B001B401980099D4
:1073C00004F00AF9016102B0009802B000BD0000AB
:1073D000032C0BDA00B503F018FC00F007F803B03B
:1073E00000BD7746009804F055F9BE4600B50198F7
:1073F00040686F467760D0F7E9FA6F467760CFF75D
:107400005FFC6F467760CFF77DFD6F467760D0F702
:10741000DDFA002800D06CE00198006901B46F46E5
:107420007760D0F79DFA002802D1009801B008E0FB
:107430000098009801B00198006901B4EDF7D5FEFD
:1074400001B06F467760D0F7C1FA00280DD00298DE
:107450006F467760D0F7BAFA002805D00198006926
:10746000029904F08DF8816143E0019801B400F0C5
:1074700065F801B0BB486F467760D1F7AFFB01B448
:1074800001B400F039F801B004986F467760D0F786
:107490009DFA002801D0049801E00298406901B4E7
:1074A000039801B4019801B4039801B4069801B49B
:1074B00001210902813103F0FDFF03B0002701978C
:1074C000029701B401980099016104B00198006924
:1074D000152104F055F8C16002986F467760D0F727
:1074E00075FA002805D001980069029904F048F85F
:1074F0008161002000BD00007746009804F0AEFBDB
:10750000BE4600B5019801B4FAF7E2FA03F061FB58
:10751000006A01B401980099416002B0002000BDEA
:10752000012C0BDA00B503F0E5FA00F007F801B022
:1075300000BD7746009804F0ADF8BE4600B501984E
:1075400000696F467760D0F741FA002808D00198AB
:10755000006901B4EEF755F801B00198002101610E
:10756000002000BD022C0BDA00B503F0CDFA00F0CC
:1075700007F802B000BD7746009804F001F8BE4657
:1075800000B5002001B401B401B40498006A009071
:107590000498C069092104F0BBFB6F467760D0F7FF
:1075A00015FA002801D0012007E0059803F01FFB21
:1075B000C06801B4FAF720FB01B001900498C069DB
:1075C000092104F0A5FB6F467760D0F7FFF900288A
:1075D00001D0012007E0059803F009FB006901B420
:1075E000FAF70AFB01B0029000986F467760D0F777
:1075F000EDF9002818D0009803F0EEFF4069012152
:1076000004F013FC0AD0029801B4029801B4029865
:1076100001B4079801B400F019F804B0009803F021
:10762000DBFF80690090DFE7002003B000BD0000B1
:10763000042C0BDA00B503F008FB00F007F804B0E7
:1076400000BD7746009803F09BFFBE4600B5019849
:10765000C06A01B4039801B4049803F0BDFF406808
:10766000059904F045FB01B4059803F0B5FF806867
:10767000079904F03DFB01B41EBC02B404B408B485
:1076800010B4282103F0B6FF04B0002000BD0000B4
:10769000042C0BDA00B503F0D8FA00F007F804B0B8
:1076A00000BD7746009803F0B7FFBE4600B53768C7
:1076B000B86F01B4049801B4F4F708FB01B001B449
:1076C000069801B4F4F702FB01B001B403F0CDFC5D
:1076D00001236F467760D3F715FE03B0002000BD8D
:1076E000032C0BDA00B503F090FA00F007F803B0B2
:1076F00000BD7746009803F0CFFEBE4600B50020DF
:1077000001B4FAF7E5F903F064FA806801B400F017
:10771000B4F801B06F467760D0F758F96F467760DC
:10772000CFF7CEFA6F467760CFF7ECFB6F46776006
:10773000D0F74CF9002800D049E00298006901B464
:1077400000216F467760D0F7DDF801B00090039814
:107750006F467760D0F73AF9002801D0039803E02C
:107760001F2001E09CF4030001B4039802BC0161F6
:1077700000986F467760D0F729F96F467760CFF7AA
:107780009FFA6F467760CFF7BDFB6F467760D0F703
:107790001DF900281BD0022083496F467760D1F77E
:1077A000EFF901B40021039A6F467760CFF738FCF8
:1077B00000980121059A6F467760CFF731FC009859
:1077C00003F0FAF86F467760CEF7C8FB01B00020EF
:1077D00001B000BD5488010000000000E177030003
:1077E00000B5E8680069012104F01FFB27D0E868B4
:1077F00001B400F029F801B406BC02B404B4EDF7FA
:10780000C1F902B028696F467760D0F7DFF8002829
:1078100001D0286901E0E868406801B4FAF7C8FCC3
:1078200001B0E86801B401B401980069032104F0D3
:107830005FFA01B401980099016103B0D1E7E868EB
:1078400000210161002000BD00B5002001B4FAF75D
:107850003FF90090009803F0BCF9806801B4F0F79C
:10786000F8FA01B001B000BD012C0BDA00B503F04D
:1078700041F900F007F801B000BD7746009803F029
:1078800096FFBE4600B5019880686F467760D0F7D6
:107890009DF86F467760CFF713FA6F467760CFF7A2
:1078A00031FB6F467760D0F791F86F467760CFF77E
:1078B00007FA6F467760CFF725FB00BD7746009843
:1078C00003F042FDBE4600B501980299416001985F
:1078D0000399816001980499C160059801B40298E8
:1078E00001B4EAF701FD02B0019801B4039801B4B4
:1078F00003F075F8042100226F467760CEF70EFB87
:1079000001B001B401980099816102B0019801B4FD
:10791000039801B403F063F8042102226F467760F4
:10792000CEF7FCFA01B001B401980099C16102B030
:10793000002000BD032C0BDA00B503F066F900F05F
:1079400007F803B000BD7746009803F0EFFCBE4691
:1079500000B5002001B401B401B401B401B401B414
:1079600001B401B401B401B401B401B401B401B46F
:1079700001B4109801B43C2103F09AFB01B06F46AA
:107980007760D0F723F86F467760CFF799F96F46A5
:107990007760CFF7B7FA6F467760D0F717F800280F
:1079A00004D01BE202E00000D47703001098406886
:1079B00001B40099032004F0D3F901B0032104F0CD
:1079C00097F90090129803F012F9C068009904F03A
:1079D0009FF90190129803F00AF90069009904F0E8
:1079E00097F90290129803F002F9C06801B4119857
:1079F000406801B40198009904F0DCF902B001B4C8
:107A0000012001B4E4F76EFC02B0039010984069C5
:107A100001B403F00AF86F467760D3F751FC01B068
:107A200004F0E3F901B4139803F0E1F8C06801B47D
:107A3000139801B402F0F9FF6F467760D3F740FC6A
:107A400001B004F0D2F901B40198009904F040F9B2
:107A500002B001B41298406801B40198009904F092
:107A6000A9F902B0032104F033F901B406BC02B451
:107A700004B4E5F777FF02B00490129803F0B7F86A
:107A8000006901B41198406801B40198009904F0AC
:107A900091F902B001B4012001B4E4F723FC02B073
:107AA00005901098406901B402F0BFFF6F467760FF
:107AB000D3F70AFC01B004F098F901B4139803F06D
:107AC00096F8006901B4139801B402F0AEFF6F4656
:107AD0007760D3F7F9FB01B004F087F901B401989E
:107AE000009904F0F5F802B001B41298406801B4AE
:107AF0000198009904F05EF902B0032104F0E8F85F
:107B000001B406BC02B404B4E5F72CFF02B0069041
:107B1000039807900798049904F09BF97AD0059888
:107B200008900898069904F094F96DD0109840696F
:107B300001B4089801B40A9801B403F096FA6F46AC
:107B40007760D3F7FDFB03B004F04FF9099010986C
:107B5000806901B40A9801B40198009902F003FD0C
:107B600002B001B46F467760CFF7FAFE002802D06A
:107B7000009801B009E00098009801B0099801B49C
:107B8000119801B400F020FA02B00A900A986F46EA
:107B90007760CFF71BFF002830D0119801B40B9805
:107BA00001B400F028F901B001B40998059904F076
:107BB0009FF801B41398406801B40198009904F04B
:107BC000CFF802B0039904F093F801B40B98089928
:107BD00004F08EF801B41498406801B4019800993B
:107BE00004F0BEF802B0059904F082F801B403F085
:107BF00049FB6F467760D5F73DF904B0089803213B
:107C000004F066F808908CE70798032104F060F808
:107C100007907FE72120C000376838586F467760AB
:107C2000CFF7D4FE002800D1D8E003980B900B9832
:107C3000049904F00EF965D00B98039904F058F8F4
:107C400001B41198406801B40198009904F088F8D3
:107C500002B0019904F04CF80C900C9801B4012189
:107C60006F467760CFF742FF01B001B46F4677608F
:107C7000CFF776FE002802D1009801B018E00098F6
:107C8000009801B00C9801B43768B86F01B402F0E5
:107C9000CCFE6F467760D3F713FB01B004F0A5F874
:107CA00001B4019800996F467760CFF7FBFE02B0F0
:107CB0006F467760CFF78AFE00281DD0119801B477
:107CC0000D9801B40E9801B4149801B402F0ADFE01
:107CD0006F467760D3F7F8FA01B004F086F801B484
:107CE0001EBC032001B402B404B4012001B408B4E2
:107CF00010B4EAF7E5F806B00B98032103F0E8FFAB
:107D00000B9094E705980D900D98069904F0A1F852
:107D100064D00D98059903F0EBFF01B41198406809
:107D200001B40198009904F01BF802B0029903F025
:107D3000DFFF0E900E9801B401216F467760CFF7F8
:107D4000D5FE01B001B46F467760CFF709FE002879
:107D500002D1009801B018E00098009801B00E9888
:107D600001B43768B86F01B402F05FFE6F46776008
:107D7000D3F7AAFA01B004F038F801B401980099D9
:107D80006F467760CFF78EFE02B06F467760CFF711
:107D90001DFE00281CD0119801B40F9801B413984F
:107DA00001B402F042FE6F467760D3F789FA01B062
:107DB00004F01BF801B40EBC032001B40F9801B409
:107DC00002B404B4012001B408B4EAF779F806B0AB
:107DD0000D98032103F07CFF0D9095E700200FB074
:107DE00000BD0000012C0BDA00B502F083FE00F0AC
:107DF00007F801B000BD7746009803F058FEBE4674
:107E000000B5002001B402988068406801B4009970
:107E1000032003F0A5FF01B00090029800696F46AF
:107E20007760CFF7D3FD6F467760CEF749FF6F4697
:107E30007760CFF767F801B46F467760CFF790FDB2
:107E4000002802D0009801B018E00098009801B016
:107E50000298006901B402F0E8FD6F467760D3F73D
:107E60002FFA01B003F0C1FF01B4019801B40198E9
:107E700000996F467760CFF745FD02B001B46F46B9
:107E80007760CFF76DFD002802D0009801B018E0B0
:107E90000098009801B00298006901B402F0C5FD95
:107EA0006F467760D3F710FA01B003F09EFF01B47C
:107EB000019801B4019800996F467760CFF722FDD1
:107EC00002B06F467760CFF781FD002869D0029835
:107ED000C06801B402F0A9FD6F467760D3F7F0F9EE
:107EE00001B003F082FF01B4019801B40198009938
:107EF0006F467760CFF7FEFC02B001B46F46776043
:107F0000CFF72EFD002802D1009801B018E00098AC
:107F1000009801B00298C06801B402F086FD6F4677
:107F20007760D3F7D1F901B003F05FFF01B4019896
:107F300001B4019800996F467760CFF7DBFC02B07F
:107F40006F467760CFF742FD002809D0029801B450
:107F50000398C06801B401980099016102B020E063
:107F6000029801B4019801B4029801B403F00CF82E
:107F70006F467760D3F7DEFF02B001B40198009935
:107F8000016102B00298006901B40398C06801B4AD
:107F900003F061F9002200236F467760D4F788FF71
:107FA00002B00298006901B000BD0000022C0BDA9B
:107FB00000B502F0A9FD00F007F802B000BD774659
:107FC000009803F0B3F9BE4600B5002001B401B437
:107FD0000398406801B40099032003F0C1FE01B08A
:107FE0000090009801B4019801B402F0CDFF6F46F3
:107FF0007760D3F79FFF02B00190019801B4059814
:1080000001B403F033FC6F467760D3F763FB02B033
:10801000C3486F467760D0F7E1FD01B4049801B41E
:108020000A2001B4049801B4039801B4F6F7FCF8EF
:1080300004B00498806901B4069801B4029801B4B0
:1080400002980199009A02F0D9FA03B001BC02B07B
:1080500000BD0000022C0BDA00B502F055FD00F067
:1080600007F802B000BD7746009803F04FF9BE460E
:1080700000B5029801B401216F467760CFF724FD67
:1080800001B001B46F467760CFF76AFC002802D0D8
:10809000009801B00CE00098009801B0029801B47B
:1080A00001210902FF316F467760CFF72FFD01B044
:1080B00000BD0000012C0BDA00B502F01BFD00F042
:1080C00007F801B000BD7746009803F02FF9BE46CF
:1080D00000B5019840696F467760CFF777FC0028BC
:1080E00015D00198406901B402F09FFC6F4677609B
:1080F000D3F7EAF801B003F078FE01B402984068C3
:1081000001B40198009903F02BFE02B000E00120B9
:1081100000BD0000012C0BDA00B502F0EBFC00F012
:1081200007F801B000BD7746009803F0FFF8BE469F
:1081300000B5019840696F467760CFF747FC00288B
:1081400015D00198406901B402F06FFC6F4677606A
:10815000D3F7B6F801B003F048FE01B402984068C6
:1081600001B40198009903F0FBFD02B000E001208A
:1081700000BD0000022C0BDA00B502F0C5FC00F0D7
:1081800007F802B000BD7746009803F0CFF8BE466E
:1081900000B5019801B4342102F08AFF01B001B4A6
:1081A0003768B86F01B402F040FC6F467760D3F7D0
:1081B0008BF801B003F019FE01B40198009903F0A7
:1081C00097FD02B00346012001B408B4E4F78AF831
:1081D00002B00346029801B408B4012001B4E7F7E5
:1081E000E1F803B000BD0000022C0BDA00B502F08C
:1081F0008BFC00F007F802B000BD7746009803F052
:1082000095F8BE4600B5019801B4302102F050FF48
:1082100001B001B43768B86F01B402F006FC6F46D4
:108220007760D3F74DF801B003F0DFFD01B401989A
:10823000009903F05DFD02B00346012001B408B4CB
:10824000E4F750F802B00346029801B408B40120E4
:1082500001B4E7F7A7F803B000BD0000012C0BDA6A
:1082600000B502F047FC00F007F801B000BD77460A
:10827000009803F05BF8BE4600B5062000BD000084
:10828000012C0BDA00B502F035FC00F007F801B064
:1082900000BD7746009803F039F8BE4600B5019856
:1082A000C06800BD012C0BDA00B502F023FC00F021
:1082B00007F801B000BD7746009802F00EFFBE46F9
:1082C00000B50198406800BD012C0BDA00B502F042
:1082D00011FC00F007F801B000BD7746009802F0ED
:1082E0007CFDBE4600B56F467760CEF743FB01B418
:1082F000029801B400F028F801B001B402F05CFD6E
:108300006F467760CEF776FB02B001B402F028FE2C
:1083100004496F467760CEF76DFB01B004E00000C2
:10832000ACEE03002C1E040000BD0000012C0BDA93
:1083300000B502F0DFFB00F007F801B000BD7746A2
:10834000009802F04AFDBE4600B50198406801B4AD
:1083500002F058FB6F467760CEF7F4FD01B003F0F2
:1083600044FD00BD012C0BDA00B502F0C3FB00F0A8
:1083700007F801B000BD7746009803F000F8BE464C
:1083800000B50198406800BD012C0BDA00B502F081
:10839000B1FB00F007F801B000BD7746009802F08D
:1083A0000AFCBE4600B56F467760CEF7E3FA01B42B
:1083B0000298806801B402F0FFFC6F467760CEF748
:1083C00019FB02B001B402F0CBFDC5496F467760DE
:1083D000CEF710FB01B001B4029801B4E5F764FBDD
:1083E00001B001B402F0B0FD6F467760CEF702FB3A
:1083F00002B001B402F0B4FDBA496F467760CEF71F
:10840000F9FA01B001B4029801B4E3F7EAFA01B055
:1084100001B402F099FD6F467760CEF7EBFA02B037
:1084200001B402F09DFDB0496F467760CEF7E2FAE5
:1084300001B001B4029801B4E3F756FA01B001B4F7
:1084400002F082FD6F467760CEF7D4FA02B001B435
:1084500002F086FDA3496F467760CEF7CBFA01B0F4
:1084600001B4029801B4F6F78FFE01B001B402F036
:108470006BFD6F467760CEF7BDFA02B001B402F033
:108480006FFD9A496F467760CEF7B4FA01B000BD30
:10849000032C0BDA00B502F0B8FB00F007F803B0CC
:1084A00000BD7746009802F086FBBE4600B500206E
:1084B00001B401B40398406C002103F02EFD2AD0D2
:1084C000039801B401B40198406C01B4089801B458
:1084D00007210902D1316F467760CEF7FFFF01B067
:1084E0000027029701B40198009903F001FC02B043
:1084F00001B401980099416403B00398406C0121D4
:1085000003F0A7FC07D0039800214164039801B44D
:10851000EBF77CFF01B00398406E092103F0F8FBF4
:1085200001B46F467760CFF71BFA002802D100989C
:1085300001B009E00098009801B0049801B40498D3
:1085400001B400F0FDF902B06F467760CFF73EFA54
:10855000002808D0002001B4002001B4059801B41F
:10856000EBF712FF03B00398406E412103F0D0FBFC
:108570000090F9F7ADFA02F02CFBC0680190039867
:10858000406E112103F0C4FB01B46F467760CFF752
:10859000E7F9002802D0009801B01DE0009800988B
:1085A00001B0009801B46F467760CFF7D9F9002881
:1085B00002D1009801B00FE00098009801B0019836
:1085C0006F467760CFF702FA6F467760CEF778FB99
:1085D0006F467760CEF796FC6F467760CFF7F6F977
:1085E000002800D123E1039801B4E5F741FA01B076
:1085F00001B40598406801B40198009903F001FCAA
:1086000002B024D0039801B40598406801B406BCB8
:1086100002B404B4E5F7F4F902B000986F4677604D
:10862000CFF7D4F9002811D0039801B4049801B40D
:10863000E3F75AF901B00146012003F059FB01B4F8
:1086400006BC02B404B4E3F731F902B062E0039867
:1086500001B4FDF729FC01B001B40598406801B4EC
:108660003768B86F01B402F0E0F96F467760D2F76F
:1086700027FE01B003F0B9FB01B40198009903F0A3
:1086800027FB02B001B40198009903F0CEFB02B0C1
:1086900040D0039801B40598406801B43768B86FBA
:1086A00001B402F0C2F96F467760D2F709FE01B05B
:1086B00003F09BFB01B40198009903F009FB02B0A1
:1086C00001B406BC02B404B400F012F902B0009880
:1086D0006F467760CFF77AF9002809D11AE00000D9
:1086E000EC1D0400941B0400F41D0400001E040093
:1086F000039801B4049801B4E3F7F6F801B0014619
:10870000012003F0F5FA01B406BC02B404B4E3F7A7
:10871000CDF802B0039801B4F7F796FF01B001B4A9
:108720000598806801B40198009903F06AFB02B0D3
:1087300024D0039801B40598806801B406BC02B443
:1087400004B4F7F749FF02B000986F467760CFF79F
:108750003DF9002811D0039801B4049801B4F6F74C
:1087600013FD01B00146012003F0C2FA01B406BCBA
:1087700002B404B4F6F7EAFC02B058E0039801B47E
:10878000FDF7B4FB01B001B40598806801B4376807
:10879000B86F01B402F049F96F467760D2F794FDE3
:1087A00001B003F022FB01B40198009903F090FAA4
:1087B00002B001B40198009903F037FB02B036D043
:1087C000039801B40598806801B43768B86F01B4A4
:1087D00002F02BF96F467760D2F776FD01B003F017
:1087E00004FB01B40198009903F072FA02B001B4DD
:1087F00006BC02B404B400F053F802B000986F460F
:108800007760CFF7E3F8002811D0039801B40498FB
:1088100001B4F6F7B9FC01B00146012003F068FA93
:1088200001B406BC02B404B4F6F790FC02B003989D
:10883000406D6F467760CFF7C9F800280DD00398D8
:10884000406D0346039801B4059801B4079801B43C
:1088500008B4282103F010FA04B0002002B000BDD3
:10886000042C0BDA00B502F0F0F900F007F804B0C0
:1088700000BD7746009803F00FFABE4600B5002011
:1088800000BD0000022C0BDA00B502F03DF900F04B
:1088900007F802B000BD7746009802F08CF9BE469A
:1088A00000B5019801B4039801B4039801B400F035
:1088B00003F901B001B40198009903F019FA02B06C
:1088C00001B406BC02B404B4F7F786FE02B000207F
:1088D00000BD0000022C0BDA00B502F015F900F023
:1088E00007F802B000BD7746009802F064F9BE4672
:1088F00000B5019801B4039801B4039801B400F0E5
:10890000F7F801B001B40198009903F0F1F902B051
:1089100001B406BC02B404B4E5F772F802B000205A
:1089200000BD0000022C0BDA00B502F0EDF800F0FB
:1089300007F802B000BD7746009802F03CF9BE4649
:1089400000B5002001B401B40398406E042109026F
:10895000013103F0DDF96F467760CFF737F8002873
:1089600001D0012003E0049802F041F9C0680090B2
:108970000398406E04210902013103F0C9F96F46E2
:108980007760CFF723F8002801D0012003E0049896
:1089900002F02DF900690190039801B4FDF784FA03
:1089A00001B0009903F0A4F901B401216F4677608A
:1089B000CFF78AF801B001B46F467760CEF7D0FFE9
:1089C000002802D0009801B011E00098009801B092
:1089D000039801B4FDF78AFA01B0019903F088F910
:1089E00001B401216F467760CFF76EF801B001B492
:1089F0006F467760CEF7B4FF002802D0009801B030
:108A00001FE00098009801B0039801B4E5F730F832
:108A100001B0009903F06CF901B43768B86F01B484
:108A200002F003F86F467760D2F74AFC01B003F01A
:108A3000DCF901B4019800996F467760CFF766F8CA
:108A400002B001B46F467760CEF78AFF002802D0EB
:108A5000009801B01FE00098009801B0039801B49D
:108A6000F7F7F2FD01B0019903F042F901B437685C
:108A7000B86F01B401F0D9FF6F467760D2F724FCDC
:108A800001B003F0B2F901B4019800996F46776024
:108A9000CFF73CF802B002B000BD0000012C0BDAA9
:108AA00000B502F027F800F007F801B000BD7746E6
:108AB000009802F080F8BE4600B50198806C01B4C1
:108AC00001F0B3FF6F467760D2F7FEFB01B003F011
:108AD0008CF900BD012C0BDA00B502F00BF800F0A8
:108AE00007F801B000BD7746009802F064F8BE4672
:108AF00000B50198806C01B401F097FF6F46776074
:108B0000D2F7DEFB01B003F070F900BD022C0BDAE6
:108B100000B501F0F9FF00F007F802B000BD77469C
:108B2000009802F048F8BE4600B501980299C1626B
:108B3000002000BD012C0BDA00B501F0DBFF00F0D6
:108B400007F801B000BD7746009802F034F8BE4641
:108B500000B50198C06A6F467760CEF737FF6F4661
:108B60007760CEF7ADF86F467760CEF7CBF96F46FA
:108B70007760CEF72BFF00280AD0019801B46F462A
:108B80007760CEF775FA01B401980099C16202B01E
:108B90000198C06A00BD0000032C0BDA00B502F09A
:108BA00034F800F007F803B000BD7746009802F0F3
:108BB0002FF9BE4600B5002000BD0000022C0BDAE4
:108BC00000B501F0A1FF00F007F802B000BD774644
:108BD000009802F01DF9BE4600B5019801B42421A9
:108BE00002F066FA01B06F467760CEF7EFFE00281C
:108BF00007D0029801B4029801B42C2102F058FA6F
:108C000002B0002000BD0000022C0BDA00B501F01C
:108C10007BFF00F007F802B000BD7746009802F035
:108C2000F7F8BE4600B5002000BD0000012C0BDAAD
:108C300000B501F05FFF00F007F801B000BD774616
:108C4000009802F0E5F8BE4600B5422000BD0000E5
:108C5000012C0BDA00B501F04DFF00F007F801B070
:108C600000BD7746009803F025F8BE4600B5002009
:108C700001B401B401B401B4E4F74AFF009000204C
:108C80000190009802F006FA80680290012003909B
:108C9000039801B403986F467760CEF753F903F059
:108CA000A4F801B4019800996F467760CEF7E6FE0C
:108CB00002B0002821D0029801B4049803F08BF888
:108CC00001B4019800996F467760CEF74BF902B076
:108CD0000190019801B4242101F01FFF01B06F46FB
:108CE0007760CEF773FE002801D0422008E0039899
:108CF000032102F0EDFF0390CAE7002002900A2052
:108D000004B000BD012C0BDA00B501F0F3FE00F059
:108D100007F801B000BD7746009802F088F9BE461A
:108D200000B5019840696F467760CEF74FFE002886
:108D300001D0C04800E0C04801B40298806801B486
:108D400002F0FBF8BD486F467760CDF753FE01B0E7
:108D500001B402F005F9BA496F467760CDF74AFED3
:108D600001B001B4019801B402F0EEF86F467760EB
:108D7000CDF740FE03B000BD7746009802F08CFFAF
:108D8000BE4600B50198029941600198039981603F
:108D900001980499C160002000BD0000012C0BDA8D
:108DA00000B501F0A7FE00F007F801B000BD77465E
:108DB000009802F053FFBE4600B53768B86F01B4A3
:108DC00001F033FE6F467760D2F77EFA01B003F010
:108DD0000CF800BD012C0BDA00B501F08BFE00F0A1
:108DE00007F801B000BD7746009802F037FFBE4695
:108DF00000B53768B86F01B401F017FE6F467760B1
:108E0000D2F75EFA01B002F0F0FF00BD012C0BDAE0
:108E100000B501F06FFE00F007F801B000BD774625
:108E2000009802F01BFFBE4600B5019840688068BC
:108E300001B43768B86F01B401F0F7FD6F46776091
:108E4000D2F742FA01B002F0D0FF01B4032102F0E0
:108E5000B1FF01B001B40198009902F039FF02B0EE
:108E600000BD0000012C0BDA00B501F043FE00F05C
:108E700007F801B000BD7746009802F0EFFEBE464D
:108E800000B501984068406801B43768B86F01B414
:108E900001F0CBFD6F467760D2F712FA01B002F015
:108EA000A4FF01B4032102F085FF01B001B40198D1
:108EB000009902F00DFF02B000BD0000012C0BDA9A
:108EC00000B501F017FE00F007F801B000BD7746CD
:108ED000009802F0A7FEBE4600B50198806801B474
:108EE00001F0A3FD6F467760D2F7EAF901B002F016
:108EF0007CFF00BD012C0BDA00B501F0FBFD00F09A
:108F000007F801B000BD7746009802F08BFEBE4620
:108F100000B50198806801B401F087FD6F46776065
:108F2000D2F7D2F901B002F060FF00BD012C0BDADC
:108F300000B501F0DFFD00F007F801B000BD774695
:108F4000009802F06FFEBE4600B50198006901B4BA
:108F5000029801B4FFF7DCFF01B001B4032102F075
:108F600029FF01B001B40198009902F0B1FE02B0EE
:108F700000BD0000012C0BDA00B501F0BBFD00F0D4
:108F800007F801B000BD7746009802F04BFEBE46E0
:108F900000B50198406901B4029801B4FFF79CFF45
:108FA00001B001B4032102F005FF01B001B4019842
:108FB000009902F08DFE02B000BD0000012C0BDA1A
:108FC00000B501F097FD00F007F801B000BD77464D
:108FD000009802F035FEBE4600B5002001B40298AC
:108FE000C068406800900298406801B4019801B4DC
:108FF0000198009902F0B4FE02B001B40198032177
:1090000002F076FE01B40099032002F0A9FE01B03F
:1090100001B40198009902F05BFE02B001B000BDFE
:10902000012C14DA00B501F065FD00F010F801B074
:1090300000BD00004C060400FC190400CC1D040017
:109040006C1C04007746009802F0FAFDBE4600B59D
:10905000002001B40298C0684068009002988068BF
:1090600001B4019801B40198009902F079FE02B0B0
:1090700001B40198032102F03BFE01B400990320E2
:1090800002F06EFE01B001B40198009902F020FEDA
:1090900002B001B000BD0000042C0BDA00B501F0F5
:1090A000D4FD00F007F804B000BD7746009802F048
:1090B000C6FCBE4600B5002001B401B401B401B441
:1090C00001B401B401B401B40B9801B40D9801B41A
:1090D000019800996F467760CEF72CFA02B00090A5
:1090E0000320009902F004FE0190019801B40721C9
:1090F0006F467760CEF764FA01B00290019801B430
:1091000005216F467760CEF75BFA01B001B4009994
:1091100007206F467760CEF7E1F901B001B40198FE
:1091200001B4019800996F467760CEF7D7F902B085
:109130000390019801B4009907206F467760CEF73D
:10914000CDF901B001B4019801B405216F467760F3
:10915000CEF736FA01B001B4019800996F467760F6
:10916000CEF7BCF902B00490009801B407216F4615
:109170007760CEF725FA01B00590029801B40A98FD
:10918000806802F02CFC406801B4019800996F4699
:109190007760CEF7A3F902B001B4049801B40B983C
:1091A000C06802F01CFC406801B4019800996F4649
:1091B0007760CEF793F902B001B40198009902F0FC
:1091C00087FD02B001B4059801B40B98006902F064
:1091D00006FC406801B4019800996F467760CEF7AD
:1091E0007DF902B001B40198009902F071FD02B05E
:1091F00001B4069801B40B98406902F0F0FB406896
:1092000001B4019800996F467760CEF767F902B014
:1092100001B40198009902F05BFD02B001B46F4601
:109220007760CEF771FA01B00690029801B40A98FF
:10923000806802F0D4FB806801B4019800996F4601
:109240007760CEF74BF902B001B4049801B40B98E3
:10925000C06802F0C4FB806801B4019800996F46B1
:109260007760CEF73BF902B001B40198009902F0A3
:109270002FFD02B001B4059801B40B98006902F00B
:10928000AEFB806801B4019800996F467760CEF715
:1092900025F902B001B40198009902F019FD02B05D
:1092A00001B4069801B40B98406902F098FB8068FD
:1092B00001B4019800996F467760CEF70FF902B0BC
:1092C00001B40198009902F003FD02B001B46F46A9
:1092D0007760CEF719FA01B00790079801B40798A4
:1092E00001B40C9801B4E2F726FB03B0002008B0EB
:1092F00000BD0000042C0BDA00B501F0A6FC00F064
:1093000007F804B000BD7746009802F0A6FBBE4601
:1093100000B5002001B401B401B401B401B401B43A
:1093200001B40A9801B40C9801B4019800996F46F1
:109330007760CEF7FFF802B000900320009902F0AA
:10934000D7FC0190019801B405216F467760CEF7F4
:1093500037F901B00290019801B4009905206F46D9
:109360007760CEF7BBF801B001B4019801B4019861
:1093700000996F467760CEF7B1F802B0039000987D
:1093800001B405216F467760CEF71AF901B0049059
:10939000029801B40998806802F021FB406801B48A
:1093A000019800996F467760CEF798F802B001B443
:1093B000049801B40A98C06802F011FB406801B437
:1093C000019800996F467760CEF788F802B001B433
:1093D0000198009902F07CFC02B001B4059801B438
:1093E0000A98006902F0FBFA406801B401980099FC
:1093F0006F467760CEF772F802B001B40198009919
:1094000002F066FC02B001B46F467760CEF77CF9DB
:1094100001B00590029801B40998806802F0DFFA63
:10942000806801B4019800996F467760CEF756F8CE
:1094300002B001B4049801B40A98C06802F0CFFAEF
:10944000806801B4019800996F467760CEF746F8BE
:1094500002B001B40198009902F03AFC02B001B4E4
:10946000059801B40A98006902F0B9FA806801B45D
:10947000019800996F467760CEF730F802B001B4DA
:109480000198009902F024FC02B001B46F467760A5
:10949000CEF73AF901B00690069801B4069801B4E7
:1094A0000B9801B4E2F747FA03B0002007B000BD03
:1094B000042C0BDA00B501F0C8FB00F007F804B08B
:1094C00000BD7746009802F0D6FABE4600B50020EF
:1094D00001B401B40398C06802F081FA406801B495
:1094E0000498806802F07BFA406801B40198009902
:1094F00002F0FEFB02B001B4079801B40198009994
:109500006F467760CEF716F802B001B4069801B442
:10951000019800996F467760CDF7E0FF02B001B483
:109520006F467760CEF7F0F801B001B40498806818
:1095300002F055FA406801B40198009902F0C8FBA6
:1095400002B000900398C06802F049FA806801B444
:109550000498806802F043FA806801B40198009989
:1095600002F0C6FB02B001B4079801B4019800995B
:109570006F467760CDF7DEFF02B001B4069801B404
:10958000019800996F467760CDF7A8FF02B001B44B
:109590006F467760CEF7B8F801B001B404988068E0
:1095A00002F01DFA806801B40198009902F090FB66
:1095B00002B00190019801B4019801B4069801B479
:1095C000E2F7B9F903B0002002B000BD042C0BDAB9
:1095D00000B501F03AFB00F007F804B000BD774693
:1095E000009802F056FABE4600B5039801B40598FB
:1095F00001B4019800996F467760CEF777FA02B010
:1096000001B46F467760CEF7ABF9002802D100981D
:1096100001B017E00098009801B0029801B40298D8
:10962000806802F0DCF9406801B40398806802F0B9
:10963000D6F9806801B40EBC02B404B408B4E2F7F1
:109640007AF903B0002000BD012C0BDA00B501F05F
:1096500051FA00F007F801B000BD7746009801F01C
:10966000C6FABE4600B50198006900BD012C0BDAB0
:1096700000B501F03FFA00F007F801B000BD7746F1
:10968000009801F0B4FABE4600B50198C06800BD6C
:10969000042C0BDA00B501F0D8FA00F007F804B09A
:1096A00000BD7746009801F0D5FFBE4600B500200A
:1096B00001B40298006A01B40398406A01B406BC80
:1096C00002B404B400F049F802B001B401F0ADF9FD
:1096D0006F467760D2F738F901B00090009801B476
:1096E000049801F079FF006A01B401F0BEFD0F217A
:1096F0006F467760D2F700FA02B03768B86F01B4EE
:10970000019801B40498806A01B4079802BC02F081
:10971000EFFA01B4F2F7DAFA01B001B40598C06AC1
:1097200001B4099802BC02F0E3FA01B4F2F7CEFAF0
:1097300001B001B401F0A6FD6F467760D3F79AFB44
:1097400004B0002001B000BD022C0BDA00B501F01E
:10975000DBF900F007F802B000BD7746009801F091
:109760008DFEBE4600B502986F467760CEF72EF9A3
:109770006F467760CDF7A4FA6F467760CDF7C2FBEE
:1097800001B46F467760CEF7EBF8002802D000985E
:1097900001B014E00098009801B0029801B401F003
:1097A00031F96F467760CDF7CDFB01B002F01DFBBC
:1097B00001B401216F467760CEF79CF801B06F4687
:1097C0007760CEF703F9002801D0002020E002984E
:1097D00001B4029801B4049801B401F013F96F4682
:1097E0007760CDF7AFFB01B002F0FFFA032102F082
:1097F0007FFA01B406BC02B4012001B404B4EBF753
:10980000DBF803B001B40198009900F0ACFE02B09F
:1098100000BD0000042C0BDA00B501F016FA00F0D0
:1098200007F804B000BD7746009801F023FFBE465C
:1098300000B5002001B4039801F0CEFE4069032179
:109840000902E93102F0F1FA01D009200CE0039895
:1098500001F0C2FE406901210902F53102F0E5FA8A
:1098600001D00B2000E0032000903768B86F01B4EE
:10987000059801B4F2F72AFA01B001B4079801B4CF
:10988000F2F724FA01B001B4039801B401F0ADFC81
:109890006F467760D1F736FD04B0002001B000BDFF
:1098A000042C0BDA00B501F0D0F900F007F804B091
:1098B00000BD7746009801F07FFEBE4600B53768D0
:1098C000B86F01B4049801B4F2F700FA01B001B422
:1098D000069801B4F2F7FAF901B001B401F0C5FB42
:1098E00001236F467760D1F70DFD03B0002000BD66
:1098F000022C0BDA00B501F007F900F007F802B00E
:1099000000BD7746009801F011FDBE4600B50198F4
:10991000806901B4039801B40198009900F023FE16
:1099200002B06F467760CEF751F86F467760CDF79B
:10993000C7F96F467760CDF7E5FA6F467760CEF7E7
:1099400045F8002806D0029801B4029801B4FEF749
:109950003BFB02B00198806901B4039801B40198FF
:10996000009900F000FE02B001B4FEF744FA01B025
:1099700000BD0000032C0BDA00B501F046F900F041
:1099800007F803B000BD7746009801F0CFFCBE4653
:1099900000B50198406901B4039801B4059801B479
:1099A00001F063FB6F467760D1F7CAFC03B002F0A9
:1099B0001CFA00BD022C0BDA00B501F0A5F800F08E
:1099C00007F802B000BD7746009801F0AFFCBE4634
:1099D00000B5002001B401B401B401B401B401B474
:1099E00001B4099801B4F9F7B0FC01B06F46776093
:1099F000CDF7ECFF6F467760CDF762F96F46776081
:109A0000CDF780FA6F467760CDF7E0FF002804D0ED
:109A1000099801B4E3F711FD01B0099801F0CBF802
:109A2000806D0090009801B4F9F771FC01B001B4A9
:109A30000998406801B406BC02B404B4F9F796FD75
:109A400002B00190009801B4F9F73DFC01B001B4F7
:109A50000998406801B406BC02B404B4F9F786FD65
:109A600002B00290009801B4F9F70FFC01B001B404
:109A70000998406801B406BC02B404B4F9F776FD55
:109A800002B00390009801B4F9F7DBFB01B001B418
:109A90000998406801B406BC02B404B4F9F766FD45
:109AA00002B00490019805900598029902F0D1F94E
:109AB00024D0039806900698049902F0CAF917D0AA
:109AC000069801B4069801B40A9801B4502101F037
:109AD000EFFA03B06F467760CDF778FF002801D02A
:109AE00042200CE00698032102F0F2F80690E2E72B
:109AF0000598032102F0ECF80590D5E70A2007B09D
:109B000000BD0000032C0BDA00B501F07EF800F078
:109B100007F803B000BD7746009801F007FCBE4689
:109B200000B5002001B401B4059801B4059801B452
:109B3000059801B400F080F803B06F467760CDF768
:109B400045FF002801D001200FE00398406901B4CF
:109B5000059801B4079801B401F087FA6F46776061
:109B6000D1F7EEFB03B002F040F900900398806952
:109B700001B4019801B40198009900F0F4FC02B01E
:109B800001B46F467760CDF7EBFE002802D0009855
:109B900001B009E00098009801B0009801B4049861
:109BA00001B4FEF711FA02B00190B9486F46776030
:109BB000CFF714F801B4029801B4FEF71CF901B014
:109BC00001B4079801B40698406801B4019800995F
:109BD00002F0C6F802B001B4079801B407984068D3
:109BE00001B40198009902F0BBF802B001B40798E3
:109BF00001B4382101F05CFA01B001B41EBC019837
:109C000001B402B404B408B410B4059801B4FBF76D
:109C100091F806B001BC02B000BD0000032C0BDAC5
:109C200000B500F0F2FF00F007F803B000BD774682
:109C3000009801F07BFBBE4600B5019801B43C21C1
:109C400001F036FA01B06F467760CDF7BFFE6F4680
:109C50007760CDF735F86F467760CDF753F901B4EB
:109C60006F467760CDF77CFE002802D0009801B0E7
:109C70000AE00098009801B0029801B401216F46F3
:109C80007760CDF721FF01B001B46F467760CDF763
:109C900067FE002802D0009801B018E000980098F4
:109CA00001B0029801B40298406901B400F0BDFE11
:109CB0006F467760D1F704FB01B002F096F801B46B
:109CC000019800996F467760CDF710FF02B001B49C
:109CD0006F467760CDF744FE002802D0009801B0AF
:109CE0000AE00098009801B0039801B401216F4682
:109CF0007760CDF7E9FE01B001B46F467760CDF72C
:109D00002FFE002802D0009801B018E000980098BB
:109D100001B0039801B40298406901B400F085FED7
:109D20006F467760D1F7D0FA01B002F05EF801B467
:109D3000019800996F467760CDF7D8FE02B000BD5C
:109D4000032C0BDA00B500F060FF00F007F803B059
:109D500000BD7746009801F0E9FABE4600B5002044
:109D600001B4029801B43C2101F0A2F901B06F46A0
:109D70007760CDF72BFE6F467760CCF7A1FF6F467B
:109D80007760CDF7BFF86F467760CDF71FFE0028EC
:109D900001D00A203CE0049801B4049801B404986E
:109DA00001B4FFF749FF03B06F467760CDF70EFEB1
:109DB000002801D042202BE00298806901B403986A
:109DC000406901B4059801B4079801B401F04DF958
:109DD0006F467760D1F7B4FA03B002F006F801B429
:109DE0000198009900F0BFFB02B00090009801B408
:109DF0006F467760CDF7B4FD002802D1009801B01E
:109E000006E00098009801B0009801F050FE40680C
:109E100001B000BD032C0BDA00B500F0F6FE00F037
:109E200007F803B000BD7746009801F07FFABE4600
:109E300000B518486F467760CEF7D0FE01B402989F
:109E400001B4059801B4059801B4039801B4FAF778
:109E500015FD04B001BC00BD012C0BDA00B500F00B
:109E600049FE00F007F801B000BD7746009801F008
:109E70005DFABE4600B50198806800BD022C10DA7C
:109E800000B500F041FE00F00CF802B000BD00008B
:109E9000E0F303005CF303007746009801F00CFA4E
:109EA000BE4600B5029801B43768B86F01B4039894
:109EB00001B4BB2101F0FEFA03B0002000BD000098
:109EC000012C0BDA00B500F015FE00F007F801B028
:109ED00000BD7746009801F0EFF9BE4600B5019845
:109EE00001B4012109027B3100F0CDFF01B000BDBA
:109EF000022C0BDA00B500F007FE00F007F802B004
:109F000000BD7746009800F056FEBE4600B5002022
:109F100001B401B401B401B401B401B401B40898AE
:109F2000406D6F467760CDF751FD002842D008980C
:109F3000006D002101F0F1FF2DD06F467760CBF767
:109F4000FDFF01F052FF01B40998006D01B40198C2
:109F5000009901F056FF02B00FD00898406D0346FB
:109F6000089801B40A9801B43768B86F01B408B40E
:109F7000242101F081FE04B00CE00898406D01B48A
:109F80002C2101F079FE01B0089800214165089864
:109F9000002101650EE00898406D0346089801B461
:109FA0000A9801B43768B86F01B408B4242101F0ED
:109FB00063FE04B0099801B4099801B4FEF7C0FC2F
:109FC00002B06F467760CDF701FD002800D004E2B3
:109FD0000898406E04210902013101F099FE6F4694
:109FE0007760CDF7F3FC002801D0012003E0099849
:109FF00000F0FDFDC06800900898406E0421090241
:10A00000013101F085FE6F467760CDF7DFFC002857
:10A0100001D0012003E0099800F0E9FD00690190FA
:10A02000089801B4E3F724FD01B0009901F060FE47
:10A0300001B46F467760CDF749FB01B002900898F4
:10A0400001B4F6F701FB01B0019901F051FE01B432
:10A050006F467760CDF73AFB01B003903768B86F71
:10A0600001B40998806C01B4049801B4069801B455
:10A0700001F008F96F467760D2F7FCFE04B008984B
:10A08000406E812101F044FE6F467760CDF79EFC63
:10A09000002800D14FE13768386F0490029805908E
:10A0A000039801B4099801B4FEF706FD01B001B4AC
:10A0B0000198009901F00CFE02B0052101F008FEA4
:10A0C00006903768B86F01B46F467760CCF752FCE2
:10A0D00001B40A9801B4E3F7E7FC01B001B401212F
:10A0E00001F068FE01B001B400F066FE6F467760D3
:10A0F000CCF780FC02B001B400F032FFCA496F46D1
:10A100007760CCF777FC01B001B40A9801B4E1F7AD
:10A1100068FC01B001B4012101F04CFE01B001B4B2
:10A1200000F012FF6F467760CCF764FC02B001B418
:10A1300006BC002001B4059801B4032001B40998BD
:10A1400001B4099801B402B404B4E4F7AFFD07B058
:10A15000059801B4059801B4632100F06FFC01B0CB
:10A1600001B40198009901F0C3FD02B00590089870
:10A1700001B4E1F7B9FB01B001B46F467760CDF7E8
:10A18000EFFB002802D0009801B007E0009800988B
:10A1900001B0089801B4F4F7F7FF01B06F4677609B
:10A1A000CDF714FC002854D0069801B4059801B4EA
:10A1B000622100F043FC01B0052101F089FD01B4EA
:10A1C0000198009901F084FD02B006903768B86FDD
:10A1D00001B4099801B4E1F787FB01B001B4012192
:10A1E00001F0E8FD01B001B400F0A7FE8F486F4612
:10A1F0007760CCF7FFFB01B001B400F0B1FE8A49F3
:10A200006F467760CCF7F6FB01B001B40A9801B451
:10A21000F4F7BAFF01B001B4012101F0CBFD01B0A8
:10A2200001B400F091FE6F467760CCF7E3FB02B01B
:10A2300001B406BC002001B4059801B4032001B4A8
:10A24000099801B4099801B402B404B4E4F72EFDEE
:10A2500007B0089801B4E2F711F901B001B46F46F4
:10A260007760CDF77DFB002802D0009801B007E0B1
:10A270000098009801B0089801B4E2F7C5F801B061
:10A280006F467760CDF7A2FB002854D0069801B442
:10A29000059801B4622100F0D1FB01B0052101F065
:10A2A00017FD01B40198009901F012FD02B006906B
:10A2B0003768B86F01B4099801B4E2F7DFF801B06C
:10A2C00001B4012101F076FD01B001B400F035FECA
:10A2D00057486F467760CCF78DFB01B001B400F0B2
:10A2E0003FFE51496F467760CCF784FB01B001B463
:10A2F0000A9801B4E2F788F801B001B4012101F035
:10A3000059FD01B001B400F01FFE6F467760CCF735
:10A3100071FB02B001B406BC002001B4059801B481
:10A32000032001B4099801B4099801B402B404B43B
:10A33000E4F7BCFC07B02120C000376838586F46EE
:10A340007760CDF743FB002847D03768B86F01B47A
:10A350000998806D01B4F8F7DAFF01B001B4F1F7A4
:10A36000B5FC01B0019901F0C3FC01B40A98806DFD
:10A3700001B4F8F78AFF01B001B4F1F7A7FC01B00E
:10A38000039901F0B5FC01B40B98806D00F05FFEFD
:10A39000806901B4F1F79AFC01B001B40C98806DAA
:10A3A00000F055FEC06901B4F1F790FC01B001B4B2
:10A3B0000027032001B4019801B40297039801B467
:10A3C0000497059801B40697079801B4089709986F
:10A3D00001B40A97EAF732FA0BB0002007B000BDCB
:10A3E000012C0BDA00B500F085FB00F007F801B096
:10A3F00000BD7746009801F04FFCBE4600B5002036
:10A4000000BD0000042C0BDA00B500F01EFC00F0CB
:10A4100007F804B000BD7746009801F03DFCBE4649
:10A4200000B5002000BD0000941B0400E41D0400E2
:10A43000D41C0400012C0BDA00B500F05BFB00F02B
:10A4400007F801B000BD7746009800F0B4FBBE46A7
:10A4500000B50198406E01210902013101F058FC5C
:10A460006F467760CDF7B2FA6F467760CCF728FC7D
:10A470006F467760CCF746FD00BDF0B544464D46CB
:10A4800056465746F0B40C4615461E46074600F0A1
:10A4900085FA6846F0B46946CEF7CCF906463D46E3
:10A4A0002846A96803248847074604B03046CDF7FC
:10A4B00035FD3846F0BCA046A946B246BA46F0BDC6
:10A4C00001B56F467760CDF755FC12BC4160694617
:10A4D0008160C56020470E4681688D46C568416829
:10A4E00001200143084782070ED100280CD00368E1
:10A4F0001A89012A00D170471F6A002F04D001B5C4
:10A500000124B847009000E001B56F467760CDF7B1
:10A510000DFB02BD84071FD100281DD003681C89D4
:10A52000032C19D1491007D34468A14219D2441809
:10A53000207A400001307047490005B508466F4653
:10A540007760CCF7E7FE014605BC6F467760CCF735
:10A5500009FD4000013000BD71466F467760CDF7C0
:10A56000CFFB0120704784071CD100281AD0036854
:10A570001C89062C16D1491006D30489A14216D293
:10A580008900446860587047490005B508466F4621
:10A590007760CCF7BFFE014605BC6F467760CCF70D
:10A5A000E1FC00BD71466F467760CDF7A9FB002046
:10A5B000704784071BD1002819D003681C89032C1D
:10A5C00015D1491005D34468A14215D2441822720E
:10A5D0007047490005B508466F467760CCF79AFE8C
:10A5E000014605BC6F467760CCF7C4FC00BD7146E0
:10A5F0006F467760CDF784FB00B5F3E784071CD185
:10A6000000281AD003681C89062C16D1491006D3DD
:10A610000489A14216D289004468625070474900FB
:10A6200005B508466F467760CCF774FE014605BC59
:10A630006F467760CCF79EFC00BD71466F46776031
:10A64000CDF75EFB00B5F3E784073DD100283BD092
:10A6500003681C89082C05D100B56F467760CCF7DC
:10A6600011FD00BD1C4601B50846CCF71BFD014697
:10A670000098234600F002F801B000BDDA68170028
:10A6800022D04F43D7407F005B68DB191A88D75A26
:10A690008F420BD002331A88D75A8F4206D002332A
:10A6A0001A88D75A8F4201D0002070479B185A68E9
:10A6B000D70707D05F88012F01D1012410477446C6
:10A6C00000F051F88058704771466F467760CDF7BB
:10A6D00017FB6F467760CDF73FFB84073AD1002820
:10A6E00038D003681C89082C05D100B56F46776007
:10A6F000CCF728FD00BD1C4605B50846CCF7D2FCBA
:10A7000001460098234600F002F802B000BDDA6866
:10A7100017001FD04F43D7407F005B68DB191A88B2
:10A72000D75A8F4209D002331A88D75A8F4204D0A1
:10A7300002331A88D75A8F4211D19B185A68D7070B
:10A7400005D01F898F420AD1DA6802241047019B85
:10A750008350704771466F467760CDF7D1FA6F46E8
:10A760007760CDF7F9FA05B40220B2496F467760F9
:10A77000CEF706FA06BCC16002612047548801008A
:10A780000000000089A703000C2C06DAA300AA4AE7
:10A79000D158C3680269641C084771466F467760E8
:10A7A000CDF7AEFAD5A70300E5A70300F9A703008C
:10A7B00011A803002DA803004DA8030071A80300F1
:10A7C00099A80300C5A80300F5A8030029A9030060
:10A7D00061A9030081B008B47146019190470199C5
:10A7E00002B0084781B00199009108B47146029106
:10A7F0009047029902B0084781B0019900910299EF
:10A80000019108B4714603919047039902B008473B
:10A8100081B001990091029901910399029108B4C4
:10A82000714604919047049902B0084781B001999C
:10A83000009102990191039902910499039108B43E
:10A84000714605919047059902B0084781B001997A
:10A85000009102990191039902910499039105993C
:10A86000049108B4714606919047069902B00847D2
:10A8700081B0019900910299019103990291049983
:10A880000391059904910699059108B471460791C1
:10A890009047079902B0084781B001990091029949
:10A8A00001910399029104990391059904910699E4
:10A8B00005910799069108B4714608919047089947
:10A8C00002B0084781B00199009102990191039962
:10A8D00002910499039105990491069905910799AC
:10A8E00006910899079108B4714609919047099912
:10A8F00002B0084781B00199009102990191039932
:10A90000029104990391059904910699059107997B
:10A910000691089907910999089108B471460A911E
:10A9200090470A9902B0084781B0019900910299B5
:10A930000191039902910499039105990491069953
:10A9400005910799069108990791099908910A9923
:10A95000099108B471460B9190470B9902B00847D2
:10A9600081B0019900910299019103990291049992
:10A970000391059904910699059107990691089903
:10A980000791099908910A9909910B990A9108B4BC
:10A9900071460C9190470C9902B00847820706D186
:10A9A000002804D003681A89042A00D17047714630
:10A9B0006F467760CDF7A4F900B50198FFF7EEFF79
:10A9C00000BD820706D1002804D003681A89032A33
:10A9D00000D1704771466F467760CDF791F900B5A9
:10A9E0000198FFF7EEFF00BD820706D1002804D0D2
:10A9F00003681A89062A00D1704771466F4677604E
:10AA0000CDF77EF900B50198FFF7EEFF00BD820794
:10AA100006D1002804D003681A89052A00D170479E
:10AA200071466F467760CDF76BF900B50198FFF777
:10AA3000EEFF00BD7CA70300A4A7030000988207D7
:10AA400031D100282FD00368DA68170020D04F4397
:10AA5000D7407F005B68DB191A88D75A8F420BD02A
:10AA600002331A88D75A8F4206D002331A88D75A2F
:10AA70008F4201D0002070479B185A68D70710D02A
:10AA80005F88012F01D1012410477446FFF76BFE48
:10AA90001A89082A07D174466F467760CCF748FBBD
:10AAA00020478058704771466F467760CDF728F988
:10AAB0006F467760CDF750F9820716D1002814D081
:10AAC00003681A89042A10D100248188002901D141
:10AAD0008168084782B00095714601910546AF68CC
:10AAE000B847019C009D02B0204771466F467760D1
:10AAF000CDF706F90020002101B4704700B5029897
:10AB0000FFF772FF019900BD0020002101B4012C64
:10AB100001DB0298029101B470470098820709D1C5
:10AB2000002807D003681A89102A03DB112A01DCE8
:10AB30005958084771466F467760CDF7E1F800989D
:10AB400082072FD100282DD00368DA6817001CD0A7
:10AB50004F43D7407F005B68DB191A88D75A8F4272
:10AB600009D002331A88D75A8F4204D002331A8888
:10AB7000D75A8F421BD19B185A68D7070FD01F890D
:10AB80008F4214D1DA68022410471A89082A09D1A1
:10AB90007446019A6F467760CCF7F0FA2047019B24
:10ABA0008350704771466F467760CDF7A9F86F46BE
:10ABB0007760CDF7D1F8820706D1002804D003686A
:10ABC0001A89142A00D1704771466F467760CDF715
:10ABD00097F8820706D1002804D003681A891B2A37
:10ABE00000D1704771466F467760CDF789F88207CC
:10ABF00006D1002804D003681A893A2A00D1704788
:10AC000071466F467760CDF77BF80020002101B4D4
:10AC1000022C01DB0398039101B4012C01DB0398A2
:10AC2000039101B470470098820709D1002807D02A
:10AC300003681A89182A03DB192A01DC59580847C6
:10AC400071466F467760CDF75BF80020002101B4B4
:10AC5000032C01DB0498049101B4022C01DB04985D
:10AC6000049101B4012C01DB0498049101B47047F4
:10AC7000820708D1002806D003681A89182A02DB47
:10AC8000192A00DC704771466F467760CDF738F8B7
:10AC9000820706D1002804D003681A89492A00D106
:10ACA000704771466F467760CDF72AF800988207A3
:10ACB00053D1002851D00368DA68170021D04F43E0
:10ACC000D7407F005B68DB191A88D75A8F4209D0BA
:10ACD00002331A88D75A8F4204D002331A88D75ABF
:10ACE0008F423FD19B185A68D70714D05F88012F35
:10ACF00001D002241047012401B5904706BC9646B6
:10AD00000AE01A89082A28D174466F467760CCF782
:10AD10000FFAA64600E080580199009101000191C8
:10AD200082071AD1002818D003681A89042A14D17E
:10AD300001248188002901D18168084782B00299E5
:10AD400000910195714602910546AF68B847029C93
:10AD5000019D0099029102B0204771466F467760CD
:10AD6000CCF7CEFF6F467760CCF7F6FF82071ED197
:10AD700000281CD003681A89042A18D1022481886B
:10AD8000002901D18168084782B002990091039996
:10AD900001910295714603910546AF68B847039C3F
:10ADA000029D009902910199039102B020477146DA
:10ADB0006F467760CCF7A4FF00B50198FFF793FBCF
:10ADC00001900146029800BD00B50298FFF78BFB89
:10ADD000029001460398019A00BD820706D100281F
:10ADE00004D003681A891A2A00D1704771466F4649
:10ADF0007760CCF785FF00B50298FFF7F5FD01B449
:10AE00000298401002D2400000F0E5FF014601BD6B
:10AE1000820708D1002806D003681A89132A02DBAA
:10AE2000162A00DC704771466F467760CCF768FFE2
:10AE3000820706D1002804D003681A891C2A00D191
:10AE4000704771466F467760CCF75AFF820706D18C
:10AE5000002804D003681A891D2A00D17047714662
:10AE60006F467760CCF74CFF00B50398FFF7BCFD49
:10AE700001B40398401002D2400000F0ACFF01463C
:10AE800001BC019A00BD009882074DD100284BD02B
:10AE90000368DA68170021D04F43D7407F005B6812
:10AEA000DB191A88D75A8F4209D002331A88D75A29
:10AEB0008F4204D002331A88D75A8F4239D19B1857
:10AEC0005A68D70714D05F88012F01D0012410479A
:10AED000012401B5904706BC96460AE01A89082A63
:10AEE00022D174466F467760CCF722F9A64600E07F
:10AEF000805801000091820716D1002814D0036801
:10AF00001A89042A10D100248188002901D181687E
:10AF1000084782B00095714601910546AF68B84771
:10AF2000019C009D02B0204771466F467760CCF7C8
:10AF3000E7FE6F467760CCF70FFF00B50198FFF78B
:10AF4000D2FA0190014600BD00B50298FFF7CBFA96
:10AF5000029001B40298FFF7C6FA0290014601BDC3
:10AF600000B50198FFF7BFFA019000BD820706D136
:10AF7000002804D003681A891E2A00D17047714640
:10AF80006F467760CCF7BCFE00B50298401002D245
:10AF9000400000F020FF01B40298401002D24000AF
:10AFA00000F019FF014601BD00B50498401002D21F
:10AFB000400000F010FF01B40498401002D240009D
:10AFC00000F009FF01B40498FFF7E8FC01B404980D
:10AFD000401002D2400000F0FEFE034604BC02BC5A
:10AFE00001BD0020002101B4042C01DB059805916E
:10AFF00001B4032C01DB0598059101B4022C01DB9F
:10B000000598059101B4012C01DB0598059101B467
:10B010007047820706D1002804D003681A891F2AC6
:10B0200000D1704771466F467760CCF769FE8207A2
:10B0300008D1002806D003681A89102A02DB112AD9
:10B0400000DC704771466F467760CCF759FE820787
:10B0500006D1002804D003681A89202A00D170473D
:10B0600071466F467760CCF74BFE00B50398FFF74B
:10B07000CEFC01B40398401002D2400000F0ABFEB9
:10B0800001B40398401002D2400000F0A4FE024632
:10B0900002BC01BD820706D1002804D003681A89CA
:10B0A000212A00D1704771466F467760CCF728FEA1
:10B0B0000098820704D1002802D003685958084735
:10B0C00071466F467760CCF71BFE00B501984010C3
:10B0D00002D2400000F07FFE00BD820706D10028AA
:10B0E00004D003681A89222A00D1704771466F463E
:10B0F0007760CCF705FE820706D1002804D00368EC
:10B100001A89232A00D1704771466F467760CCF7C1
:10B11000F7FD820706D1002804D003681A89242A83
:10B1200000D1704771466F467760CCF7E9FD00B5F6
:10B130000198401002D2400000F04DFE02460298F5
:10B1400000BD00B50298FFF7CEF9029001B4029855
:10B15000401002D2400000F03EFE014601BD00B5A5
:10B160000298FFF72EFC01B40298401002D2400072
:10B1700000F031FE024601BD00B50398FFF721FC47
:10B1800001B40398401002D2400000F024FE01B444
:10B190000398401002D2400000F01DFE024602BC9F
:10B1A00001BD00B50298FFF70CFC01B40298FFF74F
:10B1B00008FC024601BD00B50498FFF728FC01B465
:10B1C0000498FFF7FEFB01B40498401002D240003F
:10B1D00000F001FE01B40498401002D2400000F0DB
:10B1E000FAFD034604BC02BC01BD00B50498FFF79C
:10B1F0000EFC01B40498401002D2400000F0EBFDB8
:10B2000001B40498401002D2400000F0E4FD01B403
:10B210000498401002D2400000F0DDFD034604BC5B
:10B2200002BC01BD00B50398FFF7F1FB01B4039820
:10B23000FFF7EDFB01B40398401002D2400000F08C
:10B24000CAFD024602BC01BD00B50298FFF74BF9EA
:10B250000290019900BD00B50298FFF7D8FB01B438
:10B260000298FFF7D4FB014601BD00B50298FFF735
:10B27000CEFB01B40298401002D2400000F0ABFDBA
:10B28000024601BD00B50498FFF7C1FB01B4049864
:10B29000FFF7BDFB01B40498401002D2400000F05B
:10B2A0009AFD01B40498401002D2400000F093FDD2
:10B2B000034604BC02BC01BD820706D1002804D0AD
:10B2C00003681A89152A00D1704771466F46776066
:10B2D000CCF716FD820706D1002804D003681A892E
:10B2E000252A00D1704771466F467760CCF708FD7C
:10B2F000820706D1002804D003681A89262A00D1C3
:10B30000704771466F467760CCF7FAFC820708D128
:10B31000002806D003681A89272A02DB282A00DCC5
:10B32000704771466F467760CCF7EAFC820706D11A
:10B33000002804D003681A89282A00D17047714672
:10B340006F467760CCF7DCFC820706D1002804D07A
:10B3500003681A89292A00D1704771466F467760C1
:10B36000CCF7CEFC00B50298FFF72BFB01B4029896
:10B37000401002D2400000F02EFD014601BD8207C0
:10B3800006D1002804D003681A89172A00D1704713
:10B3900071466F467760CCF7B3FC820706D1002870
:10B3A00004D003681A892A2A00D1704771466F4673
:10B3B0007760CCF7A5FC00B50198401002D24000A0
:10B3C00000F009FD014600BD820726D1002824D0E7
:10B3D00003681A89042A20D104248188002901D114
:10B3E0008168084782B002990091039901910499FC
:10B3F0000291059903910495714605910546AF6840
:10B40000B847059C049D0099029101990391029906
:10B4100004910399059102B0204771466F46776009
:10B42000CCF76EFC00B50298401002D2400000F04C
:10B43000D2FC01B40298FFF7C4FA014601BD00B581
:10B440000398FFF7BEFA01B40398401002D24000FF
:10B4500000F0C1FC024601BC019B00BD820708D17F
:10B46000002806D003681A892B2A02DB2C2A00DC6C
:10B47000704771466F467760CCF742FC820706D171
:10B48000002804D003681A89122A00D17047714637
:10B490006F467760CCF734FC820706D1002804D0D1
:10B4A00003681A892D2A00D1704771466F4677606C
:10B4B000CCF726FC0098820759D1002857D00368A2
:10B4C000DA68170021D04F43D7407F005B68DB1953
:10B4D0001A88D75A8F4209D002331A88D75A8F4216
:10B4E00004D002331A88D75A8F4245D19B185A6824
:10B4F000D70714D05F88012F01D0032410470124FF
:10B5000001B5904706BC96460AE01A89082A2ED152
:10B5100074466F467760CBF70BFEA64600E0805876
:10B5200001990091029901910100029182071ED1B7
:10B5300000281CD003681A89042A18D102248188A3
:10B54000002901D18168084782B0029900910399CE
:10B5500001910295714603910546AF68B847039C77
:10B56000029D009902910199039102B02047714612
:10B570006F467760CCF7C4FB6F467760CCF7ECFB87
:10B58000820706D1002804D003681A89162A00D140
:10B59000704771466F467760CCF7B2FB820706D1E1
:10B5A000002804D003681A892E2A00D170477146FA
:10B5B0006F467760CCF7A4FB820708D1002806D03D
:10B5C00003681A89302A02DB342A00DC704771468E
:10B5D0006F467760CCF794FB820706D1002804D031
:10B5E00003681A89352A00D1704771466F46776023
:10B5F000CCF786FB0098820709D1002807D00368A2
:10B600001A892F2A03DB342A01DC5958084771466E
:10B610006F467760CCF774FB820708D1002806D00C
:10B6200003681A892F2A02DB342A00DC704771462E
:10B630006F467760CCF764FB820706D1002804D000
:10B6400003681A89332A00D1704771466F467760C4
:10B65000CCF756FB820708D1002806D003681A8968
:10B66000322A02DB342A00DC704771466F4677606D
:10B67000CCF746FB820708D1002806D003681A8958
:10B68000312A02DB342A00DC704771466F4677604E
:10B69000CCF736FB820706D1002804D003681A894C
:10B6A0002C2A00D1704771466F467760CCF728FB93
:10B6B00082071AD1002818D003681A89042A14D1E5
:10B6C00001248188002901D18168084782B002994C
:10B6D00000910195714602910546AF68B847029CFA
:10B6E000019D0099029102B0204771466F46776034
:10B6F000CCF706FB0098820707D1002805D0036825
:10B700001A89372A01D15958084771466F46776020
:10B71000CCF7F6FA820706D1002804D003681A890C
:10B72000372A00D1704771466F467760CCF7E8FA48
:10B7300000B50398FFF76BF901B40398FFF767F9B9
:10B7400001B40398401002D2400000F044FB0346CD
:10B7500002BC01BD820708D1002806D003681A89FF
:10B76000362A02DB382A00DC704771466F46776064
:10B77000CCF7C6FA0020002101B4052C01DB0698A5
:10B78000069101B4042C01DB0698069101B4032C48
:10B7900001DB0698069101B4022C01DB06980691A4
:10B7A00001B4012C01DB0698069101B470478207B1
:10B7B00006D1002804D003681A89392A00D17047BD
:10B7C00071466F467760CCF79BFA00B50198401040
:10B7D00002D2400000F0FFFA02460398029900BD31
:10B7E00000B50498FFF7EDF801B40498401002D2B8
:10B7F000400000F0F0FA01B40498401002D240007A
:10B8000000F0E9FA024602BC01BC019B00BD00B594
:10B810000298FEF768FE029001B40298FFF7D1F893
:10B82000014601BD820706D1002804D003681A89A9
:10B83000342A00D1704771466F467760CCF760FAC2
:10B8400000B50398FEF74FFE039001B40398401033
:10B8500002D2400000F0BFFA01B40398401002D2B7
:10B86000400000F0B8FA024602BC01BD00B50298E3
:10B87000FFF7CDF801B40298401002D2400000F06A
:10B88000AAFA014601BD820706D1002804D0036848
:10B890001A893B2A00D1704771466F467760CCF712
:10B8A0002FFA0098820709D1002807D003681A8967
:10B8B000272A03DB282A01DC5958084771466F46BE
:10B8C0007760CCF71DFA820704D1002802D0036804
:10B8D00000E0704771466F467760CCF711FA820737
:10B8E00006D1002804D003681A89192A00D17047AC
:10B8F00071466F467760CCF703FA820706D10028BD
:10B9000004D003681A893C2A00D1704771466F46FB
:10B910007760CCF7F5F9820706D1002804D00368D8
:10B920001A893D2A00D1704771466F467760CCF77F
:10B93000E7F9820708D1002806D003681A893F2A50
:10B9400002DB412A00DC704771466F467760CCF716
:10B95000D7F90098820709D1002807D003681A890F
:10B960003F2A03DB412A01DC5958084771466F46DC
:10B970007760CCF7C5F9820707D1002805D00368A6
:10B980001A89412A01D1422070470A207047820754
:10B9900007D1002805D003681A89402A01D1422026
:10B9A00070470A207047820706D1002804D0036838
:10B9B0001A89422A00D1704771466F467760CCF7EA
:10B9C0009FF9820706D1002804D003681A89402A0B
:10B9D00000D1704771466F467760CCF791F98207C6
:10B9E00006D1002804D003681A893E2A00D1704786
:10B9F00071466F467760CCF783F90098820709D1CA
:10BA0000002807D003681A89432A03DB472A01DC90
:10BA10005958084771466F467760CCF771F982072D
:10BA200008D1002806D003681A89432A02DB472A76
:10BA300000DC704771466F467760CCF761F982078A
:10BA400006D1002804D003681A89472A00D170471C
:10BA500071466F467760CCF753F9820706D100280C
:10BA600004D003681A89462A00D1704771466F4690
:10BA70007760CCF745F9820706D1002804D0036827
:10BA80001A89452A00D1704771466F467760CCF716
:10BA900037F9820706D1002804D003681A89442A9E
:10BAA00000D1704771466F467760CCF729F982075D
:10BAB00006D1002804D003681A89482A00D17047AB
:10BAC00071466F467760CCF71BF90098820707D163
:10BAD000002805D003681A89382A01D15958084727
:10BAE00071466F467760CCF70BF9820706D10028C4
:10BAF00004D003681A89382A00D1704771466F460E
:10BB00007760CCF7FDF80098820709D1002807D0AC
:10BB100003681A89362A03DB382A01DC595808479A
:10BB200071466F467760CCF7EBF8820722D1002888
:10BB300020D003681A89042A1CD103248188002993
:10BB400001D18168084782B002990091039901915F
:10BB5000049902910395714604910546AF68B84770
:10BB6000049C039D0099029101990391029904910B
:10BB700002B0204771466F467760CCF7C1F800B538
:10BB80000298401002D2400000F025F901B402985A
:10BB9000FEF7A9FC0290014601BD820706D10028EC
:10BBA00004D003681A894A2A00D1704771466F464B
:10BBB0007760CCF7A5F8820706D1002804D0036887
:10BBC0001A894B2A00D1704771466F467760CCF7CF
:10BBD00097F800B50298401002D2400000F0FBF840
:10BBE00001B40298FEF7DAFE024602BD820706D1D2
:10BBF000002804D003681A89412A00D17047714691
:10BC00006F467760CCF77CF8820706D1002804D015
:10BC100003681A894C2A00D1704771466F467760D5
:10BC2000CCF76EF8820706D1002804D003681A8981
:10BC30004E2A00D1704771466F467760CCF760F8A6
:10BC4000820706D1002804D003681A894D2A00D142
:10BC5000704771466F467760CCF752F8820706D17D
:10BC6000002804D003681A894F2A00D17047714612
:10BC70006F467760CCF744F80098820707D1002818
:10BC800005D003681A89502A01D1595808477146CE
:10BC90006F467760CCF734F8820706D1002804D0CD
:10BCA00003681A89502A00D1704771466F46776041
:10BCB000CCF726F8820706D1002804D003681A8939
:10BCC000112A00D1704771466F467760CCF718F89B
:10BCD000C20706D0CA0704D04A1E821801D6100037
:10BCE000F04703B56F467760CBF7D0FB02B000BDDD
:10BCF000C20706D0CA0704D04A1E821A01D6100015
:10BD0000F04703B56F467760CBF7D4FB02B000BDB8
:10BD1000C20703D0CA0701D00840F04703B56F46F9
:10BD20007760CBF761FB02B000BDC20703D0CA0742
:10BD300001D00843F04703B56F467760CBF730FB7F
:10BD400002B000BDC20704D0CA0702D04840401C60
:10BD5000F04703B56F467760CBF70EFB02B000BD2E
:10BD6000C2070CD0CA070AD08B06DB0E42109A40DD
:10BD7000930F01D0032B02D15000401CF04703B5B4
:10BD80006F467760CBF7C8FA02B000BDC2070AD091
:10BD9000CA0708D08B06DB0E4210DA40930F02D19F
:10BDA0005000401CF04703B56F467760CBF730FB7F
:10BDB00002B000BDC20707D0CA0705D08B06DB0E54
:10BDC000184101221043F04703B56F467760CBF767
:10BDD000BBFA02B000BD401000D3F047400000B5F0
:10BDE0006F467760CBF796FA00BD4200511088424B
:10BDF00001D1501CF04700B56F467760CBF76AF869
:10BE000000BDC20707D0CA0705D0401A01DB0020D9
:10BE100070470120704703B56F467760CBF754FE3B
:10BE2000CBF7D4FD002802B000BDC20707D0CA0777
:10BE300005D0401A01DC002070470120704703B58F
:10BE40006F467760CBF762FECBF7C0FD002802B0EB
:10BE500000BDC20707D0CA0705D0401A01DD002087
:10BE600070470120704703B56F467760CBF71AFE25
:10BE7000CBF7ACFD002802B000BDC20707D0CA074F
:10BE800005D0401A01DA002070470120704703B541
:10BE90006F467760CBF72AFECBF798FD002802B0FB
:10BEA00000BDC20707D0CA0705D0401A01D0002044
:10BEB00070470120704703B56F467760CBF71AFDD6
:10BEC000CBF784FD002802B000BDC20707D0CA0727
:10BED00005D0401A01D0002070470120704703B5FB
:10BEE0006F467760CBF760FCCBF770FD002802B09F
:10BEF00000BDC20707D0CA0705D0401A01D10020F3
:10BF000070470120704703B56F467760CBF7FAFCA6
:10BF1000CBF75CFD002802B000BDC20707D0CA07FE
:10BF200005D0401A01D1002070470120704703B5A9
:10BF30006F467760CBF740FCCBF748FD002802B096
:10BF400000BD0000200004F96CBF030010000000D9
:10BF50001A2BA629798B0000398C0000218A000059
:10BF6000117F0000058D0300C5D301008800860005
:10BF70009C00820080007E007C007A0078007600C1
:10BF80007400920070006E00DC006A006800AE0071
:10BF90006400620060005E0084005A005800560091
:10BFA0005400A200A800B6004C004A004800460019
:10BFB0004C00420040003E007C003A003800AE00D9
:10BFC0006400320030002E002C002A0028002600D9
:10BFD00024002200200056001C002A001800160031
:10BFE0001400120010006E000C000A000800060089
:10BFF000040002002400000004000000C80000004B
:10C0000008000000450100000C000000460100008F
:10C0100010000000260000001400000027000000AF
:10C0200018000000290000001C000000A10102000F
:10C03000058D030037010200F91D030035010200E0
:10C04000651E03003601020055B802000B01020014
:10C0500029F20200DD000200A9D301003001020034
:10C06000A5E001006C0102006D1D03000400020048
:10C0700045B702000000000000000000200004F9A5
:10C08000A4C00300110000001A2BA629798B000020
:10C09000398C0000218A0000117F000000000000A0
:10C0A0006D8C0300880086009C00820080007E006A
:10C0B0007C007A00780076007400920070006E00B8
:10C0C000DC006A006800B6006400620060005E0088
:10C0D00084005A00580056005400AA00B000B60070
:10C0E0004C004A00480046004C00420040003E0020
:10C0F00084003A003800AE006400320030002E00A8
:10C100002C002A00280026002400220020005E00C7
:10C110001C002A001800160014001200100046002F
:10C120000C000A00080006000400020024000000C1
:10C1300004000000C80000000800000045010000E5
:10C140000C00000046010000100000002600000066
:10C150001400000027000000180000002900000063
:10C160001C000000DD000200518C0300A101020050
:10C17000058D030037010200F91D0300350102009F
:10C18000651E03003601020055B802000B010200D3
:10C1900029F2020030010200A5E001006C0102005A
:10C1A0006D1D03000400020045B7020000000000FE
:10C1B000000000000C0004F9D8C1030012000000C8
:10C1C0001DE7536A798B0000398C0000218A00003A
:10C1D000117F000000000000300016001400120063
:10C1E000180036000C001A002800060004000200A7
:10C1F000EA000000040000005C01000008000000EC
:10C2000004010200014A0200390102009D490200B6
:10C21000280102004997030025010200E170030094
:10C2200000000000000000000C0004F95CC20300E4
:10C23000130000001D258B65798B0000398C0000F0
:10C24000218A0000117F000000000000498C0300DB
:10C25000D98B0300258C0300B58B03001800160052
:10C260001C003A00280046003C001A0008000600A6
:10C27000040002003500000004000000C8000000B7
:10C2800008000000050002002D8C0300BD01010024
:10C2900091C50100BD01000039C501000100020087
:10C2A000BD8B030002000200098C030004000200A1
:10C2B000998B030000000000000000006C0004F9EE
:10C2C000F0C203001400000019E7536A798B0000E4
:10C2D000398C0000218A0000117F0000898303004F
:10C2E00051A40300D98B03000D9F0300AD8403000C
:10C2F00008010601040102010001BE01FC00420127
:10C300000001060274024202F000CE02EC00EA00D4
:10C31000E800E600E400E2001003BE01DC00EA00F1
:10C32000080216034C027201D000CE00CC00CA00F5
:10C33000C800C600C4003202C0004E01BC00BA00F2
:10C34000B800EE00B400B200B000D6004402CA0249
:10C35000A8000E016C02DA023002F6028C011A010A
:10C3600098009E029400AA02900036020401AA01DD
:10C370005801AE028400E20030017E00D4007A0051
:10C38000780076003C0172008800AE0124026A0049
:10C3900068006600A400620060025E00E4015A00CA
:10C3A000C001560054005200D8004E004C004A0014
:10C3B000480046002C02420040003E00AC00D20083
:10C3C00038007E022C02320130002E002C000202C6
:10C3D00038022600CC00820150001E001C003A00EA
:10C3E000180016000402CA0010005E000C000A00CB
:10C3F00008000600040002003500000004000000F0
:10C40000C800000008000000330000000C0000001D
:10C410003400000010000000300000001400000094
:10C420003100000018000000070000001C000000A0
:10C4300008000000200000001000000024000000A0
:10C4400011000000280000000C0000002C0000007B
:10C450001700000030000000E6000000340000007B
:10C4600019000000380000001A0000003C00000025
:10C470000600000040000000ED0000004400000045
:10C480001500000048000000200000004C000000E3
:10C49000530100005000000054010000540000004F
:10C4A0001300000058000000230000005C000000A2
:10C4B00018000000600000009F0000006400000001
:10C4C0008100000068000000B50101008DDA010064
:10C4D000B501000079D90100B9010100BDB9010021
:10C4E000B901000051050300B0010100CDB8010001
:10C4F000B001000091B80100B10101006DF102002E
:10C50000B101000031F102004600010061C40100E8
:10C510004600000025C4010047000100EDC30100F2
:10C5200047000000B1C30100A900010079C3010068
:10C53000A900000031C30100AA000100F9C20100F6
:10C54000AA0000009DC201007B000100358B0300A2
:10C550007B0000000D8B0300CA000100C5D601005E
:10C5600066010200CDD301006501020029D401005B
:10C57000DE000200393303000500020035A4030089
:10C58000B3010100D58A0300C40001009D8A0300A5
:10C59000E800010055DA0100E8000000E5D90100DB
:10C5A0004B0101008D5E03004B010000D5880300A4
:10C5B000A20101002D060300A2010000BD05030039
:10C5C0004E000100D15E03004E000000858803008C
:10C5D000E2000200014602006701020025BD0100E1
:10C5E0006B01020025B90100DB0002002589030070
:10C5F00002000200F19E0300040002009184030087
:10C600006301020055BA0100170102008D5C0300AE
:10C61000D5000200A5F10200660002002D660300AD
:10C620003F010200C5480300800002006D43020084
:10C630000D000200F1430200A10102008983030002
:10C64000BD01010091C50100BD01000039C5010017
:10C6500001000200BD8B030000000000000000008C
:10C660000C0004F984C60300170000001DE7536A9C
:10C67000798B0000398C0000218A0000117F0000B6
:10C680006583030030003E001C004A0010000E00CD
:10C690001C002A0038000600040002002D000000E3
:10C6A0000400000025000000080000008F010200C7
:10C6B0003D4202003E0102001D410200A5010200B0
:10C6C0008D2402002B0102006D2302002A010200CA
:10C6D00039230200A101020065830300000000006D
:10C6E00000000000040004F91CC70300180000004B
:10C6F0001D395E47798B0000398C0000218A0000CB
:10C70000117F0000000000001DBD0100F94502007E
:10C710004DBA0100B1A002006DAD02003800160054
:10C72000240012001000260014000A000800060071
:10C73000040002003B00020001BD010042010200B2
:10C74000DD4502000001020031BA0100870002004D
:10C7500095A00200FF00020051AD020000000000A1
:10C7600000000000080004F988C703001A00000058
:10C770001DE7536A798B0000398C0000218A000084
:10C78000117F0000C98203001800460014002A002F
:10C790003000360014001A000800060004000200F1
:10C7A0002C00000004000000E90001002D830300BC
:10C7B000880102003DEF02003800020039BF01008D
:10C7C0004101020035C0010070000200BDBF010040
:10C7D000A1010200C9820300000000000000000067
:10C7E000600004F904C803001B0000001A258B65D3
:10C7F000798B0000398C0000218A0000117F000035
:10C8000000000000B8000E0184008200C0009E00FD
:10C810003401B2005801EE003C01720070006E005D
:10C820006C006A00D80066000401620060005E00CF
:10C830005C005A0008012601540052006000E60026
:10C84000A4004A004800460044004A008800560000
:10C850003C00BA00380036003400320030002E00B0
:10C860002C002A00D000FE00E4007200B000860018
:10C870001C007A00400016001400120010000E0088
:10C880000C000A00080006000400020099000000E5
:10C8900004000000480000000800000097010000AC
:10C8A0000C0000003E0000001000000087010000A6
:10C8B000140000008901000018000000270100009A
:10C8C0001C00000056000000200000009F00000037
:10C8D0002400000082000000280000007600000014
:10C8E0002C000000140100003000000015010000C1
:10C8F00034000000980100003800000068000000CB
:10C900003C000000B201000040000000AD0000004B
:10C9100044000000220100004800000071000000F7
:10C920004C000000A0000000500000001F000000AC
:10C93000540000000C00000058000000320100000C
:10C940005C000000CF000200019402007B000100A7
:10C9500099C40200FA000200CDC601003B000200AB
:10C96000C9C4010080000200E58402004301020006
:10C97000B9A002000000000000000000280004F937
:10C98000A0C903001C0000001B395E47798B000022
:10C99000398C0000218A0000117F00000000000097
:10C9A00078007E00AC00B200600086003C003A00D7
:10C9B000480036003400AA0058002E002C002A003F
:10C9C000280086002400220020006E001C002200A7
:10C9D000180016002C006A0010000E004C000A001F
:10C9E0000800060004000200BC0000000400000073
:10C9F000A400000008000000A60000000C000000D9
:10CA0000A8000000100000009D01000014000000BC
:10CA10007F00000018000000310100001C00000031
:10CA2000C9000000200000005101000024000000A7
:10CA30007E000100D1DF0100500102009DC901000C
:10CA40003B01020019C801003A01020031830200D3
:10CA5000A4010200D18302003C010200F1C60100E2
:10CA60003D01020075CF0100000000000000000041
:10CA70000C0004F994CA03001D0000001F0F885722
:10CA8000798B0000398C0000218A0000117F0000A2
:10CA9000000000000C001200080006000400020064
:10CAA0001101000004000000BB00000008000000AD
:10CAB00000000000000000001C0004F9DCCA0300B4
:10CAC0001E0000001DE7536A798B0000398C0000BE
:10CAD000218A0000117F00000000000028001E00D5
:10CAE0001400320038000E000C002200080006007E
:10CAF000040002009600000004000000AD010000E8
:10CB0000080000008B0100000C0000009E010000E6
:10CB1000100000006D000000140000000F01000074
:10CB2000180000000000000000000000140004F9DC
:10CB300050CB03001F0000001D258B65798B000082
:10CB4000398C0000218A0000117F000000000000E5
:10CB500030002600140012003000360014000A00D5
:10CB600008000600040002008A0100000400000022
:10CB7000AC01000008000000BB0000000C00000039
:10CB80009F000000100000003A010200C5D0010023
:10CB9000A4010200818402000000000000000000E7
:10CBA000200004F9C4CB0300200000001ADD6062FD
:10CBB000798B0000398C0000218A0000117F000071
:10CBC00000000000880086008400820080007E0053
:10CBD0007C007A007800AE009C007200B8006E0005
:10CBE0006C006A00680066006400620090005E00ED
:10CBF0005C005A00580056005400520050004E008D
:10CC00004C004A00480046004400420040003E00FC
:10CC100054003A00780036003400420088002E00AC
:10CC20002C002A00280026002400220028001E00D4
:10CC30001C001A00180016001400120010000E004C
:10CC40005C002A000800060004000200CB0000007F
:10CC5000040000004A01000008000000200100005C
:10CC60000C00000018010000100000001901000075
:10CC700014000000B301000018000000C400000010
:10CC80001C000000E8000100FD320300A2010100C9
:10CC9000793203004B010100B53203004E00010060
:10CCA00031320300DF00020039D60100000000002D
:10CCB00000000000180004F9D8CC03002100000097
:10CCC0001AC90C67798B0000398C0000218A00009A
:10CCD000117F0000000000008800A60084009A0078
:10CCE00080007E007C007A00780076007400EA0004
:10CCF000D000EE006C00B2006800CE00640062005C
:10CD000060005E005C006A009800560054007A00E3
:10CD100050004E004C004A00800046004400420093
:10CD200040003E004400C2003800360034003200AB
:10CD300030002E002C002A002800260024002200AB
:10CD400020001E001C006A001800160014001200CB
:10CD500068000E000C000A00080006000400020033
:10CD60002C01000004000000510000000800000039
:10CD70003F0000000C000000140000001000000044
:10CD80000A000000140000000B00010045B502007D
:10CD90000B00000081B40200C8000100411F030025
:10CDA000E800010009E001004B01010075E001000D
:10CDB000A6010100E5B402008600010015B50200DD
:10CDC0005000020039E001006E000100651F030001
:10CDD0006E000000D11E03009300020011DE01006E
:10CDE00003000200C9AD02000400020079B602008F
:10CDF0000000000000000000340004F91CCE030015
:10CE0000220000001AE7536A798B0000398C000079
:10CE1000218A0000117F00000000000088008600C9
:10CE200084008200A000EE007C007A00780076008A
:10CE3000BC00DA00700086006C0092006800BE0042
:10CE4000EC001A013801EE005C005A00A8001E0137
:10CE50005400D20050004E004C004A008800E6000A
:10CE6000440042005000FE006C00D2003800360042
:10CE70006C00320030002E002C003200280026000A
:10CE80002400F20020001E001C00C20090001600CA
:10CE9000C400120010000E006C000A00080006001A
:10CEA0000400020025000000040000004A00000009
:10CEB000080000004C0000000C0000009D00000075
:10CEC000100000007F010000140000007D01000040
:10CED00018000000AE0100001C0000007E010000F0
:10CEE00020000000B501000024000000B90100008E
:10CEF00028000000E80000002C000000A60100004F
:10CF000030000000CF00020079080200B5000200E6
:10CF10002D080200C8000200A5820300580102008B
:10CF200085E401006F010200E9E3010061000200F5
:10CF300029430200BF0002006DFC0100EB0002006B
:10CF4000F50A020068010200550A020060000200B2
:10CF5000CD420200BE000200B9F901000C0102003E
:10CF60003567020038010200B5FC01008F000200A5
:10CF700085FD01009000020031FA01008A000200E4
:10CF800079F4010000000000000000002C0004F90A
:10CF9000B0CF0300230000001CE7536A798B000028
:10CFA000398C0000218A0000117F00000000000081
:10CFB00028002E0044004A00580066001C002A0089
:10CFC000180016001400120050000E000C00220081
:10CFD00038000600040002002D01000004000000DB
:10CFE000AF01000008000000AC0000000C000000D1
:10CFF000C300000010000000020100001400000047
:10D000004B000000180000004D0000001C00000054
:10D01000A2000000200000007300000024000000B7
:10D020007200000028000000000000000000000066
:10D03000140004F964D00300150000001C395E4799
:10D04000798B0000398C0000218A0000117F0000DC
:10D0500000000000DD9E0300D98B0300A39E0300A7
:10D06000B58B030058006E003400220060001E00E3
:10D070003C001A00400016002C00120010001600A0
:10D080000C000A0008000600040002003500000041
:10D0900004000000C800000008000000BB00000001
:10D0A0000C0000007B0100001000000005000200E1
:10D0B000C19E0300020002007D9E0300BD0101002D
:10D0C00091C50100BD01000039C501000100020049
:10D0D000BD8B030004000200998B030000000000D8
:10D0E00000000000100004F908D103002400000033
:10D0F0001E01E1EE798B0000398C0000218A0000CE
:10D10000117F000000000000200016000C000A0043
:10D11000080006000400020058010000040000009E
:10D12000EB00000008000000EC0000000C00000014
:10D1300000000000000000001C0004F95CD10300A6
:10D14000250000001C258B65798B0000398C0000C0
:10D15000218A0000117F00000000000028003E002E
:10D1600024002A0020001E003C001A00180056006F
:10D170005C004200480036001C005A00080006000F
:10D18000040002008801000004000000A700000065
:10D1900008000000CC0000000C000000D4000000DB
:10D1A000100000003600000014000000E500000040
:10D1B000180000001600020085100200A7010200FE
:10D1C00065110200B200020069130200390002007A
:10D1D0005D0F020040010200F90E02000000000095
:10D1E00000000000100004F908D20300260000002F
:10D1F0001D2BA629798B0000398C0000218A0000A4
:10D20000117F000000000000300026003C001A00E2
:10D2100010002E000C000A000800060004000200A6
:10D220002A000000040000000900000008000000BF
:10D23000970100000C000000B50101002D1602004E
:10D24000B9010100A51502002901020031150200F3
:10D250000000000000000000140004F9B8D2030030
:10D26000270000001BE7536A798B0000398C00000F
:10D27000218A0000117F0000000000009D82030051
:10D280008BAC020005AB0200FDAC020079AB0200E2
:10D290002D4D030049220200554803009147030029
:10D2A000718003008D1A0200A93403004D4C030065
:10D2B00091330300D1470300B000560074007A0098
:10D2C000C000C60044008A00380036003400320036
:10D2D0003000CE002C006A008000BE003C0022001E
:10D2E000400066007C001A00A800160084001200AE
:10D2F00088000E000C000A0008000600040002006E
:10D300002B000000040000001B00000008000000CB
:10D310001D0000000C00000044010000100000008F
:10D32000550101000916020055010000812202008A
:10D330007B000100818203000901020069AC020048
:10D340000A010200E9AA020045000200E1AC020065
:10D35000440002005DAB0200E6000100114D030035
:10D36000970001002D220200B70002003948030097
:10D37000B900020075470300D60002005580030083
:10D3800087000200711A0200D90002008D340300E8
:10D39000B4000200314C0300DA00020075330300D0
:10D3A000B8000200B54703000000000000000000C4
:10D3B000200004F910D4030028000000198B124744
:10D3C000798B0000398C0000218A0000117F000059
:10D3D00000000000798203000582030091810300B0
:10D3E00031810300D1800300759E0300FD18020007
:10D3F000319E0300919903005119020051790300F5
:10D400005D9D0300219B0300D19903000D9903004A
:10D4100008010601040102010001FE000C01FA00EE
:10D42000F8008E01C401F200F000EE005C01EA0099
:10D43000E800E6001C013201E000DE00DC00DA005A
:10D44000D800D600D400D2004801CE00CC007A012A
:10D45000C800C600C400C200C000BE00BC00BA00C4
:10D46000B800B600D400B200B000AE007401AA004B
:10D47000A800A600A400A20040019E009C009A0003
:10D480009800960094009200900036018C00920063
:10D49000880086004401820080007E007C007A00C3
:10D4A0007800B6000401720070006E006C006A0023
:10D4B0006800EE0064006200600036015C005A0003
:10D4C000880056005400520050004E004C004A00A4
:10D4D000480046006C00420040003E003C00BA009C
:10D4E000380036003400320078008E002C002A000C
:10D4F0008000260024002200200086001C001A0064
:10D5000018002E0014001200C8000E000C000A00C3
:10D5100008000600040002002B00000004000000C8
:10D520001B000000080000001D0000000C000000AF
:10D5300044010000100000001E0000001400000064
:10D540002E00000018000000D70000001C000000A2
:10D550007B0001005D82030009010200E9810300F4
:10D560000A010200758103004500020015810300D5
:10D5700044000200B5800300E6000100599E03004C
:10D5800097000100E118020077010200ADE10200FE
:10D59000690102008DE00200B7000200159E030041
:10D5A000BA00020049170200AF000200AD7F03007D
:10D5B000DC0002001D9C0300D600020035190200A9
:10D5C0008700020035790300D9000200419D030065
:10D5D000B4000200059B0300DA000200B5990300C5
:10D5E000B900020075990300B8000200F198030029
:10D5F00055010100091602005501000081220200B8
:10D600000000000000000000200004F92CD60300F8
:10D61000290000001B258B65798B0000398C0000E8
:10D62000218A0000117F0000000000004800660011
:10D630004400420070003E003C003A008000A6001A
:10D640003400320030003E002C002A0028005E002A
:10D650007C00220028001E001C005A001800160042
:10D660003C007A00100026000C006A00080006004A
:10D67000040002007B00000004000000E70000003E
:10D68000080000009C0100000C0000005300000096
:10D69000100000002B000000140000003200000009
:10D6A00018000000120000001C000000B30101007F
:10D6B00009220200C4000100E52102005501010019
:10D6C0006920020055010000CD220200B7000200CF
:10D6D0008D200200B8000200FD1E0200E0000200E2
:10D6E0001D350300DC0002002521020000000000BF
:10D6F000000000000C0004F918D703002A00000005
:10D700001DE7536A798B0000398C0000218A0000E4
:10D71000117F000000000000180016001400120025
:10D72000100016001C002200280006000400020061
:10D73000F8000000040000000D01000008000000D7
:10D740008F0102008D4202003401020021390200E3
:10D750002A010200E924020000000000000000008D
:10D76000100004F984D703002B0000001D834249F8
:10D77000798B0000398C0000218A0000117F0000A5
:10D7800000000000300016001400220010002E00DF
:10D7900014000A00080006000400020081010000D5
:10D7A000040000007D000000080000007C00000074
:10D7B0000C0000008B010200A94B02008000020057
:10D7C000254602000000000000000000140004F9DB
:10D7D000F0D703002D0000001A49A041798B00000A
:10D7E000398C0000218A0000117F00000000000039
:10D7F000880086008400820080007E007C007A0021
:10D80000780076007400920078006E006C006A0068
:10D81000680066006400620060005E0084005A00D8
:10D82000580056005400520050004E004C004A0070
:10D83000780046004400420040003E003C003A00B0
:10D8400038004E003400320030002E002C002A0038
:10D85000280026002400220020001E001C001A00C0
:10D86000180016001400120010000E000C001A0020
:10D8700008000600040002002F0100000400000060
:10D8800095000000080000009C0000000C00000053
:10D89000A00100001000000043000200B14A020095
:10D8A0005F000200694B02008C010200E176030078
:10D8B0000000000000000000380004F9F0D8030068
:10D8C000160000001AE7536A798B0000398C0000BB
:10D8D000218A0000117F000000000000498C030035
:10D8E00081750300258C0300B58B0300DD62020007
:10D8F00088000E01440182008800D6005401C20055
:10D90000780076001401720020016E00BC006A00ED
:10D91000680066006400620060005E005C009A00BF
:10D9200058005600BC007A0050004E004C00AA007F
:10D930005800B600EC00420040005E00F400B20067
:10D94000380036002C0132003000BE002C0062008E
:10D95000280026005400A2003800FE000C011A0026
:10D96000180016001400DA0010000E00DC000A0097
:10D97000080006000400020035000000040000005A
:10D98000C800000008000000330100000C00000087
:10D990000E00000010000000400000001400000015
:10D9A000ED000000180000001E0100001C00000037
:10D9B000C0000000200000009F01000024000000C3
:10D9C00026010000280000000F0000002C000000CD
:10D9D0004600000030000000470000003400000056
:10D9E00001000200657503002F000200DD5F0200E8
:10D9F00028000200455602005F010200E54F0200C8
:10DA00006E010200994C020097000100D9510200FA
:10DA1000970000006951020080000200F1550200E9
:10DA200064000200495802006001020071550200C2
:10DA30006D01020099550200620102003955020091
:10DA4000AA010200C16202008E00020031760300CA
:10DA5000050002002D8C0300BD01010091C50100ED
:10DA6000BD01000039C5010002000200098C03005D
:10DA700004000200998B0300000000000000000079
:10DA8000100004F9A4DA03002E0000001E0F8857CE
:10DA9000798B0000398C0000218A0000117F000082
:10DAA0000000000018000E000C001A00080006001C
:10DAB00004000200E2000000040000001301000066
:10DAC00008000000BB0000000C0000000000000087
:10DAD00000000000180004F9F8DA03002C00000030
:10DAE0001B271327798B0000398C0000218A000046
:10DAF000117F000000000000480046004C0042007A
:10DB000040003E006C003A0038006E0034005200C5
:10DB100030002E0054002A002800660024003A003D
:10DB200020001E001C001A0018001600140012002D
:10DB300010001E000C000A0008000600040002008D
:10DB400081010000040000007D00000008000000CA
:10DB50007C0000000C0000008001000010000000AC
:10DB600057010000140000008C010200D173030073
:10DB700098000200217503008B010200A94B0200EE
:10DB800080000200254602000000000000000000A6
:10DB9000040004F9BCDB03002F0000001F49A04172
:10DBA000798B0000398C0000218A0000117F000071
:10DBB0000000000025640200AD76030014000A0096
:10DBC000080006000400020075000200096402005B
:10DBD0008E000200917603000000000000000000AB
:10DBE000100004F90CDC0300300000001DE7536A4C
:10DBF000798B0000398C0000218A0000117F000021
:10DC000000000000F5720300BD9803001800260014
:10DC10001C003A0028000E003C002A000800060004
:10DC2000040002008301000004000000FB0000006B
:10DC300008000000840100000C00000075000200D4
:10DC4000D97203008E000200A19803007101020046
:10DC500095530200610102006D52020000000000B5
:10DC600000000000240004F990DC030031000000F3
:10DC70001B395E47798B0000398C0000218A000037
:10DC8000117F000000000000A5710300319803001F
:10DC9000480046004400420040004E003C003A006C
:10DCA0006000360034003200480086002C002A0054
:10DCB000480026006C006200200056001C001A007C
:10DCC000180016001400620010003E000C00120044
:10DCD00008000600040002008301000004000000A8
:10DCE000FB00000008000000840100000C000000A0
:10DCF000B701000010000000BB010000140000008C
:10DD0000FC00000018000000F00000001C000000F3
:10DD1000AB000000200000007500020089710300C4
:10DD20008E00020015980300710102009553020055
:10DD3000610102006D5202000000000000000000BE
:10DD4000300004F96CDD0300320000001A258B65F9
:10DD5000798B0000398C0000218A0000117F0000BF
:10DD60000000000045710300AD960300E000FE00D6
:10DD700084008200C8007E00BC007A00900076001B
:10DD800074007200A0006E006C006A0068006600FB
:10DD900064006200C0005E005C00CA0058005600CB
:10DDA000BC00520050009E004C004A004800460053
:10DDB00044004A0040003E003C003A003800360073
:10DDC0003400320030004E002C002A0028002600CB
:10DDD0002400220058001E001C001A001800260013
:10DDE00014001200100036000C000A0008000600A3
:10DDF000040002008301000004000000FB0000009A
:10DE000008000000840100000C000000B7010000C1
:10DE100010000000BB01000014000000FC00000026
:10DE200018000000F00000001C000000AB00000023
:10DE30002000000082010000240000001801000002
:10DE400028000000190100002C0000003A00020028
:10DE5000356502008E0002009196030075000200F5
:10DE60002971030071010200955302006101020053
:10DE70006D5202000000000000000000300004F9B4
:10DE8000A8DE0300330000001A258B65798B0000A3
:10DE9000398C0000218A0000117F00000000000082
:10DEA00095700300AD960300E800FE008400820038
:10DEB000C8007E00BC007A009000760074007200FA
:10DEC000A0006E006C006A006800660064006200DA
:10DED000C8005E005C00CA0058005600AC0052004A
:10DEE00050009E004C004A004800460044004A0092
:10DEF00040003E003C003A0038003600340032005A
:10DF000030004E002C002A002800260024002200A9
:10DF100058001E001C001A001800260014001200F1
:10DF2000100036000C000A00080006000400020081
:10DF30008301000004000000FB0000000800000056
:10DF4000840100000C000000B70100001000000078
:10DF5000BB01000014000000FC00000018000000DD
:10DF6000F00000001C000000AB00000020000000DA
:10DF700082010000240000001801000028000000B9
:10DF8000190100002C0000007500020079700300E8
:10DF90003A000200356502008E00020091960300EF
:10DFA0007101020095530200610102006D520200EE
:10DFB0000000000000000000240004F9DCDF030082
:10DFC000350000001CDD6062798B0000398C000098
:10DFD000218A0000117F0000000000003800460088
:10DFE000240022005000560034001A0018001600C9
:10DFF0001400120010000E00340012000800060089
:10E00000040002003300000004000000340000009F
:10E0100008000000B00100000C000000B101000089
:10E0200010000000ED0000001400000004010000DA
:10E03000180000007B0000001C00000069000000C8
:10E04000200000000000000000000000300004F983
:10E050007CE00300360000001A2BA629798B000013
:10E06000398C0000218A0000117F000000000000B0
:10E0700069E5020085250300ADE50200C0008600C9
:10E080008400820080007E007C007A00F000760030
:10E090009C007200B800EE006C006A006800660028
:10E0A000D400620060007E005C006A005800FE0040
:10E0B0006C00DA0050004E004C004A0048004E0050
:10E0C00084004200E0003E003C003A003800360088
:10E0D0003400920030002E007C002A0090002600C0
:10E0E0002400220078004E00B4001A001800160028
:10E0F000C4001200A0000E000C000A000800060078
:10E1000004000200CA00000004000000A300000098
:10E1100008000000770000000C0000006B00000009
:10E12000100000004E01000014000000A3010000D8
:10E1300018000000D00000001C000000D10000000A
:10E14000200000007800000024000000A100000072
:10E1500028000000940100002C000000A70102002C
:10E160004DE50200750102006925030092000200DE
:10E1700091E5020089000200516F02008800020050
:10E18000617A02009B0002006976020065000200CD
:10E19000F17302008D000200CD7402007A000200CB
:10E1A00079700200930102003D71020092010200A9
:10E1B000C17002006401020025E7020000000000B7
:10E1C00000000000440004F9F4E1030037000000FF
:10E1D00019E7536A798B0000398C0000218A00000E
:10E1E000117F000000000000196F02008525030068
:10E1F000D57102000801060104012A010001FE0098
:10E20000FC00FA00F800F600F4005A01F000EE00FD
:10E21000EC00EA00E800E600E400E200E000DE00D6
:10E22000DC00DA00D800D600D400D200D000CE0046
:10E23000CC00CA002001C600C400C200C000BE005D
:10E24000BC00BA00B800B600B400B200B000AE0026
:10E25000AC00AA0058017601D400A20020019E0063
:10E26000AC009A00B00096009400920090008E00DE
:10E2700034018A00880086008400820080007E00CD
:10E280007C007A00380176007400720070006E0025
:10E290006C006A006800F6006400620060002601FD
:10E2A0005C005A00E0005E005400B20070004E00B6
:10E2B0004C004A00480046004400420040003E0036
:10E2C0008C0072003800AE003400720030002E0066
:10E2D0000C0172009800260024002200C0001E00DD
:10E2E000B4001A001800CE001400EA0010000E005E
:10E2F0000C000A000800060004000200CA0000002A
:10E3000004000000A30000000800000077000000E7
:10E310000C0000006B000000100000004E01000027
:10E3200014000000A301000018000000D00000004D
:10E330001C000000D1000000200000007800000058
:10E3400024000000A100000028000000940100004B
:10E350002C0000007900000030000000D800000010
:10E3600034000000B4010000380000005801000033
:10E370003C000000C50000004000000083000200D7
:10E38000D56E0200A7010200FD6E0200920002009D
:10E39000B9710200750102006925030089000200BD
:10E3A000516F020088000200617A02009B000200A7
:10E3B0006976020065000200F17302008D00020020
:10E3C000CD7402007A00020079700200930102000D
:10E3D0003D71020092010200C1700200640102005E
:10E3E00025E702000000000000000000140004F90E
:10E3F00010E40300390000001DE7536A798B000028
:10E40000398C0000218A0000117F0000000000000C
:10E410005000160014004200100016001C002200DC
:10E42000280006000400020069000000040000004B
:10E430001500000008000000560000000C0000005D
:10E440001C00000010000000CA000100417E020014
:10E45000CA000000197E0200BD00020069780300B6
:10E4600087000200CDA202000000000000000000B2
:10E47000300004F99CE40300340000001A258B6589
:10E48000798B0000398C0000218A0000117F000088
:10E490000000000045710300AD960300E000FE009F
:10E4A00084008200C8007E00BC007A0090007600E4
:10E4B00074007200A0006E006C006A0068006600C4
:10E4C00064006200C0005E005C00CA005800560094
:10E4D000BC00520050009E004C004A00480046001C
:10E4E00044004A0040003E003C003A00380036003C
:10E4F0003400320030004E002C002A002800260094
:10E500002400220058001E001C001A0018002600DB
:10E5100014001200100036000C000A00080006006B
:10E52000040002008301000004000000FB00000062
:10E5300008000000840100000C000000B70100008A
:10E5400010000000BB01000014000000FC000000EF
:10E5500018000000F00000001C000000AB000000EC
:10E5600020000000820100002400000018010000CB
:10E5700028000000190100002C0000003A000200F1
:10E58000356502008E0002009196030075000200BE
:10E59000297103007101020095530200610102001C
:10E5A0006D5202000000000000000000240004F989
:10E5B000D0E503003A0000001B395E47798B00006C
:10E5C000398C0000218A0000117F0000000000004B
:10E5D000600046004400720090003E003C003A009B
:10E5E000380036003400320058002E004C00320053
:10E5F000A00026002400220020008E001C001A002B
:10E60000280016004C00720050008E0074000A00B2
:10E6100008000600040002002100000004000000C1
:10E6200022000000080000008B0000000C00000029
:10E630008C000000100000008501000014000000A4
:10E640007A01000018000000790100001C000000A1
:10E650007801000020000000090101002DAD02003A
:10E6600009010000CDAB02000A010100A9AB0200C4
:10E670000A0100004DAA0200B50101002570030047
:10E68000B9010100D16F0300E80001006D9603009D
:10E69000A201010049960300A7010200E5A70200BC
:10E6A00000000000000000001C0004F9CCE603009C
:10E6B0003B0000001DE7536A798B0000398C000095
:10E6C000218A0000117F00000000000048001600B1
:10E6D0001C002A0038000E001C002A00080006005A
:10E6E000040002008500000004000000CB000000D0
:10E6F00008000000470100000C0000004801000075
:10E70000100000003C000000140000003D0000006C
:10E71000180000008700020025A40200000000008D
:10E72000000000001C0004F95CE703001900000071
:10E730001A258B65798B0000398C0000218A000036
:10E74000117F000000000000576E03000D6E0300F3
:10E75000052C03007D6C0300F14D030008011E0130
:10E760003401820080007E007C007A007800EE0098
:10E770007400C20070006E006C006A0068006600E1
:10E780006400620060005E007C005A008000B600F9
:10E790005400520050004E004C004A00F000460069
:10E7A000E400B200400056003C003A00C8003600C9
:10E7B00034003200B8002E0094002A0068002600C1
:10E7C00054002A0020001E001C001A001800160029
:10E7D0001400120010000E001C000A0008000600C1
:10E7E000040002008801000004000000EF000000A7
:10E7F00008000000F70000000C000000F10000001D
:10E8000010000000FD00000014000000F3000000F4
:10E8100018000000F4000100A9BD0200F40000008F
:10E8200051BD0200FE000100A1BC0200FE0000007C
:10E8300051BC0200F500010025BD0200F5000000FA
:10E84000E9BC02003B000200356E030042010200F9
:10E85000F16D030087000200616C0300FF000200FD
:10E86000D54D0300740002006566030086010200B6
:10E87000915603009A010200893503009B010200B2
:10E88000E143030000010200E92B030057000200EE
:10E89000692E03006F0002008D6B03000000000072
:10E8A00000000000180004F9C8E803003C00000064
:10E8B0001B258B65798B0000398C0000218A0000B4
:10E8C000117F0000E52A030048005E00540042006A
:10E8D00040003E003C008A00680036005400920070
:10E8E000A0002E002C006A0028005E0024002200F8
:10E8F0002000660074004200800016001400120020
:10E9000018000E000C000A000800060004000200B7
:10E910005E000000040000005D0000000800000030
:10E920004D0100000C0000006A0000001000000013
:10E930004F0000001400000003010200695D0300A5
:10E9400016010200F95B030087000200916C0300CE
:10E9500049010200D563030064000200F56503006D
:10E96000E100020055600300D3000200A962030029
:10E97000D200020011610300F9000200155F0300DC
:10E98000A1010200E52A03000000000000000000D1
:10E99000080004F9B4E903003D0000001F49A0414C
:10E9A000798B0000398C0000218A0000117F000063
:10E9B000000000000C000A0008000600040002002D
:10E9C000240100000400000000000000000000001E
:10E9D0000C0004F9F4E903003E0000001F0F885703
:10E9E000798B0000398C0000218A0000117F000023
:10E9F000000000000C0012000800060004000200E5
:10EA0000B501000004000000B9010000080000008A
:10EA10000000000000000000100004F940EA0300BC
:10EA20003F0000001D258B65798B0000398C0000AC
:10EA3000218A0000117F00000000000091C4020044
:10EA4000300016001C00120020000E002C000A00EE
:10EA500008000600040002008D0100000400000010
:10EA60008501000008000000EE0000000C0000001E
:10EA7000CF00020035C10200A701020075C40200E8
:10EA80000000000000000000180004F9B0EA0300D4
:10EA9000400000001DE7536A798B0000398C0000AC
:10EAA000218A0000117F000000000000812803007F
:10EAB0001800160014003200180036001C000A006E
:10EAC00020003600040002008D0100000400000058
:10EAD0008501000008000000EE0000000C000000AE
:10EAE00023010000100000000501000014000000D8
:10EAF000A701020065280300CF00020035C1020013
:10EB000000000000000000000C0004F92CEB0300E2
:10EB1000420000001D258B65798B0000398C0000B8
:10EB2000218A0000117F00000000000028003E0044
:10EB300014001A0040002E0024000A0040000600C5
:10EB4000040002000601000004000000E4000000D0
:10EB500008000000AE000200B5CA02006C0002000E
:10EB600039DB0200210102006DC5020038000200FD
:10EB700079CA0200E9000100BDC402004F01020091
:10EB80003129030000000000000000001C0004F90F
:10EB9000B4EB0300410000001CE7536A798B0000CE
:10EBA000398C0000218A0000117F00000000000065
:10EBB000B9260300280026002400220038003E0069
:10EBC0001C001A0040001E001400420010001E002D
:10EBD0000C00420008000600040002008D01000045
:10EBE000040000008501000008000000EE000000A5
:10EBF0000C000000E300000010000000A70000006F
:10EC000014000000A500000018000000A701020089
:10EC10009D260300CF00020035C102000000000065
:10EC200000000000080004F954EC03004300000059
:10EC30001EBFA234798B0000398C0000218A0000AD
:10EC4000117F000000000000DD2A0300B5DA020099
:10EC500071CA02001000260014001A000800060005
:10EC600004000200720100000400000042000200E3
:10EC7000C12A0300B300020099DA0200B1000200C9
:10EC800055CA020000000000000000000C0004F95A
:10EC9000BCEC0300440000001D17AF19798B000085
:10ECA000398C0000218A0000117F00000000000064
:10ECB000E9950300B5DA02005D260300180016008E
:10ECC00014001A0020000E0024002A00080006008C
:10ECD0000400020072010000040000001B0100009B
:10ECE0000800000042000200CD950300B1000200C0
:10ECF00041260300B300020099DA02000000000080
:10ED000000000000100004F934ED0300450000008D
:10ED10001DBFA234798B0000398C0000218A0000CD
:10ED2000117F000000000000CD940300B5DA02005E
:10ED300039260300180026001400320028000E00B7
:10ED400034001200080006000400020072010000F6
:10ED5000040000001A010000080000001B01000070
:10ED60000C00000042000200B1940300B100020058
:10ED70001D260300B300020099DA02000000000023
:10ED800000000000140004F9B4ED03004600000088
:10ED90001DE7536A798B0000398C0000218A00003E
:10EDA000117F0000000000001193030015260300EE
:10EDB000F125030018001E003C00320020000E0068
:10EDC0003C0022000800060004000200720100005E
:10EDD000040000001A010000080000001B010000F0
:10EDE0000C0000001C0100001000000042000200A6
:10EDF000F5920300B3000200F9250300B100020000
:10EE0000D52503000000000000000000180004F9F0
:10EE10003CEE0300470000001C8B1247798B00007A
:10EE2000398C0000218A0000117F000000000000E2
:10EE3000B5900300CD250300A92503002800460056
:10EE40005C002200280046001C001A001800260062
:10EE500014001200400026000C000A000800060002
:10EE60000400020072010000040000001A0100000A
:10EE7000080000001B0100000C0000001C01000045
:10EE8000100000001D0100001400000042000200FC
:10EE900099900300B3000200B1250300B100020005
:10EEA0008D2503000000000000000000140004F99C
:10EEB000D0EE0300480000001DBFA234798B000093
:10EEC000398C0000218A0000117F00000000000042
:10EED00018001E002400120030000E0024000A005A
:10EEE0000800060004000200070100000400000002
:10EEF000EF00000008000000120100000C000000FC
:10EF00005200000010000000CA000100E57D03006F
:10EF10000000000000000000480004F948EF030072
:10EF2000380000001A258B65798B0000398C0000B1
:10EF3000218A0000117F00000000000069E5020046
:10EF400069E70200E5210300880086008400DA00FA
:10EF500048017E007C007A00780076007400720020
:10EF6000800096005C01BA006800660064006200E0
:10EF700060000E015C005A0058002E01540052003F
:10EF8000680036016C000A01780046004400DA008F
:10EF9000C000C6007C00A20038003E009400320091
:10EFA00030009E002C002A0028002600CC00220001
:10EFB00020001E00FC00620018004E00B400E200B9
:10EFC000A000C6000C008200080006000400020039
:10EFD000CA00000004000000A300000008000000B8
:10EFE000770000000C0000006B0000001000000023
:10EFF0004E01000014000000A301000018000000F2
:10F00000D00000001C000000D10000002000000023
:10F010007800000024000000A1000000280000008B
:10F02000940100002C00000091010000300000005D
:10F0300090010000340000009F0100003800000033
:10F04000080100003C000000F20000004000000049
:10F05000F600000044000000A90102007DE6020065
:10F06000750102004DE7020074010200B5E50200DF
:10F0700092000200C9210300A70102004DE5020031
:10F0800089000200516F020088000200617A0200CC
:10F090009B0002006976020065000200F173020025
:10F0A0008D000200CD7402007A0002007970020027
:10F0B000930102003D71020092010200C170020042
:10F0C0006401020025E702000000000000000000CB
:10F0D0000C0004F9F4F00300490000001F0F8857EA
:10F0E000798B0000398C0000218A0000117F00001C
:10F0F000000000000C0012000800060004000200DE
:10F10000E200000004000000BB0000000800000056
:10F110000000000000000000200004F93CF10300A2
:10F120004A0000001B2BA629798B0000398C0000B7
:10F13000218A0000117F0000000000004800460006
:10F140004400420068003E003C003A0038004E0097
:10F150003400320030002E004C008200880026006F
:10F160007400220050001E001C001A001800160037
:10F170004C005A0018004E001C000A00080006004F
:10F1800004000200100100000400000095010000CE
:10F19000080000005E0100000C0000005A010000A1
:10F1A000100000005B010000140000005901000085
:10F1B00018000000B00000001C0000007C010200EC
:10F1C00085F902000E010200D10203007001020065
:10F1D000B506030091000200550003008400020000
:10F1E0005D090300AB010200C1070300000000003D
:10F1F00000000000240004F918F203004B00000096
:10F200001BE7536A798B0000398C0000218A0000CB
:10F21000117F00000000000048004600A400B2007A
:10F2200040003E005C00420038004E008C0082002E
:10F230003000660074002A002800260054003200C6
:10F2400048001E001C001A001800160054007A0026
:10F2500010000E000C000A00080006000400020066
:10F260005800000004000000C60000000800000074
:10F27000A20100000C0000008E0100001000000040
:10F280009501000014000000C700000018000000F5
:10F29000B60000001C000000360000002000000046
:10F2A0007C010200850C03002E010200C50B030047
:10F2B0006A010200F104030076010200510C030010
:10F2C00073010200450A030084000200D90903000B
:10F2D000A8010200850A03000000000000000000F1
:10F2E000200004F904F303004C0000001DE7536AFA
:10F2F000798B0000398C0000218A0000117F00000A
:10F3000000000000300016002400320010003E0013
:10F31000340012000800060004000200850100000D
:10F320000400000054000000080000005500000028
:10F330000C0000009300000010000000940000008A
:10F3400014000000B801000018000000BC0100001B
:10F350001C0000000000000000000000100004F984
:10F3600080F303004D0000001DE7536A798B000015
:10F37000398C0000218A0000117F0000000000008D
:10F3800028004600140012003800160024002A004D
:10F3900040000600040002002A00000004000000F3
:10F3A0000900000008000000970100000C000000A8
:10F3B00067000100154803004C010100F1470300FC
:10F3C000B501010021900300B9010100BD8F0300C8
:10F3D0009901010021470300000000000000000027
:10F3E000180004F904F403004E0000001B4F2531FF
:10F3F000798B0000398C0000218A0000117F000009
:10F4000000000000480046004400420040003E006A
:10F410003C005200380036003400320030002E002C
:10F420002C002A00680046002400220058004E00EC
:10F430001C001A00200016001400120038000E00F4
:10F440001C000A000800060004000200E60000009C
:10F4500004000000CA00000008000000960100003F
:10F460000C000000A201000010000000E8000000F5
:10F4700014000000B5010100758F0300B9010100FF
:10F480002D8F0300C4000100F58E0300B3010100BD
:10F49000BD8E03000000000000000000080004F919
:10F4A000C0F403004F0000001DABC832798B000090
:10F4B000398C0000218A0000117F0000000000004C
:10F4C000180016002C002200100016000C002A0064
:10F4D00008000600040002005600000004000000BE
:10F4E000B5010100658E0300B90101000D8E030016
:10F4F000B3010100D58D0300C40001009D8D030000
:10F500000000000000000000100004F938F50300BE
:10F51000500000001DDD6062798B0000398C000016
:10F52000218A0000117F00000000000021A40300D8
:10F530007D880300FDA3030018003E0014001200A4
:10F54000300016001C002200080006000400020023
:10F5500091010000040000009E000000080000006F
:10F560004B0000000C0000008700020005A403000F
:10F57000A70102006188030080000200E1A30300EC
:10F580000000000000000000BE0100004CFD030070
:10F5900054FD030064FD030078FD03008CFD0300AF
:10F5A0009CFD0300ACFD0300BCFD0300C8FD03008F
:10F5B000D4FD0300E0FD0300F4FD030010FE030092
:10F5C0001CFE030030FE03003CFE03004CFE030063
:10F5D00058FE030064FE030074FE030084FE030073
:10F5E00090FE0300A0FE0300ACFE0300B8FE030083
:10F5F000D4FE0300E4FE0300F4FE030004FF030056
:10F6000014FF030020FF030030FF030040FF03004E
:10F6100054FF030064FF030074FF030088FF03002E
:10F6200098FF0300A8FF0300B8FF0300D0FF03000A
:10F63000E0FF0300F4FF03000000040010000400DA
:10F64000200004002C0004003C0004004C000400D6
:10F6500058000400640004007400040080000400EA
:10F660008C00040098000400A8000400BC00040002
:10F67000C8000400E0000400F000040000010400E1
:10F6800010010400200104003401040044010400BE
:10F6900054010400680104007401040084010400A2
:10F6A00098010400A8010400B4010400C001040092
:10F6B000D4010400E4010400F0010400000204008D
:10F6C0001002040024020400340204004402040076
:10F6D0005402040064020400780204009002040052
:10F6E000A0020400B0020400C0020400DC02040016
:10F6F000E8020400FC0204000C03040020030400E0
:10F7000030030400440304005403040064030400B1
:10F71000780304008C030400A0030400B003040079
:10F72000BC030400D0030400E8030400F403040055
:10F730000C040400180404002C0404003C0404001D
:10F7400054040400640404007404040084040400E9
:10F7500094040400AC040400C8040400E0040400A1
:10F76000FC040400140504002C0504003C050400FE
:10F7700050050400600504007805040084050400B9
:10F780009C050400B0050400C0050400D805040071
:10F79000E805040000060400180604002C06040016
:10F7A0003C0604004C0604005806040064060400ED
:10F7B000780604008C0604009C060400B0060400D1
:10F7C000C4060400D8060400EC0604000007040088
:10F7D0001007040020070400340704004007040059
:10F7E0004C0704005C070400680704007807040065
:10F7F00090070400A4070400B4070400C407040031
:10F80000D8070400E4070400F4070400000804001B
:10F810001808040024080400340804004008040008
:10F82000580804006C0804008008040090080400D4
:10F83000A8080400B4080400C0080400D0080400AC
:10F84000E0080400FC080400100904002409040076
:10F85000340904004809040058090400740904002C
:10F860008809040098090400A8090400B8090400E4
:10F87000CC090400E0090400FC0904000C0A04009F
:10F880001C0A0400380A0400480A0400580A04004C
:10F89000640A0400780A04008C0A0400A00A040028
:10F8A000B00A0400C00A0400CC0A0400DC0A040008
:10F8B000E80A0400FC0A0400080B0400140B04000E
:10F8C000200B0400300B0400400B04004C0B040020
:10F8D0005C0B04006C0B0400800B0400940B040010
:10F8E000A40B0400B80B0400D00B0400E00B0400D0
:10F8F000F80B04000C0C04001C0C0400300C040079
:10F90000440C0400540C0400640C0400740C040047
:10F91000840C0400900C04009C0C0400AC0C04004B
:10F92000BC0C0400CC0C0400D80C0400E80C04004F
:10F93000F40C0400040D0400100D04001C0D040060
:10F94000340D0400440D0400500D04005C0D04004F
:10F95000700D04008C0D04009C0D0400B00D04001B
:10F96000C00D0400D00D0400E40D0400F80D0400E7
:10F97000080E04001C0E04002C0E04003C0E0400B3
:10F98000500E0400640E0400740E0400800E040087
:10F99000940E0400A80E0400C00E0400D00E040053
:10F9A000DC0E0400F00E0400FC0E04000C0F04003A
:10F9B0001C0F04002C0F04003C0F04004C0F04002B
:10F9C000600F0400780F0400880F0400940F0400F7
:10F9D000A40F0400B00F0400C40F0400D40F0400EF
:10F9E000EC0F0400001004001010040024100400A8
:10F9F000301004003C1004004810040054100400AF
:10FA0000601004006C1004007C1004008C100400D2
:10FA10009C100400A8100400C0100400CC100400C6
:10FA2000E0100400F4100400041104001811040094
:10FA30002C11040038110400441104005411040076
:10FA4000681104007C1104008C110400A41104004E
:10FA5000B8110400D0110400E4110400F4110400F2
:10FA60001012040028120400401204005412040072
:10FA7000681204007C1204008C120400AC12040012
:10FA8000C8120400E0120400F8120400101304006D
:10FA900028130400381304004C1304005C13040002
:10FAA00070130400841304009C130400AC130400BE
:10FAB000BC130400D0130400DC130400E81304009A
:10FAC000F413040004140400101404001C140400B3
:10FAD000301404004814040050140400641404009A
:10FAE000781404008414040090140400A814040082
:10FAF000B4140400C8140400D8140400EC14040066
:10FB0000F81404000C1504001C150400341504003E
:10FB100044150400581504006C1504007C150400FD
:10FB20008C1504009C150400AC150400BC150400E1
:10FB3000CC150400DC150400EC15040000160400CC
:10FB40001416040024160400401604005016040085
:10FB5000641604007416040084160400941604004D
:10FB6000A8160400B8160400C8160400D81604002D
:10FB7000F0160400041704001C17040034170400D6
:10FB800040170400501704006417040074170400A1
:10FB90008417040098170400A8170400B417040081
:10FBA000C4170400D4170400EC1704000018040064
:10FBB0001018040024180400301804003C18040035
:10FBC0005418040064180400701804007C18040021
:10FBD0008C18040098180400B0180400C41804001D
:10FBE000D4180400E0180400F01804000019040000
:10FBF0001C1904002C190400441904005C190400A9
:10FC00006C19040080190400901904009C19040068
:10FC1000A8190400B8190400C4190400D01904007C
:10FC2000E4190400FC190400081A0400181A04005E
:10FC30002C1A0400401A0400581A0400741A040014
:10FC4000801A04008C1A0400A01A0400B81A0400D8
:10FC5000C41A0400D01A0400EC1A0400F81A0400B4
:10FC6000041B04000C1B04001C1B04002C1B0400C0
:10FC7000381B0400401B0400501B0400601B0400E0
:10FC80006C1B040000000000040000001E040000C3
:10FC9000050000001F04000020000000110000000B
:10FCA0002100000001000000220000000D00000003
:10FCB000240000000A00000025000000A000000051
:10FCC00026000000800000002700000080000000E7
:10FCD00028000000030600002900000008000000C2
:10FCE0002B000000220000002C0000001A00000081
:10FCF0002F0000001A040000300000001D04000066
:10FD0000310000001B040000320000001C04000051
:10FD100033000000200400003C0000000C00000044
:10FD20004100000000000000470000000900000042
:10FD30004800000020000000490000000100000011
:10FD40004E0000009210000000000000C485010079
:10FD500000000000C485010006005F5F64726177E7
:10FD600000000000C48501000A005F5F64726177D3
:10FD7000436F726500000000C48501000B005F5FE7
:10FD8000707265557064617465000000C48501007F
:10FD900008005F5F7570646174650000C4850100D0
:10FDA00009005F5F76697369626C6500C485010054
:10FDB00007005F616374696F6E000000C485010015
:10FDC00003005F6178000000C485010003005F61EB
:10FDD00079000000C485010004005F636F6C0000BF
:10FDE000C48501000A005F636F6E6E6563746564AD
:10FDF00000000000C485010012005F636F6E747222
:10FE00006F6C6C65645370726974657300000000F8
:10FE1000C485010005005F6461746100C485010050
:10FE20000C005F64657374726F79436F72650000D4
:10FE3000C485010003005F6474000000C4850100F4
:10FE400008005F666163746F72790000C485010009
:10FE500003005F6678000000C485010003005F6650
:10FE600079000000C485010007005F686569676864
:10FE700074000000C485010007005F686974626F48
:10FE800078000000C485010003005F696400000081
:10FE9000C485010006005F696D61676500000000B0
:10FEA000C485010005005F696E697400C4850100A6
:10FEB00005005F6B696E6400C485010014005F6B10
:10FEC000696E64734F7665726C61707065645769B2
:10FED00074680000C485010006005F6C617374588B
:10FEE00000000000C485010006005F6C6173745956
:10FEF00000000000C485010006005F6C6179657236
:10FF000000000000C485010007005F6C6179657224
:10FF100073000000C485010004005F6D6170000083
:10FF2000C485010009005F6D6170496D61676500FE
:10FF3000C485010007005F6D696C6C697300000087
:10FF4000C48501000A005F6F62737461636C65733E
:10FF500000000000C485010008005F6F66667365DD
:10FF600074580000C485010008005F6F6666736501
:10FF700074590000C48501000C005F6F7665726CD7
:10FF80006170706572730000C485010006005F6FC8
:10FF9000776E657200000000C485010007005F7085
:10FFA0006C61796572000000C485010008005F7013
:10FFB0007265737365640000C48501000F005F7093
:10FFC000726573736564456C6173706564000000ED
:10FFD000C485010006005F7072756E650000000048
:10FFE000C48501000C005F726570656174436F75B4
:10FFF0006E740000C485010004005F726F7700001A
:020000040004F6
:10000000C485010006005F7363616C650000000039
:10001000C485010008005F73707269746573000025
:10002000C485010005005F7465787400C485010013
:1000300009005F74696C655365747300C4850100C1
:1000400007005F757064617465000000C48501007D
:1000500003005F7678000000C485010003005F762E
:1000600079000000C485010006005F776964746848
:1000700000000000C485010002005F78000000005D
:10008000C485010002005F7900000000C485010002
:1000900002005F7A00000000C48501000600616371
:1000A00074696F6E00000000C48501000A0061637E
:1000B000746976654361726400000000C4850100C4
:1000C0000300616464000000C485010011006164E4
:1000D00064416E696D6174696F6E4672616D650031
:1000E000C4850100080061646453686170650000A4
:1000F000C48501000900616464537072697465000D
:10010000C48501000600616C69676E58000000003C
:10011000C48501000600616C69676E59000000002B
:10012000C48501000A00616C6C5370726974657358
:1001300000000000C48501000600616E616C6F67FD
:1001400000000000C48501000600616E63686F72E4
:1001500000000000C48501000A00616E696D6174D1
:10016000696F6E7300000000C485010005006170B6
:10017000706C7900C485010007006170706C79545F
:100180006F000000C48501000A0061726561486566
:100190006967687400000000C4850100090061728D
:1001A0006561576964746800C48501000200617864
:1001B00000000000C4850100020061790000000019
:1001C000C48501000A006261636B67726F756E64BB
:1001D00000000000C4850100090062617369634387
:1001E00061726400C48501000200626700000000C3
:1001F000C485010007006267436F6C6F72000000E6
:10020000C48501000600626F726465720000000020
:10021000C48501000B00626F72646572436F6C6F7E
:1002200072000000C48501000600626F74746F6D77
:1002300000000000C485010007006275636B6574EF
:1002400073000000C48501000600627574746F6E4F
:1002500000000000C48501000700627574746F6EB1
:1002600073000000C48501000B006361636865646E
:10027000496D616765000000C48501000E0063617F
:100280006368656454696C655669657700000000B1
:10029000C4850100080063616368656456780000E6
:1002A000C4850100080063616368656456790000D5
:1002B000C4850100060063616D6572610000000085
:1002C000C4850100120063616E5265736F6C7665C0
:1002D000436C697070696E6700000000C48501009E
:1002E0000400636172640000C48501000B00636157
:1002F000726453706163696E67000000C485010019
:10030000090063617264576964746800C485010000
:100310000B006361726473506572526F7700000066
:10032000C485010008006361726473546F7000003B
:10033000C48501000A0063656C6C48656967687470
:1003400000000000C4850100090063656C6C5769FA
:1003500064746800C485010006006368616E6765A7
:1003600000000000C48501000C006368616E6765D1
:100370004C69666542790000C48501000D00636820
:10038000616E676553636F7265427900C4850100D1
:100390000A0063686172486569676874000000005C
:1003A000C48501000900636861725769647468005C
:1003B000C48501000500636C65617200C48501009D
:1003C0000D00636C656172496E746572696F7200CD
:1003D000C48501000E00636C6561724F62737461C5
:1003E000636C657300000000C48501000300636F47
:1003F0006C000000C48501001100636F6C6C6973B0
:10040000696F6E48616E646C65727300C48501002B
:100410000500636F6C6F7200C48501000B00636F91
:100420006C756D6E436F756E74000000C4850100BD
:100430000700636F6C756D6E73000000C48501006A
:100440001100636F6D6D616E64546F417267436F2D
:10045000756E7400C48501000900636F6E64697471
:10046000696F6E00C48501000900636F6E6E65637D
:1004700074656400C48501000900636F6E73747253
:1004800061696E00C48501000800636F6E74616964
:100490006E730000C48501001100636F6E74726F8B
:1004A0006C6C65645370726974657300C485010077
:1004B0001300636F756E74646F776E456E64486188
:1004C0006E646C6572000000C48501001000636FEB
:1004D000756E74646F776E4578706972656400003C
:1004E000C485010012006372656174654D6F7669A1
:1004F0006E6753707269746500000000C485010066
:100500000E006372656174655061727469636C6535
:1005100000000000C48501000F006372656174650E
:100520006448616E646C657273000000C4850100EC
:100530000600637572736F7200000000C4850100CD
:100540000B00637572736F72436F756E74000000F9
:10055000C48501000800637572736F724F6E0000EE
:10056000C48501000F00637572736F72526F774814
:100570006569676874000000C48501000400646157
:1005800074610000C48501000F0064656661756CCC
:10059000744C6966657370616E000000C48501006B
:1005A0000B0064656661756C7452617465000000CF
:1005B000C4850100090064656C746154696D65004F
:1005C000C48501000F0064656C746154696D654DEC
:1005D000696C6C6973000000C485010007006465E4
:1005E0007374726F79000000C48501000E006465A9
:1005F0007374726F7948616E646C657200000000FC
:10060000C4850100110064657374726F7965644874
:10061000616E646C65727300C48501000D006469CD
:1006200073706C6179437572736F7200C4850100D9
:100630000700646973706F7365000000C485010072
:10064000080064697374616E63650000C48501000D
:100650000400646F776E0000C485010004006472BA
:1006600061770000C48501000A0064726177426FFF
:100670007264657200000000C48501000D006472A0
:100680006177437572736F72526F7700C485010092
:100690000900647261774C6976657300C485010056
:1006A0000B00647261774F666673657458000000D2
:1006B000C48501000B00647261774F6666736574D0
:1006C00059000000C48501000B006472617750611D
:1006D000727469616C000000C48501000C006472D2
:1006E00061775061727469636C650000C4850100B4
:1006F0000A0064726177506C6179657200000000D5
:10070000C485010009006472617753636F726500EC
:10071000C485010008006472617754657874000034
:10072000C48501000C006472617754657874436F6E
:1007300072650000C48501000200647800000000BA
:10074000C48501000200647900000000C485010036
:10075000060065666665637400000000C4850100DC
:100760000300656964000000C48501000700656E30
:1007700061626C6564000000C48501000F00656E55
:100780006453637265656E45666665637400000058
:10079000C48501000C006576656E74436F6E7465E8
:1007A00078740000C48501000700666163746F728D
:1007B00079000000C4850100080066617374466911
:1007C0006C6C0000C48501000A006661737452619C
:1007D0006E646F6D00000000C48501000200666356
:1007E00000000000C485010007006667436F6C6F5E
:1007F00072000000C48501000500666C616773002B
:10080000C48501001000666F6C6C6F77696E67536A
:100810007072697465730000C48501000400666F1E
:100820006E740000C48501000900666F6E74436F2A
:100830006C6F7200C485010005006672616D650011
:10084000C48501000E006672616D6543616C6C6267
:1008500061636B7300000000C48501000D006672C7
:10086000616D65496E74657276616C00C4850100C6
:100870000B006672616D65576F726B6572000000E8
:10088000C485010006006672616D6573000000009A
:10089000C48501000E006672616D6573496E536117
:1008A0006D706C6500000000C48501000200667870
:1008B00000000000C485010002006679000000000D
:1008C000C4850100060067616C6F69730000000059
:1008D000C4850100070067616D65456E6400000016
:1008E000C4850100130067616D65466F72657665AA
:1008F0007248616E646C657273000000C48501000B
:100900000C0067656E65726174654E6F646500000A
:10091000C48501000C0067656E6572617465546979
:100920006C650000C4850100090067656E65726131
:10093000746F7200C48501000B00676574456E64B6
:10094000506F696E74000000C4850100080067657F
:1009500074496D6167650000C48501001300676517
:10096000744C617374436F6E74726F6C506F696E08
:1009700074000000C48501000B006765744F62734A
:100980007461636C65000000C48501000800676540
:100990007453746174650000C485010007006765C5
:1009A0007454657874000000C48501000700676511
:1009B0007454696C65000000C48501000C00676513
:1009C0007454696C65496D6167650000C4850100F8
:1009D0000C0067657454696C65496E646578000045
:1009E000C4850100140067657454696C65734279AD
:1009F000547970654C65676163790000C4850100B6
:100A0000070068616E646C6572000000C4850100B7
:100A1000080068616E646C6572730000C485010033
:100A200012006861734261636B67726F756E64492F
:100A30006D61676500000000C48501000700686102
:100A4000734C696665000000C48501000800686198
:100A50007353636F72650000C4850100040068650C
:100A600061640000C48501000A0068656164657204
:100A7000466F6E7400000000C48501000A006865BE
:100A8000616465725465787400000000C4850100DB
:100A90000A006865617274496D6167650000000055
:100AA000C48501000600686569676874000000007D
:100AB000C485010009006869676853636F72650047
:100AC000C4850100040069636F6E0000C4850100E5
:100AD000090069636F6E496D61676500C485010037
:100AE0000200696400000000C48501000D00696413
:100AF0006C6543616C6C6261636B7300C48501005B
:100B00000500696D61676500C48501000300696DBA
:100B100067000000C48501000500696E6465780007
:100B2000C48501000800696E666F466F6E74000030
:100B3000C48501000700696E666F546F7000000085
:100B4000C48501000400696E69740000C485010059
:100B50000900696E6E65724C65667400C48501009B
:100B60000800696E6E6572546F700000C4850100E4
:100B70000A00696E736572744141424200000000D0
:100B8000C48501000B00696E7365727441744B6516
:100B900079000000C48501000800696E74657276F2
:100BA000616C0000C48501000D00697348697474AC
:100BB000696E6754696C6500C48501000E00697335
:100BC000496E76616C6964496E6465780000000066
:100BD000C4850100080069734C6567616379000092
:100BE000C48501000E0069734E65774869676853D4
:100BF000636F726500000000C48501000A0069731C
:100C00004F62737461636C6500000000C48501006D
:100C1000080069734F6E57616C6C0000C485010059
:100C20000D0069734F75744F6653637265656E008E
:100C3000C48501000C0069734F7574736964654D58
:100C400061700000C485010009006973507265730A
:100C500073656400C485010008006973537461748E
:100C600069630000C48501000700697356616C69FF
:100C700064000000C48501000600697357616C6C54
:100C800000000000C485010003006B6579000000CE
:100C9000C485010004006B696E640000C485010016
:100CA00009006C6173744672616D6500C485010052
:100CB00008006C6173744E6F64650000C4850100A8
:100CC00008006C61737454696D650000C48501008F
:100CD00005006C6179657200C485010006006C61D5
:100CE0007965727300000000C485010004006C6522
:100CF00066740000C485010006006C656E67746848
:100D000000000000C485010004006C6673720000DE
:100D1000C485010004006C6966650000C48501009B
:100D20000F006C6966655A65726F48616E646C6528
:100D300072000000C485010008006C69666573706C
:100D4000616E0000C485010004006C6F6F700000CC
:100D5000C485010003006D6170000000C4850100BE
:100D60000B006D61784C6966657370616E00000000
:100D7000C485010013006D61784E65676174697602
:100D80006556656C6F63697479000000C485010065
:100D900009006D61784F666673657400C485010053
:100DA0000D006D617853696E676C655374657000F2
:100DB000C485010008006D617853706565640000AA
:100DC000C485010007006D617853746570000000F0
:100DD000C48501000C006D61785375624F666673BF
:100DE00065740000C48501000B006D617856656C68
:100DF0006F63697479000000C485010006006D65A9
:100E00006C6F647900000000C48501000A006D6504
:100E100072676541744B657900000000C48501006C
:100E200006006D696C6C697300000000C4850100E8
:100E300008006D696E416E676C650000C485010035
:100E40000B006D696E4C6966657370616E00000021
:100E5000C48501000D006D696E53696E676C655342
:100E600074657000C485010007006D696E53746578
:100E700070000000C485010004006D6F76650000FD
:100E8000C48501000A006D6F7665537072697465E0
:100E900000000000C48501000A006D756C74697063
:100EA0006C69657200000000C48501000F006D755B
:100EB0006C7469706C696572496D616765000000EA
:100EC000C485010009006E65696768626F7273000E
:100ED000C485010004006E6578740000C4850100BB
:100EE0000C006E6F6465496E74657276616C00000B
:100EF000C485010005006E6F64657300C485010040
:100F000008006F62737461636C650000C485010042
:100F100006006F666673657400000000C4850100FA
:100F200007006F666673657458000000C485010091
:100F300007006F666673657459000000C485010080
:100F400007006F6E4576656E74000000C485010071
:100F50000A006F6E4C6966655A65726F000000008A
:100F6000C48501000E006F6E506C617946696E6930
:100F70007368656400000000C485010008006F6E9E
:100F80005570646174650000C485010004006F6ED3
:100F900063650000C485010007006F7074696F6E9F
:100FA00073000000C485010005006F726465720063
:100FB000C48501000D006F726967696E616C496DCF
:100FC00061676500C485010009006F746865724B34
:100FD000696E6400C48501000F006F7665726C61F4
:100FE0007048616E646C657273000000C485010016
:100FF0000A006F7665726C61704D617000000000D0
:10100000C485010008006F7665726C617073000022
:10101000C48501000C006F7665726C61707357694E
:1010200074680000C485010002006F7800000000B1
:10103000C485010002006F7900000000C485010032
:101040000200703000000000C48501000200703111
:1010500000000000C48501000200703200000000A2
:10106000C48501000200703300000000C485010047
:10107000060070466C61677300000000C4850100C3
:10108000070070616464696E67000000C485010038
:101090000600706172656E7400000000C485010076
:1010A0000500706172736500C48501000F007061F6
:1010B000727469636C65536F7572636573000000C9
:1010C000C48501000400706174680000C4850100DB
:1010D0000A0070617468537472696E6700000000E2
:1010E000C48501000D0070657263656E74436861AC
:1010F0006E636500C48501000600706572696F64E7
:1011000000000000C48501000D00706879736963F8
:1011100073456E67696E6500C48501000A007069D9
:10112000636B52616E646F6D00000000C485010046
:101130000500706C61636500C48501000400706C7B
:1011400061790000C48501000800706C6179436F0B
:1011500072650000C48501000B00706C61796572D6
:10116000496E646578000000C48501000C00706C55
:10117000617965725374617465730000C485010000
:101180000800706F736974696F6E0000C485010098
:101190000E0070726566657272656444656C617993
:1011A00000000000C48501000D0070726573737546
:1011B00072654C6576656C00C48501000E00707226
:1011C000657654696D654D696C6C6973000000004B
:1011D000C48501000D0070726576696F7573536385
:1011E000656E6500C485010008007072696F7269E0
:1011F00074790000C485010015007175657565502E
:101200006C6179496E737472756374696F6E730083
:10121000C48501000F007261697365427574746F53
:101220006E446F776E000000C4850100110072618A
:10123000697365427574746F6E5265706561740090
:10124000C48501000D007261697365427574746F25
:101250006E557000C48501000D0072616973654CA4
:101260006966655A65726F00C48501000B00726182
:101270006E646F6D52616E6765000000C485010089
:10128000080072656769737465720000C4850100A7
:10129000160072656769737465724672616D6543A5
:1012A000616C6C6261636B7300000000C4850100B7
:1012B000140072656769737465724672616D654882
:1012C000616E646C65720000C48501000F00726578
:1012D00067697374657248616E646C6572000000C2
:1012E000C48501000E0072656769737465724D658F
:1012F0006C6F647900000000C48501001000726505
:101300006769737465724F62737461636C65000022
:10131000C48501000E00726567697374657253704D
:101320007269746500000000C485010006007265E2
:101330006D6F766500000000C48501000C007265C9
:101340006D6F76655370726974650000C485010025
:10135000060072656E64657200000000C4850100BD
:101360000A0072656E64657261626C65000000005F
:10137000C48501000B0072657065617444656C6121
:1013800079000000C48501000E007265706561740B
:10139000496E74657276616C00000000C4850100BE
:1013A000070072657065617458000000C485010013
:1013B000070072657065617459000000C485010002
:1013C0000D00726573697A654275636B65747300AD
:1013D000C48501000300726576000000C485010029
:1013E0000500726967687400C48501000300726FAC
:1013F00077000000C48501000800726F77436F75A5
:101400006E740000C48501000400726F77730000E1
:10141000C4850100030072756E000000C4850100E0
:101420000C0072756E43616C6C6261636B730000DB
:10143000C4850100100072756E6E696E6743616C41
:101440006C6261636B730000C4850100010073006E
:10145000C48501000A00736179456E6454696D6545
:1014600000000000C48501000B0073617952656EB5
:101470006465726572000000C48501000500736335
:10148000616C6500C485010005007363656E6500CD
:10149000C485010010007363656E654465666175FF
:1014A0006C74526174650000C485010005007363AB
:1014B0006F726500C48501000C007363726F6C6C01
:1014C0004F66667365740000C4850100090073638C
:1014D000726F6C6C526F7700C48501000C007363EF
:1014E000726F6C6C5461726765740000C485010092
:1014F0000400736565640000C48501000C00736519
:101500006C6563746564436172640000C4850100A6
:10151000090073656C656374696F6E00C4850100B2
:101520000F00736574416363656C65726174696F04
:101530006E000000C48501000900736574416E638C
:10154000686F7200C48501000C0073657444697291
:10155000656374696F6E0000C48501000A007365DD
:1015600074466163746F727900000000C4850100E5
:101570000700736574466C6167000000C485010054
:101580000700736574466F6E74000000C485010027
:101590000900736574486974626F7800C48501003E
:1015A0000800736574496D6167650000C4850100BA
:1015B00007007365744B696E64000000C485010008
:1015C00007007365744C696665000000C4850100FE
:1015D00006007365744D617000000000C485010051
:1015E00009007365744F666673657400C4850100F5
:1015F0000B00736574506F736974696F6E0000003F
:10160000C48501000A007365745072657373656464
:1016100000000000C4850100070073657452617406
:1016200065000000C4850100130073657452656C89
:101630006174697665546F43616D65726100000085
:10164000C4850100080073657453636F7265000000
:10165000C48501000C0073657453656C656374691F
:101660006F6E0000C48501000800736574537065D7
:1016700065640000C48501000800736574537461DB
:1016800072740000C48501000800736574537461AE
:1016900074650000C48501000A00736574537562A7
:1016A0007465787400000000C4850100070073654C
:1016B0007454657874000000C485010008007365E7
:1016C000745468656D650000C4850100070073658A
:1016D0007454696C65000000C48501000E007368D5
:1016E000616B65416D706C69747564650000000024
:1016F000C48501000D007368616B65447572617487
:10170000696F6E00C48501000E007368616B6553DC
:101710007461727454696D6500000000C485010035
:101720000F0073686F756C64426556697369626C0B
:1017300065000000C4850100040073686F77000035
:10174000C4850100080073686F774C696665000006
:10175000C48501000A0073686F77506C6179657207
:1017600000000000C4850100090073686F775363AF
:101770006F726500C48501000600736F7572636542
:1017800000000000C48501000D00736F7572636571
:10179000466163746F727900C48501000700736F3E
:1017A0007572636573000000C485010005007370E5
:1017B00065656400C485010006007370726561642C
:1017C00000000000C4850100060073707269746532
:1017D00000000000C4850100100073707269746518
:1017E000436F6C6C6973696F6E730000C485010090
:1017F0000C007370726974654E65787449640000FA
:10180000C48501000700737072697465730000007D
:10181000C48501000D007370726974657342794B61
:10182000696E6400C48501000300737263000000E8
:10183000C48501000500737461727400C4850100E1
:101840001100737461727453637265656E456666E8
:1018500065637400C4850100090073746172746566
:1018600064417400C48501000500737461746500EF
:10187000C4850100040073746F700000C48501000A
:10188000070073756274657874000000C4850100F8
:101890000400746578740000C48501000E0074654E
:1018A000787441726561486569676874000000007A
:1018B000C48501000D0074657874417265615769D3
:1018C00064746800C4850100090074657874436F0E
:1018D0006C6F7200C485010005007468656D650059
:1018E000C4850100090074696C65496E64657800FF
:1018F000C4850100070074696C654D6170000000CB
:10190000C4850100130074696C654F7665726C6163
:101910007048616E646C657273000000C4850100DC
:10192000070074696C65536574000000C48501008C
:10193000110074696C656D6170436F6C6C697369DB
:101940006F6E7300C48501000F0074696C656D6172
:10195000704F7665726C617073000000C485010081
:10196000070074696C65736574000000C48501002C
:101970000C0074696D65496E53616D706C65000093
:10198000C4850100070074696D654F75740000001F
:10199000C4850100050074696D657200C48501008D
:1019A000050074696D657300C48501000800746FDB
:1019B000537472696E670000C48501000300746F80
:1019C00070000000C48501000400756E6974000099
:1019D000C48501000A00756E72656769737465726B
:1019E00000000000C48501001000756E7265676913
:1019F000737465724D656C6F64790000C485010075
:101A00000200757000000000C485010006007570BA
:101A10006461746500000000C48501000A007570EF
:101A2000646174654361726400000000C485010054
:101A30000A00757064617465466F6E740000000082
:101A4000C48501000E007570646174655061727424
:101A500069636C6500000000C485010012007570A8
:101A6000646174655363726F6C6C54617267657402
:101A700000000000C4850100050076616C756500FA
:101A8000C48501000300766964000000C48501007C
:101A90000A007669736962696C69747900000000F4
:101AA000C48501000E007669736962696C69747996
:101AB000466C616700000000C48501000200767872
:101AC00000000000C48501000200767900000000DB
:101AD000C4850100150077616C6C436F6C6C697391
:101AE000696F6E48616E646C65727300C485010035
:101AF0000500776964746800C48501000300776994
:101B00006E000000C485010001007800C48501005A
:101B10000700784F6666736574000000C485010095
:101B200006007852616E676500000000C485010000
:101B30000500785374657000C485010001007900C8
:101B4000C48501000700794F666673657400000064
:101B5000C485010006007952616E676500000000CF
:101B6000C48501000500795374657000C4850100C7
:101B700001007A00C485010001003000C485010025
:101B800001002D00C485010001002B00C485010067
:101B900001005800C485010001002C00C48501002B
:101BA00001000A00C48501000600737472696E6743
:101BB00000000000C485010006006E756D6265724C
:101BC00000000000C485010003002E2E2E0000003E
:101BD000C48501000F005B6F626A656374204F6209
:101BE0006A6563745D000000C485010008005B4FF6
:101BF000626A6563745D0000C485010001007B00BA
:101C0000C485010005000A2020202000C4850100B1
:101C100002003A2000000000C485010008000A20EC
:101C20002020202E2E2E0000C485010002000A7DF7
:101C300000000000C485010004006670733A0000D3
:101C4000C485010001002E00C48501000B002F3166
:101C5000303020667073202D20000000C485010004
:101C60000700206672616D6573000000C485010085
:101C700001002000C485010001000D00C4850100A1
:101C800001000900C485010001006300C485010052
:101C900001004300C485010001006400C485010007
:101CA00001004400C485010001006500C4850100F5
:101CB00001004500C485010001006600C4850100E3
:101CC00001004600C485010001006700C4850100D1
:101CD00001004700C485010001006100C4850100C6
:101CE00001004100C485010001004200C4850100DB
:101CF00001007200C485010001005200C48501008A
:101D000001002300C485010001006200C4850100B8
:101D100001002100C485010001004000C4850100CC
:101D200001007E00C485010001003A00C485010065
:101D300001005E00C485010022007E31352065333C
:101D40003A3320723A312064233A3320723A3120F8
:101D5000643A3420723A312063233A38000000009C
:101D6000C48501000C0063353A312064206520668B
:101D700020670000C4850100150067343A312063F4
:101D800035206520673A3220653A3120673A3300C2
:101D9000C4850100170067353A3120642320632091
:101DA00067343A3220623A312063353A330000001A
:101DB000C485010004002372756E0000C485010013
:101DC00006002373636F706500000000C485010086
:101DD000040062746E200000C48501000300736972
:101DE0006D000000C485010001007600C48501007B
:101DF00001002800C48501000400292D3E280000B0
:101E0000C485010001002900C48501000A00206288
:101E100075636B6574732C2000000000C48501009D
:101E200007002066696C6C6564000000C4850100D1
:101E3000080020737072697465730000C485010026
:101E40000A00686967682D73636F7265000000009F
:101E5000C4850100090020737072697465733A00CB
:101E6000C48501000800594F552057494E210000F4
:101E7000C48501000A0047414D45204F5645522177
:101E800000000000C4850100060053636F72653ACC
:101E900000000000C48501000F004E6577204869EE
:101EA00067682053636F726521000000C4850100DC
:101EB0000200484900000000C485010007002376A5
:101EC0006F6C756D65000000C48501000B00236216
:101ED00072696768746E657373000000C4850100E1
:101EE0000700636F6E736F6C65000000C4850100AE
:101EF0000D00564F4C554D4520444F574E2028005D
:101F0000C48501000B00564F4C554D4520555020BF
:101F100028000000C485010011004252494748547E
:101F20004E45535320444F574E202800C48501008E
:101F30000F004252494748544E45535320555020B4
:101F400028000000C48501000A0048494445205388
:101F50005441545300000000C48501000A00534856
:101F60004F5720535441545300000000C4850100D2
:101F70000C004849444520434F4E534F4C45000008
:101F8000C48501000C0053484F5720434F4E534F18
:101F90004C450000C48501000500534C45455000E8
:101FA000C48501000500434C4F534500C485010022
:101FB000060050415553454400000000C48501000F
:101FC0000B005F5F616E696D6174696F6E00000088
:101FD000C485010001004D00C485010001006D00B1
:101FE000C485010001004C00C485010001006C00A3
:101FF000C485010001004800C4850100010068009B
:10200000C485010001005600C48501000100510093
:10201000C485010001007100C48501000100540065
:10202000C485010001007400C48501000100530053
:10203000C485010001005A00C48501000A00303146
:10204000323334353637383900000000C48501009A
:1020500007002C20090A0D0C0B000000C4850100AC
:1020600002002B2D00000000C48501001000632039
:1020700030202D323020302032302030203000000F
:10208000C4850100040074696C650000C48501000A
:102090000E007472616E73706172656E63793136B1
:1020A00000000000C48501000600696D61676531AC
:1020B00000000000C48501000600696D616765329B
:1020C00000000000C48501000600696D616765338A
:1020D00000000000C48501000600696D6167653479
:1020E00000000000C48501000600696D6167653568
:1020F00000000000C48501000600696D6167653657
:1021000000000000C48501000600696D6167653745
:1021100000000000C48501000600696D6167653834
:1021200000000000C48501000600696D6167653923
:1021300000000000C48501000700696D616765311A
:1021400030000000C48501000700696D61676531DA
:1021500031000000C48501000700696D61676531C9
:1021600032000000C48501000700696D61676531B8
:1021700033000000C48501000700696D61676531A7
:1021800034000000C48501000700696D6167653196
:1021900035000000C48501000700696D6167653185
:1021A00036000000C48501000700696D6167653174
:1021B00037000000C48501000700696D6167653163
:1021C00038000000C48501000700696D6167653152
:1021D00039000000C48501000700696D6167653240
:1021E00030000000C48501000700696D6167653239
:1021F00031000000C48501000700696D6167653228
:1022000032000000C48501000700696D6167653216
:1022100033000000C48501000700696D6167653205
:1022200034000000C48501000700696D61676532F4
:1022300035000000C48501000700696D61676532E3
:1022400036000000C48501000700696D61676532D2
:1022500037000000C48501000700696D61676532C1
:1022600038000000C48501000700696D61676532B0
:1022700039000000C48501000700696D616765339E
:1022800030000000C48501000700696D6167653397
:1022900031000000C48501000700696D6167653386
:1022A00032000000C48501000700696D6167653375
:1022B00033000000C48501000900616E696D61741E
:1022C000696F6E00C485010006004C6576656C2060
:1022D00000000000C485010034005465737420764A
:1022E0003220417263616465202D2048756E6772EB
:1022F000792044696E6F2028776974686F7574203F
:1023000073706C6173682073637265656E29000079
:10231000908601000000C0FFFFFFDF4190860100B2
:102320009A9999999999B93F908601000000000007
:102330000000E83F90860100182D4454FB21F93F2E
:10234000908601001A271792BF15B03F90860100B2
:10235000182D4454FB21194090860100399D52A24A
:1023600046DF913F60860100C20000001F0021008F
:1023700023002500270029002C002E003100340006
:1023800037003A003E004100450049004E0052002F
:1023900057005C00620068006E0075007B008300DF
:1023A0008B0093009C00A500AF00B900C400D000D2
:1023B000DC00E900F70006011501260137014A019A
:1023C0005D01720188019F01B801D201EE010B028B
:1023D0002A024B026E029302BA02E40210033F0388
:1023E0007003A403DC03170455049704DD042705D8
:1023F0007505C80520067D06E0064907B8072D08C3
:10240000A9082D09B9094D0AEA0A900B400CFA0CEB
:10241000C00D910E6F0F5A1053115B1272139A1464
:10242000D41520178018F519801B231DDE1E00000F
:1024300060860100981400002000000000000000E9
:10244000210000005E0000002200000E000E0000CF
:10245000230028FE28FE280024004C92FF926400EE
:10246000250002651248A64026006C92926CA000DE
:10247000270000000E000000280000007C82000001
:1024800029000000827C00002A00543810385400D3
:102490002B0010107C1010002C0000009070000029
:1024A0002D001010101010002E00000060600000C1
:1024B0002F000060100806003000003C42423C0043
:1024C000310000447E4000003200004462524C0063
:1024D000330000424A4E320034003028247E20006F
:1024E0003500004E4A4A32003600003C4A4A30006D
:1024F0003700000262120E00380000344A4A3400ED
:102500003900000C52523C003A0000006C6C000094
:102510003B000000967600003C0010282844440050
:102520003D002828282828003E0044442828100080
:102530003F0000025909060040003C425A5608007C
:10254000410078141214780042007E4A4A4A34004E
:102550004300003C424224004400007E42423C00D2
:102560004500007E4A4A42004600007E0A0A0200F8
:102570004700003C425234004800007E08087E00BC
:10258000490000427E4200004A002040423E0200D4
:102590004B00007E081462004C00007E404040006A
:1025A0004D007E0418047E004E00007E04087E006C
:1025B0004F003C4242423C005000007E12120C0090
:1025C0005100003C5262BC005200007E12126C00AE
:1025D000530000244A522400540002027E020200EA
:1025E0005500003E40403E005600001E70701E0028
:1025F00057007E2018207E005800422418244200F4
:1026000059000608700806005A000062524A460047
:102610005B00007E424200005C0000060810600083
:102620005D000042427E00005E00080402040800D3
:102630005F00808080808000600000000204000055
:1026400061000030484878006200007E4848300051
:1026500063000030484848006400003048487E006D
:102660006500003068585000660000107C120400BD
:1026700067000018A4A478006800007E08087000B5
:10268000690000487A4000006A000040847D000034
:102690006B00007E102840006C0000427E4000006D
:1026A0006D007808300870006E000078080870002F
:1026B0006F00003048483000700000FC24241800EF
:1026C000710000182424FC0072000078100810002B
:1026D0007300005058682800740000083E4820002D
:1026E00075000038404078007600001860601800DF
:1026F00077003840304038007800004830304800DB
:102700007900005CA0A07C007A000048685848006E
:102710007B000008364100007C000000FE00000045
:102720007D000041360800007E0000080408040017
:10273000A000000000000000A10000007A000000DE
:10274000A200003048FC4800A30090FC9292840054
:10275000A400542844285400A5002A2C782C2A00D0
:10276000A6000000EE000000A7000094AAAA5200F4
:10277000A800000200020000A9003E414955413E68
:10278000AA0000242A2E0000AB0010285428440080
:10279000AC00001010107000AD0000101010100000
:1027A000AE003E415D45413EAF0000020202020024
:1027B000B000000814140800B1008888BE888800A2
:1027C000B2000024322C0000B30000222A140000C2
:1027D000B400000004020000B50000F840207800BA
:1027E000B6000C1E7E027E00B70000001000000044
:1027F000B800000080400000B90000243E20000026
:10280000BA0000242A240000BB00442854281000E9
:10281000BC00025F70F84000BD00021F90C8B0000D
:10282000BE0011557AF84000BF000030484D20002E
:10283000C000601916186000C10060181619600009
:10284000C200601A151A6000C300601A151A6100F0
:10285000C400601914196000C500601A151A6000E0
:10286000C6007C0A7E4A4200C700001EA161120019
:10287000C800007C55564400C900007C56554400F1
:10288000CA00007C56554600CB00007C55544500DC
:10289000CC0000457E440000CD0000447E45000091
:1028A000CE0000467D460000CF0000457C4500007C
:1028B000D000087E4A423C00D100007E09127D0013
:1028C000D200003845463800D3000038464538006D
:1028D000D400003846453A00D500003A4546390054
:1028E000D600003845443900D70044281028440059
:1028F000D80000FC724E3F00D900003C41423C0031
:10290000DA00003C42413C00DB00003C42413E001A
:10291000DC00003C41403D00DD0004087209040079
:10292000DE00007E24241800DF00007C025A240010
:10293000E0000030494A7800E10000304A49780060
:10294000E20000304A497A00E3000032494A790047
:10295000E40000304A487A00E50000304A4D7A0031
:10296000E600304878685000E7000018A4642400AE
:10297000E8000030695A5000E90000306A59500000
:10298000EA0000306A595200EB0000306A585200E9
:10299000EC0000497A400000ED0000487A41000058
:1029A000EE00004A79420000EF00004A7842000041
:1029B000F00000304A4B3D00F100007A090A710036
:1029C000F2000030494A3000F30000304A4930003C
:1029D000F40000304A493200F5000032494A310023
:1029E000F60000304A483200F70010105410100072
:1029F000F800007068583800F9000038414278004B
:102A0000FA00003842417800FB00003842417A0069
:102A1000FC00003842407A00FD0000B84241F80056
:102A2000FE0000FF24241800FF00005CA1A07D0030
:102A30000001601915196000010100304A4A7A004E
:102A40000201611A16196000030100314A4A790037
:102A500004013C0A094ABC00050100182464BC00BA
:102A60000601003846452800070100304A49480061
:102A70000801003846452A00090100304A494A0049
:102A80000A010038444528000B010030484A48003C
:102A90000C010038454629000D010030494A490023
:102AA0000E01007C454639000F0100314A497E0085
:102AB0001001087E4A423C00110130484C7E04005F
:102AC0001201007D55554500130100326A5A52002B
:102AD0001401007D56564500150100316A5A510017
:102AE0001601007C55544400170100306A5850000C
:102AF0001801003F65A521001901001874AC2800D9
:102B00001A01007C555645001B010030695A5100DE
:102B10001C010038465536001D0100304A49F200BC
:102B20001E010039465635001F0100314A4AF100A6
:102B3000200100384455340021010018A4A5780074
:102B40002201001EA1691A0023010018A6A5780021
:102B50002401007812117A0025017E080A71020012
:102B60002601047E147E04002701047E0C087000F8
:102B700028010002457E450029010002497A4100F2
:102B80002A0100457D4500002B01004A7A420000E1
:102B90002C0100014A7A49002D0100014A7A4100C6
:102BA0002E0100217FA100002F0100247DA0000044
:102BB000300100447D4400003101004878400000AD
:102BC00032017E0022423E0033013D0040847D0000
:102BD00034012040463D0600350100800AF902001C
:102BE000360100BF440A3100370100BF48142000FD
:102BF00038010078102848003901007C404241002B
:102C00003A0100467D4000003B01003FA0602000EB
:102C10003C0100A17F2000003D01007C41424100B9
:102C20003E0100457E4100003F01007E40484000DB
:102C3000400100427E4008004101107E48404000B3
:102C4000420100527E4800004301007C0A117C00D2
:102C5000440100780A097000450100BF42043F00AA
:102C6000460100BC440438004701007C09127D0085
:102C7000480100790A09700049010A0678087000C5
:102C80004A01003F02847F004B01003C048478002D
:102C90004C013945454539004D0100324A4A320060
:102CA0004E013946464639004F0100314A4A31004B
:102CB00050013A4544463900510132494832010039
:102CC00052013C427E4A4200530130483068500075
:102CD0005401007C16354800550100781209100097
:102CE000560100BF49093600570100BC48040800DE
:102CF0005801007D1635480059010079120910006D
:102D00005A010048565524005B0100505A692800BA
:102D10005C010048565526005D0100505A692A00A2
:102D20005E010012A56912005F010028AC74140056
:102D3000600100485556250061010050596A29007C
:102D400062010101BF410100630100049F641000A2
:102D5000640104057E050400650100083D4A210068
:102D6000660102127E120200670100183E58200020
:102D70006801003A414239006901003A4142790054
:102D80006A01003D41413D006B01003A42427A0038
:102D90006C010039424239006D010039424279002C
:102DA0006E01003A45453A006F01003A45457A0008
:102DB00070013A41403A010071013A41407A010004
:102DC0007201001F60A01F007301001C60A03C0086
:102DD000740178221122780075013842314238009E
:102DE0007601081261120800770100B84241FA002A
:102DF000780104097009040079010064564D44000B
:102E00007A0100486A5948007B010064544D44002F
:102E10007C010048685A48007D010064554E450019
:102E20007E010048695A49007F0100087C020400C5
:102E30008F01003452523C00920100887E0902004A
:102E4000A0013C42423C0806A1010030484830083D
:102E5000AF01003E403E0806B0010038407810083F
:102E6000B501006A5A4A4E00B60100587858580019
:102E7000D101003845463900D2010030494A3100BD
:102E8000E601003845563500E7010030494AF100B7
:102E9000FA0100742A750000FB0100304C4A7D00E5
:102EA000FC0178147E554400FD0130487A695000D9
:102EB000FE010078744E3D00FF0100706A59380031
:102EC00018020012A569120019020028AC7414003F
:102ED0001A020101BF4101001B0200049F6410009F
:102EE000BB0200000C0A0000BC0200000A06000041
:102EF000BD020000060A0000C60200020102000036
:102F0000C702000102010000C90200020202000023
:102F1000D802000102020100D902000002000000F4
:102F2000DA02000205020000DB020000408000001F
:102F3000DC02000201020100DD02020100020100C8
:102F400074030000020100007503000080400000CF
:102F50007A030000C08000007E0300009676000027
:102F60008403000003000000850302000300020048
:102F70008603037C12127C0087030000100000000F
:102F8000880303007E4A4200890303007E087E0016
:102F90008A030300427E42008C03033C42423C0011
:102FA0008E0303000E700E008F03035C62625C00F0
:102FB000900302003B400200910378141214780041
:102FC00092037E4A4A4A34009303007E02020200C2
:102FD00094036058465860009503007E4A4A4200B8
:102FE00096030062524A46009703007E08087E005E
:102FF00098033C4A4A4A3C00990300427E42000042
:103000009A03007E081462009B0360180618600093
:103010009C037E0418047E009D03007E04087E004D
:103020009E0300424A4A42009F033C4242423C0007
:10303000A003007E02027E00A103007E12120C009B
:10304000A30300665A424200A40302027E02020069
:10305000A503060870080600A60318247E2418009D
:10306000A703422418244200A8030E107E100E006D
:10307000A9035C6202625C00AA0300457C45000073
:10308000AB03040970090400AC030030484A79001E
:10309000AD030030685A5100AE0378100A09F00001
:1030A000AF03003A41200000B0033A4043403A00E9
:1030B000B103003048487800B20300FE25251A000D
:1030C000B3030C30C0300C00B403344A4A4A300019
:1030D000B503003068585000B603021AA6A2420099
:1030E000B7033C080404F800B803003C4A4A3C001B
:1030F000B903003840200000BA030078205048008F
:10310000BB03641212227C00BC03FC2020103C0094
:10311000BD03182040201800BE03112D2BA941002B
:10312000BF03003048483000C00308780878080022
:10313000C103F82424241800C2031824A4A44800BE
:10314000C303304848582800C40300083848280002
:10315000C503384040403800C6031C20F82418003E
:10316000C703C4281028C400C8031C20FC201C006E
:10317000C903304820483000CA030002384220000A
:10318000CB03384240423800CC0330484A49300033
:10319000CD03384042413800CE0330482249300048
:1031A000D0033C52525C2000D10310344A3C08004A
:1031B000D203067804020400D303120A7C0204003E
:1031C000D4030D7009040800D5031824FF24180047
:1031D000D603384828483800D70348302221D80081
:1031E000DA031C2221A14200DB031824A4A442001C
:1031F000DC037E1212020200DD0300FC2424040022
:10320000DE033E2010087C00DF030C0AC9281800EA
:10321000E003700C621C7000E10301092516F80040
:10322000E2039EA0BEA07E00E30398A0B8A07800B1
:10323000E4030C1214107E00E5030010282078002F
:10324000E603BE9088887000E70348544E44380077
:10325000E803245252524C00E903285454544800C5
:10326000EA0364524C526400EB030864586408009B
:10327000EC03385454542200ED03306848682400AD
:10328000EE03184A7E4A1800EF031848FF0A0800A8
:10329000F003483020205800F10378A4A4A498003B
:1032A000F203304848485000F303006080847D00FA
:1032B000F4033C4A4A4A3C00F503003058584800A1
:1032C0000004007C555644000104007C5554450020
:1032D000020401013F8579000304007C0605040017
:1032E00004043C4A4A422400050400244A522400B3
:1032F000060400427E420000070400457C450000B1
:1033000008042040423E020009047C027E4830004E
:103310000A047E087E4830000B0402027E0A720016
:103320000C04007C102A45000D047C2112087C004E
:103330000E040C5152523D000F043F20E0203F008C
:10334000100478141214780011047E4A4A4A30009E
:1033500012047E4A4A4A34001304007E020202002C
:103360001404C07C427EC0001504007E4A4A42001C
:10337000160476087E087600170424424A4A340070
:103380001804007E08047E001904007D120A7D00E6
:103390001A04007E081462001B04403C02027E00F6
:1033A0001C047E0418047E001D04007E08087E00B4
:1033B0001E043C4242423C001F047E0202027E0088
:1033C0002004007E12120C002104003C4242240022
:1033D000220402027E02020023040E5050503E00DE
:1033E000240418247E2418002504422418244200B2
:1033F00026043F2020BF600027040E1010107E001E
:1034000028047E407E407E0029043F203FA07F00AC
:103410002A04027E484830002B047E4848307E0053
:103420002C04007E484830002D0424424A4A3C00C7
:103430002E047E183C423C002F04006C12127E00C9
:1034400030043048487840003104003C4A4A31009A
:10345000320400786850200033040078080808001F
:103460003404C0704878C0003504306868500000EB
:10347000360448307830480037040040586830003F
:1034800038047840201078003904794222127900FB
:103490003A040078203048003B04403008087800A7
:1034A0003C047810201078003D047810101078004B
:1034B0003E043048484830003F0478080808780047
:1034C0004004FC242424180041043048484850009B
:1034D000420408087808080043041CA0A0A07C004F
:1034E00044041824FF2418004504004830304800E4
:1034F00046043C2020BC60004704182020207800AF
:10350000480478407840780049043C203CA07C0086
:103510004A040878505020004B047850502078001E
:103520004C040078505020004D044858683000008A
:103530004E047830304830004F045028287800007E
:1035400050040030696A500051040032686A50002B
:103550005204023F0A887000530400780A090800E8
:10356000540400306858480055040050586828003A
:10357000560400487A4000005704004A7842000090
:103580005804004080847D00590470087850200061
:103590005A047810785020005B04047E14106000F8
:1035A0005C040078223148005D04784122107800E4
:1035B0005E0418A1A2A279005F043C20E0203C0038
:1035C0006204027F4A4830006304087E585020009D
:1035D00070040E107E100E00710418207820180060
:1035E00072043C4A4A4A3C00730430685868300010
:1035F0007404001E70180C00750400186030100070
:103600009004007E020203009104007808080C0078
:103610009204087E0A0A0200930420782808080011
:1036200096043B043F043BE0970424183C1824C054
:103630009A04003F040A31C09B04003C101824C0C7
:10364000AE04060870080600AF040C10E0100C0071
:10365000B004161870181600B1042C30E0302C009D
:10366000B20421120C1221C0B3040024181824C083
:10367000BA047E0808087000BB04007E08087000C9
:10368000D804003452523C00D90400286858300055
:10369000E20400457D450000E304004A7A42000050
:1036A000E8043C4A4A4A3C00E904003058583000DB
:1036B000EE04003D41413D00EF04003A42427A00F1
:1036C000D005681020285000D105484848784000AF
:1036D000D205004830600000D305080808780800CB
:1036E000D405680808087800D505000008780000AF
:1036F000D605080818680800D70508780808780073
:10370000D805784050487800D90500000818000016
:10371000DA0504040404FC00DB0548484848380086
:10372000DC050E4848281800DD0508784848780070
:10373000DE05582010487000DF05000004FC000082
:10374000E005004040487800E1050008784838006E
:10375000E205487840281800E305041C0404FC0036
:10376000E405485848483800E50504F820140800E6
:10377000E605485060685000E705F40424241C0066
:10378000E805080808087000E90578505840380036
:10379000EA05487808087800F005087800087800FD
:1037A000F105081800087800F2050818000818004C
:1037B000F305000010080000F405100800100800D0
:1037C000021E7C5455542800031E007E48493000D8
:1037D0000A1E007C454438000B1E003049487E001C
:1037E0001E1E007C151404001F1E00107914080012
:1037F000401E7E0419047E00411E780832087000C5
:10380000561E007C15140800571E00FC25241800C5
:10381000601E004854552400611E0050586A28005C
:103820006A1E04047D0404006B1E00083D4820004D
:10383000801E7C2112207C00811E384132403800DD
:10384000821E7C2012217C00831E384032413800C9
:10385000841E7C2110217C00851E384230423800B5
:10386000F21E040972080400F31E00B84142F80079
:10387000A3207E0A7A120A00A420A8FCAA8284004F
:10388000A720087E2A1C0800AB200098A4A6BF022F
:10389000AC20183C5A5A4200AF20627F22443800C4
:1038A0009021103854101000912108047E04080063
:1038B0009221101054381000932110207E20100007
:1038C000942110381010381095212844FE44280007
:1038D00060860100A6090000200000000000000032
:1038E00000000000000000000000000000000000D8
:1038F00000002100000000000006FC0000000000A5
:103900000000000000000000000000002200000095
:103910001C00000000001C0000000000000000006F
:103920000000000000002300A000F807A000F80736
:10393000A0000000000000000000000000000000E7
:103940002400000018022404460C88030000000034
:103950000000000000000000000025003802C40143
:10396000780020039004080300000000000000001D
:1039700000000000260080037804A40418038003DC
:1039800040040000000000000000000000002700CC
:10399000000000001C00000000000000000000000B
:1039A0000000000000000000280000000000F801F6
:1039B00006060108000000000000000000000000F2
:1039C00000002900000001080606F80100000000C0
:1039D0000000000000000000000000002A000400B9
:1039E00014000E001400040000000000000000009D
:1039F0000000000000002B0040004000F8034000E1
:103A00004000000000000000000000000000000076
:103A10002C0000000000000900060000000000006B
:103A2000000000000000000000002D0000008000E9
:103A30008000800000000000000000000000000086
:103A4000000000002E000000000000060000000042
:103A500000000000000000000000000000002F0037
:103A6000000C800360001C00030000000000000048
:103A7000000000000000000030000000F803040413
:103A80000404F80300000000000000000000000033
:103A900000003100000004040404FC0700040004DA
:103AA00000000000000000000000000032000000E4
:103AB00008060405C40438040000000000000000EB
:103AC0000000000000003300000008024404440429
:103AD000B80300000000000000000000000000002B
:103AE00034000000800170010801FC0700010000A3
:103AF00000000000000000000000350000023C044F
:103B000024042404C403000000000000000000009E
:103B10000000000036000000F0034804440488035D
:103B2000000000000000000000000000000037005E
:103B300000000400C40734000C0000000000000076
:103B4000000000000000000038000000B80344043A
:103B50004404B80300000000000000000000000062
:103B6000000039000000780284048802F00100009F
:103B70000000000000000000000000003A0000000B
:103B800000003006000000000000000000000000FF
:103B90000000000000003B000000000018090006C3
:103BA0000000000000000000000000000000000015
:103BB0003C004000A000A000A00010010000000098
:103BC000000000000000000000003D002001200176
:103BD0002001200120010000000000000000000082
:103BE000000000003E0000001001A000A000A000A6
:103BF00040000000000000000000000000003F0046
:103C000000000800840664001800000000000000A6
:103C100000000000000000004000F0030C04C20897
:103C200022092409F809000000000000000000003B
:103C3000000041000007F8008400F80000070000C1
:103C40000000000000000000000000004200000032
:103C5000FC0744044404B803000000000000000016
:103C600000000000000043000000F001080204040E
:103C70000404080200000000000000000000000032
:103C800044000000FC0704040802F00100000000EA
:103C90000000000000000000000045000000FC07DC
:103CA000440444044404000000000000000000003C
:103CB0000000000046000000FC07440044004400EF
:103CC00000000000000000000000000000004700AD
:103CD0000000F00108024404C803000000000000D6
:103CE000000000000000000048000000FC07400049
:103CF0004000FC0700000000000000000000000081
:103D00000000490000000404FC070404040400004F
:103D10000000000000000000000000004A00000059
:103D2000000200040004FC0300000000000000008A
:103D30000000000000004B000000FC074000F00005
:103D40000C0304040000000000000000000000005C
:103D50004C000000FC070004000400040000000008
:103D6000000000000000000000004D000000FC0703
:103D700038007000FC070000000000000000000098
:103D8000000000004E000000FC073800C003FC07E4
:103D900000000000000000000000000000004F00D4
:103DA0000000F80304040404F8030000000000000D
:103DB000000000000000000050000000FC0784002C
:103DC00084004400780000000000000000000000B3
:103DD000000051000000FC0102020206FC09000084
:103DE0000000000000000000000000005200000081
:103DF000FC074400C4013806000000000000000079
:103E000000000000000053000000180224044404D5
:103E10008803000000000000000000000000000017
:103E20005400000004000400FC070400040000002B
:103E30000000000000000000000055000000FC032E
:103E400000040004FC03000000000000000000006B
:103E50000000000056000C00F0030004F0030C000A
:103E600000000000000000000000000000005700FB
:103E70007C008007E001F0010007FC00000000006A
:103E8000000000000000000058000404B8034000D7
:103E9000B80304040000000000000000000000005F
:103EA0000000590004003800C00730000C0000007A
:103EB0000000000000000000000000005A000404A0
:103EC0000407E4041C0404040000000000000000D7
:103ED0000000000000005B0000000000FF0F010870
:103EE00001080000000000000000000000000000C9
:103EF0005C0003001C0060008003000C0000000058
:103F0000000000000000000000005D00000001084B
:103F10000108FF0F0000000000000000000000008A
:103F2000000000005E00400038000400380040003F
:103F300000000000000000000000000000005F0022
:103F40000008000800080008000800000000000049
:103F500000000000000000006000000000000200FF
:103F6000040000000000000000000000000000004D
:103F7000000061000000200390049004E0070000AE
:103F800000000000000000000000000062000000CF
:103F9000FC0710041004E003000000000000000013
:103FA00000000000000063000000C00120021004B7
:103FB00030040002000000000000000000000000CB
:103FC00064000000E00310041004FC07000000007F
:103FD0000000000000000000000065000000E00399
:103FE00090049004E00400000000000000000000C5
:103FF00000000000660000001000F8071400140024
:104000000000000000000000000000000000670049
:104010000000B806440944093C09040600000000F9
:10402000000000000000000068000000FC07100015
:104030001000E00700000000000000000000000089
:104040000000690000000000F4070000000000000C
:104050000000000000000000000000006A000008EE
:1040600000080008FD07000000000000000000003C
:104070000000000000006B000000FE078000E0016F
:104080001006100400000000000000000000000006
:104090006C0000000000FC030004000400000000AD
:1040A000000000000000000000006D00F00710009C
:1040B0001000E0071000E007000000000000000012
:1040C000000000006E000000F00710001000E00784
:1040D00000000000000000000000000000006F0071
:1040E0000000E00310041004E003000000000000E2
:1040F000000000000000000070000000FC0F040140
:104100000401F800000000000000000000000000B2
:10411000000071000000F80004010401FC0F000021
:10412000000000000000000000000000720000001D
:10413000F007200010001000000000000000000048
:104140000000000000007300000060029004900472
:10415000200300000000000000000000000000003C
:10416000740000001000FC031004100400000000A4
:104170000000000000000000000075000000F003D7
:1041800000040004F0070000000000000000000030
:104190000000000076003000C0030004C0033000BF
:1041A0000000000000000000000000000000770098
:1041B000F0000007E003C0010007F000000000006D
:1041C0000000000000000000780010046003800080
:1041D0006003100400000000000000000000000068
:1041E000000079000C0870088007F0000C00000047
:1041F0000000000000000000000000007A00000045
:104200000004100790047004100400000000000077
:104210000000000000007B0000004000BE07010815
:104220000108000000000000000000000000000085
:104230007C0000000000FF0F0000000000000000F4
:10424000000000000000000000007D0000000108E8
:104250000108BE0740000000000000000000000050
:10426000000000007E0080004000400080008000D0
:1042700040000000000000000000000000000000FE
:10428000608601008803000020000000000000009C
:1042900021000017000000002200000300030000BE
:1042A00023000A1F0A1F0A0024000A17151D0A000E
:1042B000250013090412190026000A15150A10001A
:1042C00027000003000000002800000E110000007D
:1042D000290000110E0000002A00000A040A000054
:1042E0002B0000040E0400002C0000100800000049
:1042F0002D000004040400002E000008000000004F
:104300002F0010080402010030000E11110E0000F1
:10431000310000121F1000003200191515120000A4
:1043200033000911150B000034000C0A091F0800A6
:104330003500171515150900360008141615080064
:10434000370011090503010038000A1515150A0088
:10435000390002150D0502003A00000A00000000B5
:104360003B0000100A0000003C0000040A1100009D
:104370003D00000A0A0A00003E0000110A04000085
:104380003F0002011505020040000E1115090E0044
:1043900041001E05051E000042001F15150A000001
:1043A00043000E111111000044001F11110E0000F6
:1043B00045001F151511000046001F0505010000EE
:1043C00047000E1111150C0048001F04041F0000C7
:1043D0004900111F110000004A000911110F0100CE
:1043E0004B001F040A1100004C001F1010100000A9
:1043F0004D001F0204021F004E001F0204081F0090
:104400004F000E11110E000050001F0505020000A4
:10441000510006091916000052001F05050A100078
:104420005300121515090000540001011F0101007D
:1044300055000F10100F0000560007081008070065
:1044400057001F0804081F0058001B04041B00002D
:10445000590001021C0201005A0019151311000035
:104460005B00001F111100005C0001020408100035
:104470005D000011111F00005E000002010200003B
:104480005F0010101010100060000001020000001A
:1044900061000C12121E100062001F1414080000AC
:1044A00063000C121212000064000814141F0000B4
:1044B00065000E15151200006600041E05010000BF
:1044C00067000215150F000068001F0404180000A3
:1044D0006900001D000000006A000010100D0000BF
:1044E0006B001F040A1000006C00000F1010000089
:1044F0006D001E0204021E006E001E02021C00005F
:104500006F000C12120C000070001E0A0A0400005A
:104510007100040A0A1E000072001C020202000060
:10452000730010140A0200007400000F141410002D
:1045300075000E10101E1000760006081008060008
:1045400077001E1008101E007800120C0C120000DC
:1045500079001214080402007A00121A16120000E0
:104560007B0000041F1100007C00001F0000000001
:104570007D00111F040000007E00000404080800F4
:10458000D3000C1213130C00F3000C12130D0000D7
:1045900004010E05051E100005010609191F08007B
:1045A00006010C121313120007010C121313000062
:1045B00018010F0B1B19000019010E151D1A000020
:1045C00041011F14121000004201100F14120000CC
:1045D00043011F0205081F0044011E03031C0000C5
:1045E0005A0110140B0302005B0110140B030000AE
:1045F0007901121A171300007A01121A171300001A
:104600007B01121B171200007C01121B1712000005
:104610006086010030000000000000FFFFFFFF2166
:1046200021FF93C4FF8135FFF609249CA378DC5257
:10463000003FAD87F2FF8E2EC4A4839F5C406CE5E3
:10464000CDC491463D000000608601001C000000C2
:1046500087040500050000000100010010100000A3
:104660000001000010100000010001006086010040
:104670001400000087040300030000000101000093
:104680001000000001010000608601002800000009
:10469000870408000700000010110000010001005D
:1046A00001001000100000010100100001000100D5
:1046B00010110000000000006086010028000000CA
:1046C0008704080007000000C0CC00002C220C006A
:1046D0002222C2002222220C202222022224220094
:1046E0004222020020220000608601002400000017
:1046F0008704070005000000000000001001000012
:104700000110000010000100011000001001000065
:1047100000000000608601002400000087040700FC
:104720000500000000000000100100002112000040
:1047300010240100411200001001000000000000E0
:1047400060860100080000008704000000000000EF
:1047500060860100140000008704030003000000CD
:10476000110100000101000011010000608601003C
:104770006800000087040C000C000000000000002E
:1047800000000000B0BBBBBBBB0B0000B0BBBBBBA1
:10479000BBCB0000B0DB1111BDCB0000B01B111171
:1047A000B1CB0000B01B1111B1CB0000B01B111137
:1047B000B1CB0000B01B1111B1CB0000B0DB111167
:1047C000BDCB0000B0BBBBBBBBCB0000B0BBBBBB19
:1047D000BBCB000000CCCCCCCCCC00006086010070
:1047E0001400000087040300030000000101000022
:1047F00001010000010100006086010014000000BA
:104800008704030003000000F1010000F101000033
:10481000F1010000608601003000000087040A00FA
:104820000800000011111101010000010111010136
:10483000111000010111010101000001010000013E
:10484000100010000001010000100000608601004F
:104850006000000087040B000B000000006066860B
:104860000800000060767766860000006077776752
:104870006608000076171111670800007671177737
:104880006608000076711777660800007671177762
:1048900066080000761711116708000060777767D7
:1048A0006608000060767766860000000060668615
:1048B0000800000060860100D80200008704240080
:1048C0002400000000111111111111111111111109
:1048D0001111111111000000103133333333333310
:1048E00033333333333333331301000011131111D6
:1048F00011111111111111111111111131110000AA
:104900003111111111111111111111111111111177
:104910001113000031111111111111111111111187
:104920001111111111130000311111111111111177
:104930001111111111111111111300003111111167
:104940001111111111111111111111111113000077
:104950003111111111111111111111111111111127
:104960001113000031111111111111111111111137
:104970001111111111130000311111111111111127
:104980001111111111111111111300003111111117
:104990001111111111111111111111111113000027
:1049A00031111111111111111111111111111111D7
:1049B00011130000311111111111111111111111E7
:1049C00011111111111300003111111111111111D7
:1049D00011111111111111111113000031111111C7
:1049E00011111111111111111111111111130000D7
:1049F0003111111111111111111111111111111187
:104A00001113000031111111111111111111111196
:104A10001111111111130000311111111111111186
:104A20001111111111111111111300003111111176
:104A30001111111111111111111111111113000086
:104A40003111111111111111111111111111111136
:104A50001113000031111111111111111111111146
:104A60001111111111130000311111111111111136
:104A70001111111111111111111300003111111126
:104A80001111111111111111111111111113000036
:104A900031111111111111111111111111111111E6
:104AA00011130000311111111111111111111111F6
:104AB00011111111111300003111111111111111E6
:104AC00011111111111111111113000031111111D6
:104AD00011111111111111111111111111130000E6
:104AE0003111111111111111111111111111111196
:104AF00011130000311111111111111111111111A6
:104B00001111111111130000311111111111111195
:104B10001111111111111111111300003111111185
:104B20001111111111111111111111111113000095
:104B30003111111111111111111111111111111145
:104B40001113000031111111111111111111111155
:104B50001111111111130000111311111111111163
:104B600011111111111111113111000010313333D4
:104B700033333333333333333333333313010000BD
:104B80000011111111111111111111111111111126
:104B90001100000060860100D80200008704240094
:104BA000240000000022222222222222222222226B
:104BB00022222222220000002032333333333333C7
:104BC000333333333333333323020000222322229F
:104BD00022222222222222222222222232220000E9
:104BE0003222111111111111111111111111111183
:104BF0002223000032121111111111111111111182
:104C00001111111121230000321211111111111172
:104C10001111111111111111212300003212111162
:104C20001111111111111111111111112123000074
:104C30003212111111111111111111111111111142
:104C40002123000032121111111111111111111132
:104C50001111111121230000321211111111111122
:104C60001111111111111111212300003212111112
:104C70001111111111111111111111112123000024
:104C800032121111111111111111111111111111F2
:104C900021230000321211111111111111111111E2
:104CA00011111111212300003212111111111111D2
:104CB00011111111111111112123000032121111C2
:104CC00011111111111111111111111121230000D4
:104CD00032121111111111111111111111111111A2
:104CE0002123000032121111111111111111111192
:104CF0001111111121230000321211111111111182
:104D00001111111111111111212300003212111171
:104D10001111111111111111111111112123000083
:104D20003212111111111111111111111111111151
:104D30002123000032121111111111111111111141
:104D40001111111121230000321211111111111131
:104D50001111111111111111212300003212111121
:104D60001111111111111111111111112123000033
:104D70003212111111111111111111111111111101
:104D800021230000321211111111111111111111F1
:104D900011111111212300003212111111111111E1
:104DA00011111111111111112123000032121111D1
:104DB00011111111111111111111111121230000E3
:104DC00032121111111111111111111111111111B1
:104DD00021230000321211111111111111111111A1
:104DE0001111111121230000321211111111111191
:104DF0001111111111111111212300003212111181
:104E00001111111111111111111111112123000092
:104E10003212111111111111111111111111111160
:104E20002123000032221111111111111111111140
:104E300011111111222300002223222222222222D8
:104E40002222222222222222322200002032333346
:104E500033333333333333333333333323020000C9
:104E60000022222222222222222222222222222244
:104E70002200000060860100D802000087042400A0
:104E80002400000000444444444444444444444412
:104E90004444444444000000403433333333333318
:104EA0003333333333333333430400004443444414
:104EB000444444444444444444444444344400004A
:104EC000344411111111111111111111111111117C
:104ED0004443000034141111111111111111111159
:104EE000111111114143000034141111111111114C
:104EF000111111111111111141430000341411113C
:104F00001111111111111111111111114143000051
:104F1000341411111111111111111111111111115B
:104F2000414300003414111111111111111111110B
:104F300011111111414300003414111111111111FB
:104F400011111111111111114143000034141111EB
:104F50001111111111111111111111114143000001
:104F6000341411111111111111111111111111110B
:104F700041430000341411111111111111111111BB
:104F800011111111414300003414111111111111AB
:104F9000111111111111111141430000341411119B
:104FA00011111111111111111111111141430000B1
:104FB00034141111111111111111111111111111BB
:104FC000414300003414111111111111111111116B
:104FD000111111114143000034141111111111115B
:104FE000111111111111111141430000341411114B
:104FF0001111111111111111111111114143000061
:10500000341411111111111111111111111111116A
:10501000414300003414111111111111111111111A
:10502000111111114143000034141111111111110A
:1050300011111111111111114143000034141111FA
:105040001111111111111111111111114143000010
:10505000341411111111111111111111111111111A
:1050600041430000341411111111111111111111CA
:1050700011111111414300003414111111111111BA
:1050800011111111111111114143000034141111AA
:1050900011111111111111111111111141430000C0
:1050A00034141111111111111111111111111111CA
:1050B000414300003414111111111111111111117A
:1050C000111111114143000034141111111111116A
:1050D000111111111111111141430000341411115A
:1050E0001111111111111111111111114143000070
:1050F000341411111111111111111111111111117A
:1051000041430000344411111111111111111111F9
:1051100011111111444300004443444444444444A5
:10512000444444444444444434440000403433330D
:1051300033333333333333333333333343040000C4
:105140000044444444444444444444444444444463
:10515000440000006086010008020000870420006F
:10516000200000000000000000000000000000001F
:1051700000000000000000000000C0FCFF0F000065
:1051800000000000000000000000BCDDDDFB0000AE
:1051900000000000000000000000DCBBBBFD0000C0
:1051A00000000000000000000000CCBBBBFC0000C1
:1051B000000000000000000000C0BCD1BDFB0F00DB
:1051C000000000000000000000C01B11DDBB0F004C
:1051D000000000000000000000C0BCBBBBCB0F0003
:1051E000000000000000000000BC11D1DDDDCB009C
:1051F0000000000000000000C01D11DDDDDDD10C4D
:105200000000000000000000BCD1CBBCFBCF1DCBD8
:1052100000000000000000001CCDCCDDBDFFDFC1A0
:1052200000000000000000001CCCCCDBCBFFCFC195
:105230000000000000000000DBCBCCCCFCFFBFCDA9
:105240000000000000000000BBBDCCCCFFCFDBBBEA
:105250000000000000000000B0DBBDBBBBDBBD0BED
:10526000000000000000000000B0CBCCCCBC0B0064
:10527000000000000000000000000000000000002E
:1052800000000000000000000000D007700D0000CA
:1052900000000000000000000000706666070000CB
:1052A0000000000000000000000000677600000021
:1052B00000000000000000000066070000706600AB
:1052C0000000000000000000006766777766760047
:1052D00000000000000000000060666666660600D0
:1052E0000000000000000000660067666676006649
:1052F0000000000000000000667600000000676605
:105300000000000000000000676676777767667629
:1053100000000000000000006066666666666606C3
:105320000000000000000000006766666666760008
:1053300000000000000000000000676666760000C4
:10534000000000000000000000000000000000005D
:10535000000000000000000000000000000000004D
:1053600000000000608601000802000087042000A1
:10537000200000000000000000000000000000000D
:10538000000000000000000000000000000000001D
:10539000000000000000000000000000000000000D
:1053A00000000000000000000000000000000000FD
:1053B00000000000000000000000000000000000ED
:1053C00000000000000000000000000000000000DD
:1053D00000000000000000000000000000000000CD
:1053E00000000000000000000000000000000000BD
:1053F0000000000000000000000000B0BB00000042
:10540000000000000000000000B000404500B000B7
:105410000000000000000000005B0B000400540BC3
:105420000000000000000000B0550400000054B56A
:10543000000000000000000000440040BB004004E9
:105440000000000000000000000040D4DDBB0000B0
:10545000000000000000000000004055DDBD00001D
:1054600000000000000000004B005455D5DD0B404B
:105470000B000000000000005B045411D5DD0B544C
:105480000B000000000000004B005411D5DD0B4064
:105490000B0000000000000000004055DDBD0000D2
:1054A0000000000000000000000040D4DDBB000050
:1054B000000000000000000000440040BB00400469
:1054C0000000000000000000B0550400000054B5CA
:1054D0000000000000000000005B04000400540B0A
:1054E000000000000000000000B000404500B000D7
:1054F0000000000000000000000000B0BB00000041
:10550000000000000000000000000000000000009B
:10551000000000000000000000000000000000008B
:10552000000000000000000000000000000000007B
:10553000000000000000000000000000000000006B
:10554000000000000000000000000000000000005B
:10555000000000000000000000000000000000004B
:10556000000000000000000000000000000000003B
:10557000000000006086010008020000870420008F
:1055800020000000000000000000000000000000FB
:10559000000000000000000000000000000000000B
:1055A00000000000000000000000000000000000FB
:1055B00000000000000000000000000000000000EB
:1055C00000000000000000000000000000000000DB
:1055D00000000000000000000000000000000000CB
:1055E00000000000000000000000000000000000BB
:1055F0000000000000000020020000000000002069
:105600000200000000000020220000000000002234
:105610000200000000000000220200000000202222
:105620000000000000000000202200000000220214
:105630000000000000000000002202000020220004
:1056400000000000000000000020220000220200F4
:1056500000000000000000000000220220220000E4
:1056600000000000000000000000202222020000D4
:1056700000000000000000000000002222000000E6
:1056800000000000000000000000002222000000D6
:1056900000000000000000000000202222020000A4
:1056A0000000000000000000000022022022000094
:1056B0000000000000000000002022000022020084
:1056C0000000000000000000002202000020220074
:1056D0000000000000000000202200000000220264
:1056E0000000000000000000220200000000202254
:1056F0000000000000000020220000000000002246
:105700000200000000000020020000000000002055
:105710000200000000000000000000000000000087
:105720000000000000000000000000000000000079
:105730000000000000000000000000000000000069
:105740000000000000000000000000000000000059
:105750000000000000000000000000000000000049
:105760000000000000000000000000000000000039
:105770000000000000000000000000000000000029
:10578000000000006086010008020000870420007D
:1057900020000000000000000000000000000000E9
:1057A00000000000000000000000000000000000F9
:1057B00000000000000000000000000000000000E9
:1057C00000000000000000000000000000000000D9
:1057D00000000000000000000000000000000000C9
:1057E00000000000000000000000000000000000B9
:1057F00000000000000000000000C0FCFF0F0000DF
:1058000000000000000000000000BCDDDDFB000027
:1058100000000000000000000000DCBBBBFD000039
:1058200000000000000000000000CCBBBBFC00003A
:10583000000000000000000000C0BCD1BDFB0F0054
:10584000000000000000000000C01B11DDBB0F00C5
:10585000000000000000000000C0BCBBBBCB0F007C
:10586000000000000000000000BC11D1DDDDCB0015
:105870000000000000000000C01D11DDDDDDD10CC6
:105880000000000000000000BCD1CBBCFBCF1DCB52
:1058900000000000000000001CCDCCDDBDFFDFC11A
:1058A00000000000000000001CCCCCDBCBFFCFC10F
:1058B0000000000000000000DBCBCCCCFCFFBFCD23
:1058C0000000000000000000BBBDCCCCFFCFDBBB64
:1058D0000000000000000000B0DBBDBBBBDBBD0B67
:1058E000000000000000000000B0CBCCCCBC0B00DE
:1058F00000000000000000000000000000000000A8
:1059000000000000000000000000D007700D000043
:105910000000000000000000000070666607000044
:10592000000000000000000000000067760000009A
:105930000000000000000000000000000000000067
:105940000000000000000000000000000000000057
:105950000000000000000000000000000000000047
:105960000000000000000000000000000000000037
:105970000000000000000000000000000000000027
:105980000000000000000000000000000000000017
:10599000000000006086010008020000870420006B
:1059A00020000000000000000000000000000000D7
:1059B00000000000000000000000000000000000E7
:1059C00000000000000000000000000000000000D7
:1059D00000000000000000000000000000000000C7
:1059E00000000000000000000000000000000000B7
:1059F00000000000000000000000000000000000A7
:105A00000000000000000000000000000000000096
:105A100000000000000000000000B0CBCC0C000033
:105A2000000000000000000000B0DB55D5CD0C00E8
:105A3000000000000000000000DB555555DDCD00E2
:105A40000000000000000000B055555555D59D0BD5
:105A50000000000000000000DB55555555D59DB9EC
:105A600000000000000000005B55555555D5DDB91C
:105A700000000000000000B05DB5CCCC5BDDDD991E
:105A80000B000000000000B055CCCCCCCCDDDD9D7F
:105A90000B000000000000B0B5CCCCCCCCDBDD9D11
:105AA0000B000000000000B0C5CCCCCCCCDCDD9DF0
:105AB0000B000000000000B0C5CCDCCBCCDCDD9DD1
:105AC0000C000000000000B0CDCC5B55CCDCDD9DAF
:105AD0000C00000000000000CCDC55B5CCDCDDC9BA
:105AE0000000000000000000CCCC5B55CCDBDDC921
:105AF0000000000000000000C0CCDCCBCCDD9D0C21
:105B0000000000000000000000CCCCCCDBDDCD00AC
:105B1000000000000000000000C0DCDDDDCD0C0056
:105B200000000000000000000000C0CCCC0C000011
:105B30000000000000000000000000000000000065
:105B40000000000000000000000000000000000055
:105B50000000000000000000000000000000000045
:105B60000000000000000000000000000000000035
:105B70000000000000000000000000000000000025
:105B80000000000000000000000000000000000015
:105B90000000000000000000000000000000000005
:105BA0000000000060860100080200008704200059
:105BB00020000000000000000000000000000000C5
:105BC00000000000000000000000000000000000D5
:105BD00000000000000000000000000000000000C5
:105BE00000000000000000000000000000000000B5
:105BF00000000000000000000000000000000000A5
:105C00000000000000000000000000000000000094
:105C10000000000000000000000000000000000084
:105C20000000000000000000000000000000000074
:105C3000CC00000000000000B0BBBBBBBBCB00C071
:105C4000CD000000000000001BDDDDDDDDBD0C1C13
:105C5000CD000000000000B011CBCCCCCCBC0C1CA3
:105C6000CD000000000000B01D6C666666BC0CBC78
:105C7000CD000000000000B01D6C616661BC0C1C12
:105C8000CD000000000000B01D6C161666BCCC1BD9
:105C9000CD000000000000B01D6C666166BCCCBB8E
:105CA000CD000000000000B01D6C666666BCCC1B19
:105CB000CD000000000000B01D6C666661BCCC1B0E
:105CC000CD000000000000B01D6C666661BCCCBB5E
:105CD000CD000000000000B01D6C666661BCCC1BEE
:105CE000CD000000000000B01D6C666666BC0C1C98
:105CF000CD000000000000B01DCBCCCCCCBC0CBC57
:105D0000CD000000000000C0B1BBBBBBBBBB0CDCC6
:105D1000CB000000000000C0BBBBBBBBBBCB00DCAA
:105D20000C00000000000000CCCCCCCCCC0C00CC93
:105D30000000000000000000000000000000000063
:105D40000000000000000000000000000000000053
:105D50000000000000000000000000000000000043
:105D60000000000000000000000000000000000033
:105D70000000000000000000000000000000000023
:105D80000000000000000000000000000000000013
:105D90000000000000000000000000000000000003
:105DA00000000000000000000000000000000000F3
:105DB0000000000060860100080200008704200047
:105DC00020000000000000000000000000000000B3
:105DD00000000000000000000000000000000000C3
:105DE00000000000000000000000000000000000B3
:105DF00000000000000000000000000000000000A3
:105E00000000000000000000000000000000000092
:105E1000000000000000000000000040040000003E
:105E200000000000000000000000005445000000D9
:105E30000000000000000000440B00BBBB00B044A9
:105E40000000000000000040550B00000000B055AD
:105E50000400000000000040B5000044BB00005BEF
:105E600004000000000000B00B0044DDDDBB00B00A
:105E70000B0000000000000000405D55D5DD0B0068
:105E8000000000000000000000D4555555DDBD00A5
:105E900000000000000000000054555555D5BD001D
:105EA00000000000000000B44055555555D5DD0BED
:105EB0004B000000000040B54055555555D5DD0B51
:105EC0005B040000000040B54055555555D5DD0B2D
:105ED0005B040000000000B44055115555D5DD0BA2
:105EE0004B000000000000000054115555D5BD00C6
:105EF000000000000000000000D4555555DDBD0035
:105F0000000000000000000000405D55D5DD0B00E2
:105F100000000000000000B00B0044DDDDBB00B05D
:105F20000B00000000000040B5000044BB00005B17
:105F30000400000000000040550B00000000B055B8
:105F40000400000000000000440B00BBBB00B04494
:105F500000000000000000000000005445000000A8
:105F600000000000000000000000004004000000ED
:105F70000000000000000000000000000000000021
:105F80000000000000000000000000000000000011
:105F90000000000000000000000000000000000001
:105FA00000000000000000000000000000000000F1
:105FB00000000000000000000000000000000000E1
:105FC0000000000060860100080200008704200035
:105FD00020000000000000000000000000000000A1
:105FE00000000000000000000000000000000000B1
:105FF00000000000000000000000000000000000A1
:106000000000000000000000000000000000000090
:106010000000000000000000000000000000000080
:106020000000000000000000000000000000000070
:106030000000000000000000BBBB000000000000EA
:1060400000000000000000B055BB00BBBBBB00005F
:1060500000000000000000B0B5BDBCBBBBDDCB0044
:1060600000000000000000B0DBCB5B5555BBDD0C31
:1060700000000000000000B0CBDCBDBB5B55DBCDF9
:106080000000000000000000C0DDDB11D15BB5BDE9
:106090000C00000000000000BBBD111111B155BB88
:1060A0000C00000000000000DB1B111111115BB59A
:1060B000CB00000000000000DB1BB11D1199B9D519
:1060C000CB00000000000000DB1B11BB9199B9550B
:1060D000CB000000000000005B1B11B19B99995B95
:1060E000CB000000000000005B1D1111BB99995C02
:1060F000CB00000000000000B0B511BBBB99995C5B
:10610000CB00000000000000B0D51D919999D95B2B
:106110000B00000000000000005BDB919999C9D5DD
:106120000B0000000000000000B0D51B99D9BCB5E1
:10613000000000000000000000005BD5BBBC550B58
:1061400000000000000000000000B05B5555BD00DD
:106150000000000000000000000000B0BBBB000019
:10616000000000000000000000000000000000002F
:10617000000000000000000000000000000000001F
:10618000000000000000000000000000000000000F
:1061900000000000000000000000000000000000FF
:1061A00000000000000000000000000000000000EF
:1061B00000000000000000000000000000000000DF
:1061C00000000000000000000000000000000000CF
:1061D00000000000608601000C0000008704010040
:1061E000010000000F000000608601000C000000AC
:1061F0008704010002000000FF000000608601002B
:106200001000000087040200010000000F000000E1
:106210000F000000608601001000000087040200EB
:1062200002000000FF0000000F0000006086010077
:106230001000000087040200020000000F000000B0
:10624000FF00000060860100880000008704100045
:10625000100000000000000000000000000000002E
:10626000000000000000000000000000000000002E
:10627000000000000000000000000000000000001E
:10628000000000000000000000000000000000000E
:1062900000000000000000000000000000000000FE
:1062A00000000000000000000000000000000000EE
:1062B00000000000000000000000000000000000DE
:1062C00000000000000000000000000000000000CE
:1062D00000000000608601008800000087041000B4
:1062E0001000000067DDDDDDDDDDDDDD67DD1DD1FA
:1062F000DDDDDDDD77D61DD1DDBDDDDD67D7DDDDA3
:10630000DDDDDDDD77D71DDDDDDDDDDD67D6DDDD66
:10631000DDDDDDDD7767DDDDBDDDDDDD67DDDDDD1F
:10632000DDDDDDD167DDDDDDDDDDDDDDD7DDDDDD25
:10633000DDDDDDDD67D71DDDDDDDDDDD77D6DDDD36
:10634000DDBDDBDD77DDDDDDDDBDDBDD67D6DDDDA4
:10635000DDDDDDDD7767DDDD1DDDDD1D77D6DDDD36
:10636000DDDDDDDD608601008800000087041000AF
:1063700010000000000000000000000000FFFF0F00
:1063800000000000F07777F700000000F07777F763
:1063900000000000F01711F7FFFFFF0FF0F71FF7E5
:1063A0007777770FF01711F777D7FD0FF07777FF33
:1063B00077D77FF7F077777777F777F7F077777793
:1063C000777777FF00FFFF7F7777F70F00444FF471
:1063D000FF77770F000000F444FF770F0000000004
:1063E000404F7F0F0000000000407F0F00000000C2
:1063F0000000F40F60860100880000008704100090
:1064000010000000000000000000F40F0000000079
:1064100000407F0F00000000404F7F0F000000F49D
:1064200044FF770F00444FF4FF7777FF00FFFF7FB3
:10643000777777F7F0777777F77F77F7F077777772
:106440007777DD0FF07777FF77D7DD0FF01711F74C
:1064500077D7DDFDF0F71FF7777777F7F01711F7AC
:106460007FF7FFFFF07777F770070000F07777F797
:10647000F00F000000FFFF0F000000000000000010
:106480000000000060860100880000008704100002
:1064900010000000DD1DDD1DDD1DDD1D1111DD1DE8
:1064A0001111DD1DDD1DDD1DDD1DDD1DDD1DDD1DF4
:1064B000DD1DDD1DDD1DDD1DDD1DDD1DDD1D1111E4
:1064C000DD1D1111DD1DDD1DDD1DDD1DDD1DDD1DD4
:1064D000DD1DDD1DDD1DDD1DDD1DDD1D1111DD1DC4
:1064E0001111DD1DDD1DDD1DDD1DDD1DDD1DDD1DB4
:1064F000DD1DDD1DDD1DDD1DDD1DDD1DDD1D1111A4
:10650000DD1D1111DD1DDD1DDD1DDD1DDD1DDD1D93
:10651000DD1DDD1D6086010088000000870410007D
:1065200010000000000000000000000000FFFF0F4E
:1065300000000000F07777F700000000F07777F7B1
:1065400000000000F01711F7FFFFFFFFF0F71FF743
:10655000777777F7F01711F7777777F7F07777FF97
:1065600077F7DF0DF07777777777F70FF077777733
:10657000777777F700FFFF7F777777F700444FF45F
:10658000FF7777FF000000F444FF770F0000000062
:10659000404F7F0F0000000000407F0F0000000010
:1065A0000000F40F608601008800000087041000DE
:1065B000100000001D1111B11D1111B1D1DDDDBDA3
:1065C000D1DDDDBDD1DDDDBDD1DDDDBDD1DDDDBDAB
:1065D000D1DDDDBDD1DDDDBDD1DDDDBDD1DDDDBD9B
:1065E000D1DDDDBDD1DDDDDDD1DDDDDDBBBBBBED75
:1065F000BBBBBBED1D1111B11D1111D1D1DDDDBD35
:10660000D1DDDDBDD1DDDDBDD1DDDDBDD1DDDDBD6A
:10661000D1DDDDBDD1DDDDBDD1DDDDBDD1DDDDBD5A
:10662000D1DDDDBDD1DDDDDDD1DDDDBDBBBBBBED54
:10663000BBBBBBED60860100880000008704100032
:1066400010000000000000000000000000FFFF0F2D
:1066500000000000F07777F700000000F07777F790
:1066600000F0FF0FF01711F7FFFF770FF0F71FF79C
:106670007777770FF01711F777D7DD0FF07777FF80
:1066800077D7DD0FF077777777D7770FF077777752
:10669000777777F700FFFF7F777777F700444FF43E
:1066A000FF7777FF000000F444FF770F0000000041
:1066B000404F7F0F0000000000407F0F00000000EF
:1066C0000000F40F608601008800000087041000BD
:1066D00010000000000000000000000000000000AA
:1066E00000000000000000000000000000000000AA
:1066F00000000000000000F0FF0000000000F05F5C
:1067000055FF000000005F5555550F0000F0555132
:1067100055550F0000F0551155550F0000005F55FD
:1067200055550F000000F05F55FF0000000000F01D
:10673000FF0000000000000000000000000000005A
:106740000000000000000000000000000000000049
:10675000000000006086010088000000870410002F
:10676000100000008C689696999999998C68969675
:10677000999999998C886696999999998C86669633
:10678000999999998C866699999999998C6666993F
:10679000999999998C686699999999998C6896961E
:1067A000999999998C689696999999998C669696E3
:1067B000999999998C669699999999998C866699DF
:1067C000999999998C866699999999998C886699DD
:1067D000999999998C889699999999998C6896998B
:1067E000999999996086010088000000870410003B
:1067F0001000000000000000400F0000000000003A
:10680000F4F7000000000000F4770F000000000023
:10681000F477F7FF0000444FF47777F70000FFFFAD
:106820007F77770F00F077777777F70000F077774B
:106830007777FD0000F07777FFD7FD0000F01711A4
:10684000F7D7FD0000F0F71FF777F70000F01711FA
:10685000F7FF0F0000F07777F700000000F0777780
:10686000F70000000000FFFF0F0000000000000024
:10687000000000006086010088000000870410000E
:106880001000000000000000000000000000FFFFFA
:106890000F00000000F07777F700000000F0777736
:1068A000F700000000F01711F7FF0F0000F0F71FCE
:1068B000F777F70000F01711F7D7FD0000F07777B2
:1068C000FFD7FD0000F077777777FD0000F077774E
:1068D0007777F7000000FFFF7F77770F0000444FC6
:1068E000F47777F700000000F477F7FF000000006E
:1068F000F4770F0000000000F4F700000000000033
:10690000400F00006086010088000000870410002E
:1069100010000000000000000000000000FFFF0F5A
:1069200000000000F07777F7F00F0000F07777F7BE
:1069300070070000F01711F77FF7FFFFF0F71FF760
:10694000777777F7F01711F777D7DDFDF07777FFD7
:1069500077D7DD0FF07777777777DD0FF077777779
:10696000F77F77F700FFFF7F777777F700444FF4E3
:10697000FF7777FF000000F444FF770F000000006E
:10698000404F7F0F0000000000407F0F000000001C
:106990000000F40F608601008800000087041000EA
:1069A00010000000000000000000000000000000D7
:1069B00000000000000000000000000000000000D7
:1069C00000000000000000F0FF0000000000F03FA9
:1069D00031FF000000003F3131310F0000F0313154
:1069E00031310F0000F0313131310F0000003F3103
:1069F00031310F000000F03F31FF0000000000F0D7
:106A0000FF00000000000000000000000000000087
:106A10000000000000000000000000000000000076
:106A2000000000006086010088000000870410005C
:106A30001000000000000000000000000000000046
:106A40000000000000000000000000F00000000056
:106A5000000000CF000000000000F0CCC0FFFFFFEE
:106A6000FFFFFFCC002222220000F0CC00222202F5
:106A7000000000CF00202202000000F000202202CF
:106A800000000000002022000000000000002200A2
:106A900000000000000022000000000000000200D2
:106AA00000000000000000000000000000000000E6
:106AB00000000000608601008800000087041000CC
:106AC00010000000000000000000F40F00000000B3
:106AD00000407F0F00000000404F7F0F000000F4D7
:106AE00044FF770F00444FF4FF77770F00FFFF7FDD
:106AF0007777F70FF0777777777777FFF077777794
:106B000077F777F7F07777FF77D77FF7F01711F7F9
:106B100077D7FDFFF0F71FF77777770FF01711F7AB
:106B2000FFFFFF0FF07777F700000000F07777F7AF
:106B30000000000000FFFF0F000000000000000048
:106B4000000000006086010088000000870410003B
:106B500010000000000000000000F40F0000000022
:106B600000407F0F00000000404F7F0F000000F446
:106B700044FF770F00444FF4FF7777FF00FFFF7F5C
:106B8000777777F7F0777777777777F7F0777777A3
:106B90007777F70FF07777FF77F7DF0DF01711F7BB
:106BA000777777F7F0F71FF7777777F7F01711F721
:106BB000FFFFFFFFF07777F700000000F07777F72F
:106BC0000000000000FFFF0F0000000000000000B8
:106BD00000000000608601008800000087041000AB
:106BE00010000000000000000000F40F0000000092
:106BF00000407F0F00000000404F7F0F000000F4B6
:106C000044FF770F00444FF4FF77770F00FFFF7FBB
:106C1000777777FFF0777777777777F7F07777770A
:106C200077D777F7F07777FF77D7DD0FF01711F782
:106C300077D7DD0FF0F71FF77777770FF01711F79A
:106C4000FFFF770FF07777F700F0FF0FF07777F718
:106C50000000000000FFFF0F000000000000000027
:106C6000000000006086010088000000870420000A
:106C700008000000090000E7090000E7090000E73C
:106C8000000005E7000000E70000002000000020F1
:106C9000000000E7000000E70000002000000D20D9
:106CA00000050D2050000D2000050D2050000D2086
:106CB00000000020000000E7000000E7000000E7FF
:106CC000000570EE0000E7EE0070EEEE5070EEEEA4
:106CD0000000002005000020000070EE005070EE63
:106CE000000070EE0000002000000020000000E71F
:106CF0000000A0E7608601008800000087042000F3
:106D000008000000090000E7090000E7090000E7AB
:106D1000000005E70000002000000D2000000D200D
:106D200000000D20500000200000002000000D2079
:106D300000000020000D00200000002000000020C6
:106D4000300000E7000000E7000000E700000DE76A
:106D50000005002000000020000000E700000020E7
:106D600000000D2005000020000000E700D050E7E3
:106D7000000000E700000020000D0020050D00E7E6
:106D8000000DA0E7608601002801000087041800BC
:106D90001800000009EEEE0E0000EEEEEE0500E732
:106DA00009E0EE0E5000EE05EE0000200900EE0EA8
:106DB000000000000000D0200000200E0DE005EED5
:106DC0000E00D0205000200E0DE0EEEE0E00002050
:106DD0000000EE0E0D00E20000D000200000000ECA
:106DE0000D00E20500D00020000D050E0D00E200B0
:106DF00000000020000D000E0000E2000000D02086
:106E0000050DEE0E000DE200E00000E70000200E90
:106E10000000EE50E05000E700D0200E0500EE002C
:106E2000E00000E70000200E0000EEEEEE0000E7BC
:106E30000500200E0000200E00000E20000D205E38
:106E4000D000200E00EE0E20000D200ED000200EEF
:106E500000200E200000200E0000205E00200E20EA
:106E60000500200E0000200E00EE0E200000EE0EA9
:106E7000000D200E00000E200000200E0000200E4D
:106E80000000002D0000203E0000EE0E00D000208B
:106E90000000EE0E0000EE0E000000E7000D000006
:106EA0000000EE0ED05000E70550E00E0000200E6E
:106EB000DA0000E760860100880000008704100007
:106EC000100000000000000000000000000000FFB3
:106ED000000000000000F0990F0000000000F0909A
:106EE000F900000000009F90F900000000F0000988
:106EF000F900000000F00090F900000000F0000030
:106F0000F900000000000F00F90000000000F00090
:106F1000F90000000000F000F90000000000F09906
:106F20000F000000000000FF000000000000000053
:106F30000000000000000000000000000000000051
:106F40000000000060860100880000008704100037
:106F500010000000000000FF000000000000F090A2
:106F60000F00000000000F00F900000000F000001A
:106F7000F900000000F00000F900000000F000003F
:106F8000990F000000000F90990F000000000F09FA
:106F9000900F000000009F00900F00000000F00024
:106FA000900F00000000F000900F00000000F000C3
:106FB000900F00000000F000900F00000000F000B3
:106FC000990F00000000009FF9000000000000F091
:106FD0000F00000060860100880000008704100098
:106FE000100000000000F0FF0000000000009F996A
:106FF0000F00000000F00099F9000000000F009061
:10700000990F0000F0000000900F0000F000000059
:10701000900F0000F000000090F90000000F000049
:1070200090F9000000FF000000F9000000F00000EF
:1070300090F90000F000900009F90000F0000099BC
:1070400090F90000F000000099F90000000F009096
:10705000990F000000F09F99FF0000000000F0FF72
:107060000000000060860100880000008704100016
:107070001000000000000000000F000000000000F1
:10708000F0F700000000000040770F00000000F45F
:10709000447FF70000444FF4FF7777FF00FFFF7F46
:1070A000777777F7F0777777F77F77F7F0777777F6
:1070B0007777DD0FF07777FF77D7DD0FF01711F7D0
:1070C00077D7DDFDF0F71FF7777777F7F01711F730
:1070D0007FF7FFFFF07777F770070000F07777F71B
:1070E000F00F000000FFFF0F000000000000000094
:1070F0000000000060860100880000008704100086
:1071000010000000000000000000000000FFFF0F62
:1071100000000000F07777F7F00F0000F07777F7C6
:1071200070070000F01711F77FF7FFFFF0F71FF768
:10713000777777F7F01711F777D7DDFDF07777FFDF
:1071400077D7DD0FF07777777777DD0FF077777781
:10715000F77F77F700FFFF7F777777F700444FF4EB
:10716000FF7777FF000000F44477F700000000008D
:1071700040770F0000000000F0F700000000000062
:10718000000F0000608601008800000087041000E6
:107190001000000000000000C00B00000000000014
:1071A000BCBD000000000000BCDD0B0000000000C2
:1071B000BCDDBDBB0000CCCBBCDDDDBD0000BBBB7E
:1071C000DBDDDD0B00B0DDDDDDDDBD0000B0DDDDD4
:1071D000DDDDBD0000B0DDDDDBDDBD0000B01D117B
:1071E000BDDDBD0000B01D1CDBDDBD0000B01D110C
:1071F000BDBB0B0000B0DDDD0B00000000B0DDDD2D
:10720000BD0000000000BBBB0B0000000000000040
:107210000000000060860100880000008704100064
:107220001000000000000000000000000000BBBBD8
:107230000B00000000B0DDDDBD00000000B0DDDDB2
:107240000B00000000B01D11BDBB0B0000B01D1CE9
:10725000DBDDBD0000B01D11BDDDBD0000B0DDDD1A
:10726000DBDDBD0000B0DDDDDDDDBD0000B0DDDD5E
:10727000DDDDBD000000BBBBDBDDDD0B0000CCCBEA
:10728000BCDDDDBD00000000BCDDBDBB00000000BA
:10729000BCDD0B0000000000BCBD000000000000D1
:1072A000C00B000000000000000000000000000013
:04000003100046C9DA
:00000001FF

:1000000E41140E2FB82FA2BBC2004A2900000000D7
:1000100E7B22636F6D7072657373696F6E223A2205
:1000200E4C5A4D41222C2268656164657253697A7F
:1000300E65223A3333312C227465787453697A65AC
:1000400E223A3133303039312C226E616D65223ACD
:1000500E2254657374207632204172636164652088
:1000600E2D2048756E6772792044696E6F2028774F
:1000700E6974686F75742073706C61736820736334
:1000800E7265656E29222C226555524C223A2268E1
:1000900E747470733A2F2F6172636164652E6D6193
:1000A00E6B65636F64652E636F6D2F222C22655610
:1000B00E4552223A22312E362E3234222C2270789C
:1000C00E74546172676574223A2261726361646569
:1000D00E227D5D0000800076FD0100000000000022
:1000E00E3D8889C65436C3174FE4E6BE7A4E39189A
:1000F00E09CDB90D2FE751011A175DC256406B3C61
:1001000EF5BFF473A30A640AB19C6B1B04F125D6E8
:1001100E530897ACB18497D85CFD1F83648E3DA0C5
:1001200ED4B78B7A01B558D014FAC576FDA4FDD597
:1001300EC0D1FBB5CE0D2AF26E4C6273881C61974E
:1001400E5124D95862A1932B0F0ECD6A15D243A319
:1001500E02B3FB1458E489C4C095F8D29EB7D152AD
:1001600E2E9D7467441FACECC0E72CC41769E59D47
:1001700E1E8D83A7E0BED043CEFE5DD2D904C585C9
:1001800E55156762E93C3D6E08D0E5F4FD205A1D19
:1001900E049BBD3FA7D3E2315D98E8367B1136D57F
:1001A00EEFD78062FA196B1FF7776C58DA44AB9D64
:1001B00E58BFDD63C88E8BD62DCC62292B585B15AC
:1001C00ED5B3EB147647468FFF11FFE9ED44F3F0FC
:1001D00EDC81F4AF755D192EACE87301A50C873880
:1001E00EEC6E3D7529503C7087B6E73383190831A4
:1001F00E4F2F71E4A65A14D62E5A1390705BD881E5
:1002000E91A807DCA8547BC2324A6292146AC204D7
:1002100EFA21E23145FBB7287F14C4DF98E6344556
:1002200E40CBB864313241A312801ECCFA000B9938
:1002300EFE1F8A0E689091B6ADB0D784ECA3B3536F
:1002400E8EE74EF8CD58A083905541BD5CCCBCB81E
:1002500E0E69482F5015CFEFCBA41F672A358DC5D9
:1002600E55B71147EBEB1B496566AF588DF16CAE78
:1002700E945D000A706C076B254E97E4ABB469BEB3
:1002800E3C8F8E4C186D93969D7041DD6A6AB81D39
:1002900E2127CD5327EBF8421B4B4195216430FAB1
:1002A00EB0C425FCF1A8BB0C2FB2E299996431FDC4
:1002B00EDE26386DDEA7508FC1CD2CD20E66BC2E39
:1002C00E719CE606D56171012542F2B861D5CE72F8
:1002D00EB650D12FA8DD02452E91436539D66D3A21
:1002E00E30351889B5CE143E68EB30B07F22F876E3
:1002F00E72841500C1B5581B70FBF2ED713BE060C6
:1003000EA60BDF6C0176AD7289C28D53756615A88A
:1003100E4594CB1D2AB7FF40685B466FA905C458AC
:1003200EA229F5D3C6260875F941A8ABCFDF310354
:1003300ED54B91E67413E339DB812643F9025CD089
:1003400EFDC71AACA4CC34E7D02B9E68A16D77A163
:1003500E4BB2BBF919FD756711790C8329221497DD
:1003600E297931496000F3FF5C27AFBBD5352A8B65
:1003700E0546669B7DC36C7A868C068140D6B94451
:1003800E5582381BE163C5F3A562531B830F6E9331
:1003900EA488CC4158059195970B9E2EF3FF9D9CFA
:1003A00E8DD019080CFB0A2BA4374F64E974F41C8A
:1003B00E75D73D7602DEB9818F144EED629C7ACAF6
:1003C00E3071EA97D55DE14C645C434BB3C014BF0A
:1003D00E649A501273AF9471E216A3FB7CB152CAA9
:1003E00E782C690D19F9C9DA0EECA95A8C21C5437E
:1003F00E7E000B7FB9A001BE2BAE8C7C0A7C622CDA
:1004000EA18652F19DA2ECBA817561F46DC7F141DE
:1004100E1A29F0B276BB392649F199FA57BA213F1B
:1004200EDDB7DA08D62EABF5B6EF01499057EAA83C
:1004300E87BBDF5C7C79F29F4FDD3D7032B538298A
:1004400EAFC13A9C84635BF5EC5657DDC08A0BF561
:1004500E152145B78D54439C9535F730201BED5C27
:1004600E83A53EA2FBE7E313E41A27FD7A318D4301
:1004700E0EA56C8AF681ADAB29454AD6E769607A3E
:1004800EDED705BA467D8368E1069E9AB5A0D406EE
:1004900EF6B34B084CCA71B7FBDD8B43D0724B16CB
:1004A00E7B37095E1C4083F2A4571FDCE36A0C27DE
:1004B00E7C619457A8E6B0250723A3AFBB01816EDC
:1004C00EE488B832577BFB67B7E2FAF0A9573915C3
:1004D00E994B7A37A8D60B2392E7CAA317DF31833D
:1004E00EC2CE12489B9D71BE3C00B4304A9ADA3F90
:1004F00EF89A8473668FA02ECFB55BC042FEED2FA7
:1005000E5732FF295DFF3ABC5F528DF8E149BD1F9E
:1005100ED15FDE4AB98FACE4890F87FE4EAE86DE20
:1005200E15C67CB86E2C898556DCF4E297DC2172F8
:1005300E4374844C832F53D7A3E701EB401950A685
:1005400EF39B0380C93E7FF0EA0774C980F57055AE
:1005500EE2C12974B632B43205F6344D3B1B1CD9B8
:1005600E8CB5016E9510E7CD6335D5E0CC074D32D5
:1005700EBDF519D957852F3A337382B0114B477693
:1005800EEE08E55ECCCC91039377C8670691DEAD9D
:1005900E88F35DFB4FCB998B86DCACEE5385FE600A
:1005A00E6116DC5F2DA456474C41F828165B805926
:1005B00E601ACA82B9ED2DD50BB5DC42A57853125F
:1005C00E1FC30FE57437F7E28BEE5E296E6D739ED7
:1005D00E4035B7B8305260F1522FD73932905D673F
:1005E00E2AFB41DE7F419F168FFACD5E9A65A68566
:1005F00EFED2F997405FA2BBD41A72EC184752266E
:1006000ECDEA3A472E878F16F2FD45A96A11B3C37C
:1006100E921C7DBA977C8A2D9BE931529CE44E8FB9
:1006200E0C752FE3683BE6D15F4335D9962F15291C
:1006300E3DF819C1B2D4919740C1D8ECA4332D47DF
:1006400EA37F2739B238CF549DD06B49E77950EF4D
:1006500E5B4905907E7BEF3F254C0F19DD51E289FA
:1006600E3CF44FBE4AF098034FECFC6B18482EB387
:1006700EDAE1FE9235E999DDD5FAECB36C60B90496
:1006800EDF89E184A5E7884F3031A4F561EFF3BA35
:1006900E623DA03DB762260D72EFD3D3F07644AF24
:1006A00E9F61A8059606191443325C831D9CADEC20
:1006B00E8FE81315D49A6D93887F808561D76C9CD3
:1006C00E51DA7C97B490277F472DE0B6EAE956B809
:1006D00E3EDC10E1BD1611BF1BF53CE1CE5DA0C89E
:1006E00EA869C5C6A9E7BC850417B460EBD1036E33
:1006F00EA08F926C253B84346CD5ED7F9553AC3F27
:1007000EF6DD07983FDB6BA913293395A4F91ABEC2
:1007100E63FF2950D0ACFCB0F656FA76C3F442DC37
:1007200EFD8449402D6EF4A4CA2D6D7F8B891DE288
:1007300EFFFFC71FCFEA7038490D5036F27E3CDB03
:1007400E394431DFACF364AC7B3C5944FEF24A11C0
:1007500E38FA281AEB552D55D4DFFBDC413AD42B51
:1007600ED49056C2BBEF62945DFDBE51C8DD50A859
:1007700E04A0390B26258391B0CD36B375D7C9F5B4
:1007800E06A62CD4B4ED4800A3F119EAFEABB51DB4
:1007900E97E9ED566C884A710BA73D5E9E93E40374
:1007A00E3B55D6F49C8E427247E3568D3E318A817C
:1007B00EDA96961DFA2D18499653FD1007FEC9FAC2
:1007C00E710FE0C75891D35C7BB0CDDDE4F722FD0D
:1007D00E9C36660145465646BC18CEF53485D88FF4
:1007E00E83D874BDC2317035D77904D17D54DBD234
:1007F00E4F4B95376CFEEBEAFB96BC8EFBECE58817
:1008000E508829C91A08ED1DDA6611B2ACB57DF112
:1008100E327A24A1852D3A871D7211FE80EF0BCD01
:1008200EFF1A2B95F1B4B6E88B60EF0A11B098035E
:1008300E94913AC43C2BA3C9974F71B33F5A07D832
:1008400E3C5CE93D1609C7923F4930CCB7C3DCF892
:1008500E42DE24D9EDD4B256E75E39A53884F1686C
:1008600ED8DA08F299567923516C0D243680EC644F
:1008700E2A00618A075CDA2DE5E45C7C4AAB4DEC1C
:1008800E70CDE1D5234EE304ADBE2A9C63D813CBC5
:1008900E6A216C3B82518944387411BF92AB81AF8F
:1008A00E4B02B7C5E82293AC6585077CDBD79EE784
:1008B00E416C26CE8C57C01F09D12350AF93767E44
:1008C00E9EB896783B03FBA9D28EA4185A7EB440EC
:1008D00EAC69E0436C19F9B7FE390069903BB3DBA4
:1008E00E72091C72BE1B6403754190001476CA2AED
:1008F00E68F421D52D24A0170B51C82EBC12BF5859
:1009000E38C2903F890DEAA6D521FA9D4286423C17
:1009100ED704180C83489DAF7C3128427A119BD5A1
:1009200E027ED58DB2486493D6B551F8A53842E50E
:1009300EC6268EEA0A27E8062734EF22D10139852A
:1009400EF1479709E16CB50396FC364D070ABB6B70
:1009500E6440C7CB4B65D99B9C328DC49C29874D77
:1009600EB806B86B06391C1BFA75187A1EBEC44041
:1009700E75BCA69CEEA3C31B3FF8F7FDDC0785AA4A
:1009800EBEB3CF81FCB2DEEC3181A554FEA79E3200
:1009900E28849AE53FF4D50F2B50953F34485EC31B
:1009A00EDC2C9D1B3D17E82E9F825A8C4AF4F503D2
:1009B00ECFB131B91C2B4289F7EB73A8E34D530D20
:1009C00E5B7BB88BB88D4FD65ACE88D5BD9C47254C
:1009D00E5EF75A7C97B746C7A4697FAB4C5E3A6AFE
:1009E00E862C0D8B7CBADD72DEF2C79B0DD94CE2E4
:1009F00E5E717F7154242FA3F5EF1E9AF4F650A466
:100A000E36F5E2AB292305ACC202E379D3344D753A
:100A100E6F26607CFB3008765A7672FF4C98F1C8D0
:100A200EA2DD83C566FDE3E6FAE0D1D028DB72CE07
:100A300E921FBE44D99AB6608322D5ED734C0C1C1E
:100A400E51FAD4C9FD6B22F30896654A4768A3A4F0
:100A500E01B9464624995627C4A7B772EC02DA9814
:100A600E041A353B6E9AAC13ED2D19DABF997894B2
:100A700E8F3212A2C0A666DB22613C2A388959F257
:100A800E346496953456DB264A6D2CDD9ED418FEC2
:100A900E2476436D2C1872F0B60E9FC82449523D31
:100AA00E96F1ACC9C15F7841F093A332131780CD94
:100AB00E5B744A9B72DE5D28C4C805E4E6E90E3914
:100AC00E4CEC1EDC45BCCA95D148CFAF0E71CB1095
:100AD00E67530231F2AC35507F728BBF2CF09E3AC9
:100AE00E24A892F8C06E2C0ADFEEFD6A172D1D5D4C
:100AF00E9263F74366957E39D975283273BBBFE48E
:100B000EC10A089C4EA551505A53A21B3B95AD28C5
:100B100E69A4C88BB7728CDE2FE9AE7F66A1AF19C0
:100B200EFA174DF3036ED6FED5805CB1AB8BAC528B
:100B300E7E00421D4C3F7C520D1946D2EC61C5A67B
:100B400E71F592FD403A8F8AC5FE4AD16B662865D3
:100B500E7D816F2E9E276F44C752126AFD330B04A0
:100B600E6360A4338A382E3FE514F942FE3838AE5E
:100B700E0C0C3CD451710D9C125519FB29FA20FF17
:100B800E96FAA6BB398737541A49FDBDEE64283F45
:100B900E7583FC8A43AD472803367B86BE4EC63B23
:100BA00EE08D638C6F4809379D26FF036CE7511467
:100BB00E5539CFA8C11E91D778D1034E551F029E2D
:100BC00E7B8563D440039CB9AB45B9272800419679
:100BD00E427AA2CE48634A1261C8FD8846945D856A
:100BE00E15D89005DE105D8A6FA70412A7E3521484
:100BF00E3AD6C56E68A8D24291F60552A4CE51B629
:100C000E376E08714372EF952724B5CFC510119634
:100C100E49453DA21D0D228707E5B21FFFE1CC34E9
:100C200E293F0A9A70E5CF68CD1E2459270F5068C8
:100C300EDAA3D10FDE195575F1C05D03219152E192
:100C400ED901A03B9A1071B78A1792111896DFE559
:100C500EC59D40976AEF10B217CD2E3D39E5BCF415
:100C600EC6ACDC73FC2943DE5B908776869201F07E
:100C700E5FB3A5F2B5518931EFA8D93CFDB553EE5E
:100C800E66529F59012E4FD58AFB90B10A7C71E6B0
:100C900E01FABBCB6FC480B1E62EAB10A6DCACFB69
:100CA00ED06339B17B4F5229618831F797A2F8DFB3
:100CB00EB4F7B7643BE3C2EDCB510EAAF2D365F4A1
:100CC00EB225753583CE56A3D77A191827F27E0131
:100CD00E46BF37FF2A5E8D8D12F5E82BE4650417AB
:100CE00E8F81D355472230603905D79B363449A8BA
:100CF00E6ED72FF5C3C670031B4F3312FB2BBF7E6F
:100D000EE8AA84231777E1BA373111258CEB6C4BA7
:100D100E15CF0C19F2047AADC5AAE0ACEE5CFF5B00
:100D200EFB11EE26887AF2258DD5ADC0B08D9DF3E0
:100D300E7E6B1EA87DB56F4EA97091182B36FC1ECA
:100D400E0576F8229552C71B30885EFEFE999322D7
:100D500E2516B01943660A1B254EB2695E7ACBD8AA
:100D600E4B28314B5EB7D846707DE34DB8858A4F20
:100D700EB794C375E05C523DCEBC9000EAC7123EFC
:100D800E96BCB1849F43FB62BB9A26BA36AEE0DABC
:100D900E25F1F0EC7DB2D03BD86E77C941A11FB8DA
:100DA00E63B1D714635C73E216A191AE23B15D6A91
:100DB00E2231ECA788FE5C08EFA35FFFBD24684FCD
:100DC00EE751E7A7D78CFC6BBFFBA502C6791623AC
:100DD00E7C12AE01C0F21E362870A791DEBEC80B83
:100DE00E0E891C72F2C64EEDAC28B0BC316073FA9F
:100DF00EAC4CF7DCADBC3D56AE05C0227C61255F28
:100E000EC844199E2EFA9E7F8A549C1ED5670518DB
:100E100E46B4232E5F61299D8663BA4B9543CC233E
:100E200E53EE7BC034EFF89D5CE0FF50174A8B55B4
:100E300E42925B2384BF5B19C5C696E61401B3EAE2
:100E400E8FE8B4ABCC6A4883AFFAF1E48E96B63332
:100E500E8F03D40554A0656118E66458B435CABC36
:100E600E8445BDBBAF7FCF674B1FC89A16A9B86527
:100E700E6F0952E26766095B207A5A9684B41E2F78
:100E800EA71DA48468EBB47E27AE16937A1CBD1AF8
:100E900EAB3E648EC09971F36441FD5F0A37B3387F
:100EA00EE980DBCF3EF83A7B6557231F5837869D86
:100EB00ED4C7904D81ADEA4332FA9F517BA75C8F28
:100EC00EBD61C26D9F71F556994FC9DC7D109BD9DE
:100ED00ECD5D7724959852597010945E5F73A37C04
:100EE00E699D9058D63F9D4D17F4F816154C3688CF
:100EF00E33B7169439F6E5F3625C40D4B4FA4CCAB3
:100F000EA5B3945DEAD9BF3FA8530B4A93D479B7E2
:100F100E05FE4566D866E7C619F222377D976F55EE
:100F200EA9340CE9D79534B6B4ECC45F406AEE9A96
:100F300EA8537BFA75C3A2F759DE321959CA27E9AD
:100F400E7CCDA8AE9019985687E089CCBD488F0EFF
:100F500E4D2D363D029D36E8465CCF8E1D38F8C3CA
:100F600E7D79BEFA53528610E60AF9592163973EEF
:100F700E81B8DB6966479459D4B9DA85B6AB49179F
:100F800ECCA365DE7C974C240851C3775F641DEDBE
:100F900EC628150D48815226EE3C15D2D3296E5126
:100FA00E78381948E2F858FCA9AA527C48483DAC5A
:100FB00E452C38E6C615C8FC0275D1F899C909C783
:100FC00E5BEA2B1C459C9CE54BAE6CAB40CDB04C0C
:100FD00E9CF57F9E2770C97FCF69AAEDF133E09211
:100FE00E970453820627D6FDC8892938C32FBA4BDA
:100FF00E83E09727857D9341FF28405CDB0AEEB5A1
:1010000E3C206A31195718E19B4D69B04F9BB5A32F
:1010100EF97748219B400E6E1F40840C4DF7150E3C
:1010200E71BD92377ACA9598FE1CDC1E952C03036F
:1010300ED97A79034D044698C335191252671EFAB0
:1010400EB3593CE2955CB18FFA28271238E3E87069
:1010500EF9DB3A85C7175522BC3409F8189062BDE2
:1010600EE8807A8464873336FB2F549654DD8A2ABF
:1010700E36CEB49C049E095773D108D269ADEFA742
:1010800E39A337D2E888C19FFDC9C4A6F9C53C5A19
:1010900E3883E2B867B24CC8CC1113DD46C326556F
:1010A00E66D9CE079A161636B407D44886BD79C3CC
:1010B00EFDE714DF178EEF3CCBB30E7DD435071A48
:1010C00EF93FD34C096E6B0B87148AB6281A783AFF
:1010D00E128E5E9A886E55381D1CC7BABA06E53751
:1010E00EAE0138041D4ABA0B33F726C08D9AEB01B8
:1010F00E4E5C645A91070D3FFADD1AFC0B04CCB11D
:1011000E1AE0857FF82DA16A184ADEFE7C54AA7B70
:1011100E27D148AF4B6EF3C885CCB8616F4C87189A
:1011200E10B1552A36489CE0737CDFF8260672D73C
:1011300E01A457CA28B5C33AC98A43BDA3E960467C
:1011400E553C1B7E530742F0E47675039032FD65E5
:1011500E83BC2ABB79FEECFD018C16DE9D87A38035
:1011600EAA486C1F89AFE148CD4D0318565AF7BFF8
:1011700E4C6F1E9AFF7F0880313B9EC6BA388D0693
:1011800EAA27D89A7B16FFAAB75CC7A632DFE80358
:1011900EE7B321C579648030713C7E306539758640
:1011A00E1DFB346EE7C51536D662A40ACCAAE23A08
:1011B00E2CA2734F25C327A7A4BFF0F5FA774B07D0
:1011C00EA41CE94B9D890D64FABBB33884C6501D2F
:1011D00E54FD9C885964809B280DD6825419BF19E2
:1011E00E9EDB0AEAA17517C667B28DB94612410E8B
:1011F00E41141CF897DB00486CE7EA6B66A85DDECD
:1012000E257B8345D3664B38E637769B362349C21A
:1012100E7E589722B614DD813CC57E64EA3FC9D361
:1012200EA4061A38BCE0240BC53EA087729689EC42
:1012300E32CD909CAB3DBFBD710D1B98E53DBA7C88
:1012400ED4C92B4052DDC6C6ABA5FD5E9D1873A951
:1012500EB6754B05A8449BE58BEEDDC64F1EEC8E96
:1012600E59FC7036DB069D8CB4D7ECD567A7E62A01
:1012700ECC17839AD9C8B83A2A9ED1291AE7D472C4
:1012800E63094E55521FC74DB9AD5D0607941E48F2
:1012900E1A4C56D2AAA83BD4D4954DE6D25E6337EB
:1012A00E7F7847C2E26EF096E5A3F344CCBCF8D348
:1012B00E8542129875DFE7D7CCC9084E349AE2887A
:1012C00EBE8685181B43006B9FE8DE5459312322DE
:1012D00E894BABC101CC3546BF066684B8841FBFAF
:1012E00EE32A7D760EAC5BC0A92282AF5F911A0F06
:1012F00ED86425D98F653244825A478ACB8A94EFB7
:1013000E0C5A990D4E5C2E2E293B4B044EC6C70D22
:1013100E27CBDE70A4B2D6892A4F2AA03F8A19DBCA
:1013200E3659C6C344CF2434BDF4FE6C00B83DC458
:1013300E6D17A5DCD1E108984FB06EC09314CF0E97
:1013400EFB4C63BA67EF294EAA57803065B356BD82
:1013500E1E9EF055E76E516A89B4071CE393F98D12
:1013600E9FFE75B207440A57CB3F30438DE5E932F5
:1013700E9279A31CD6D1E976A0144CD2A15E0CB6FC
:1013800E87D19BDF58ACBFE0162DD8E41F38E9AFEC
:1013900E839BE6274E9C7A6169EA0FEA0080957876
:1013A00E7E061EDBADD515912C0904E59ED4F67391
:1013B00E7B38FE99E8D34BFCAAD446BB3A9DB49138
:1013C00E767D73A3D50EFC78398E54183A6D6C0465
:1013D00EE50A72D5B45766138B56FE6041E47299D6
:1013E00E214A1C8C7949148B123922DBAB4720AE73
:1013F00E674BB78E61ABC5380A567A38A51E9785EE
:1014000E1CED9B61EFD7F42B5A85F2A140A48EE21E
:1014100E87EF98EF6148CDF850BE9A1BA46C145418
:1014200EE5AF34E457FD2DE107D5FD4DC9C47C650C
:1014300E600238AEF1CFCF50515F45A9F0023E1D8C
:1014400E7C293CE272FC87FCD4602859C62FE6E06A
:1014500E92966EC477E289011D0EC9CC0D79BE1E1F
:1014600E4040A376B0457FBE8B29C47E248FE48195
:1014700EFD39A495B9309051A35E01347F19FABF9E
:1014800E09DD065553A5A5C1F284FEEEB197FD9276
:1014900EBF66B6E7976F5683144997DE3F081C3A2E
:1014A00ECD39F3565B263DD651200CA255B1CE094F
:1014B00E614442947F8082177A64ED28D6452F9B33
:1014C00E6BE8B11B114B176B332C409EEF42E0E0E3
:1014D00E7A4542CF7A92AF7F08D39138D81E93B413
:1014E00E2670871F267EA929CBB676BCB48AFCB09F
:1014F00EDFDC9111A512208E084D5D1FA0EC21AFEF
:1015000E5122A1D6A0FA5C9E27D19DC4BC3D739DED
:1015100E29F0361BD6436993CF080E1379E46AB8C7
:1015200E12E3048720AA56D74EB78B115070AC68C1
:1015300EE214F69E8836EFA53E6ABEB66B292401EC
:1015400ED8501B93F48506A4638D61D6A545304013
:1015500EEA418CC0FC37AD6E290B64CBDF79A562F6
:1015600E28E6391196CADF3A91EE4AD8B1D93A1C1B
:1015700ED407E710C14FDBA5177598146811E185E4
:1015800EF865EE04BEFAE5CC82B0312BEF31199D31
:1015900EF373401A8D0FD007E068B164B9556783B5
:1015A00E46CA50B4C999CBF33A0135D8E587BD2761
:1015B00E2B67630CDCCA59680D60E446C8855ED3A0
:1015C00E2840DE20056F4C86767052963F145B7F66
:1015D00E468C69604A7B611625812BC1D395808A22
:1015E00E48FE762B5A040CDEF3A7AD2A6F5F7CFF04
:1015F00E90DFE5817E063E7D4F65E51E6BF7DA26B0
:1016000E415206FC17205597C34363357CFEF535D2
:1016100EFA7D744FFE6650FCF245978D3D124B5A83
:1016200E6714B8DD9916CB53D3316A8B568B06AB44
:1016300E9225A34755524FF57805CC5603DD7171AF
:1016400E67C5EA7926E0B2170294E10533D88B8B91
:1016500E473FC7AACBF5238E99E3E650F26380D5B8
:1016600EFC65590E6FF58FB15270DBFC20F40FEC58
:1016700E47DD0845650E5D577C9BB8078DEFC7D5D6
:1016800EBBAAC239798BFFF9B2173AE9B2F578875E
:1016900E96013EE2D461E0741E2A676D2A7A4CAA46
:1016A00E36D15F310E24E95351CFF07EAA3BEBDFEA
:1016B00E0AC8877B0A87367EC6F20CE0202E1CF8FD
:1016C00ED397138A79CEDC288CEF4759D97F627C69
:1016D00E3C5AAC345B112DA9AAC956ACBBF9F10F1B
:1016E00EA30A8A3EAF55001376F89989979BA6F206
:1016F00E2F5FDBAF0341BBD734302CA3D57C408C9E
:1017000EA30081F7305B439C88CAE01BD512A1076A
:1017100ED47DA78F1454CECD62FE4198718E8AE689
:1017200EEA39B5238B0B101D6E861919E6ABB795EA
:1017300EE8276B3E44EFA20E01A54346FB44E7E7C4
:1017400EC4BAA69411867C487B475188FADAB20F48
:1017500E2A17732F6BB12992208959AB32E0787317
:1017600E5FB08064C437D9EAA9395C80BA1DD9AF9D
:1017700E0DE154747557F4C132B5A38A7D5EA2E9AA
:1017800EAF60931442C39729F783BCA41F4B3BC78A
:1017900EB6E54CB87793786EEE5218CF938CC89806
:1017A00E1897BB8A2F41FDF89BC1789BDB47DCB4B1
:1017B00EDB3FE6AD5DD33B6247AE778AFBE0CB7392
:1017C00E2DDFA1A8BA423E8BEFA81B84C3F270E9AD
:1017D00E47FDADD541AFFE09E7F344A5CC374CE349
:1017E00E14FB440A2254A29BE2407EE771D7B24614
:1017F00E7DF060D9B0C1D5261FA7B6016AF788F96A
:1018000EC520C3A915CF9133002F04EE53753BA607
:1018100E455B8C6BA4F90EE88DA0EF2CE413166BD0
:1018200E4EC97B1DFDC3DCBFFF3EC1D24B9AFE22CB
:1018300E7A122980F47DE7EDFC2AAD9BF0C6830871
:1018400EB87140AA74D4A40DC495C8052B2D0600FA
:1018500EBA050B48A3CDBE351C637864C23A177126
:1018600EDA7EA268A532B49104306F64EDAFB21681
:1018700EC17FBE114E4146F1FE1E86500AE8CB2AAC
:1018800E6EC3DD54837AE6AA11516169F1A2E1516A
:1018900E67439EBEC73B195120D3135ECC4106ABA6
:1018A00E3FA9DDD41AB8CD55732B1660D2B1952A47
:1018B00E5444493FED1B1E40A7AB2A00236DB4C90B
:1018C00EFAEBD1A34AC3A13140364D08E9AE2571DA
:1018D00E23912DE790F9F1B057CCDF6A1BB52C3F61
:1018E00E4B9E3CA2E2321225A61F06A62E1A96DEAB
:1018F00E98452DCADCAD91AE328D0D49A96FA899D0
:1019000E32A9023CD842FCDF0F5411B253F9C8C2BF
:1019100EDFEB725CFCF078F62AABD0A66FCEF10A44
:1019200EDB5636C424FF092A06A6EE5E38C7A0137E
:1019300E05E6A983F1ED8CFC111948D53DDBD11BD1
:1019400E7C9FCF510204BB9BF65DD22D368951A1EF
:1019500E736D893C2350CB6EFAD9342F1C4CD1C6F3
:1019600E0B3B5A4E0D34E094A7796C330950D3A536
:1019700E6A83C4397354B4CB2978FAACF6CFB2F774
:1019800E73CF8E2C340A401438F0D40556C9132365
:1019900EEEEC648D3484A5607DAD7A1117591DAAC5
:1019A00E0BE02FF2A98F1521EB4B6101CFC06645DD
:1019B00E31B6139B6AFB1ED540BFA8107417A269DF
:1019C00EEC3694DCBAF6009591516D4E67C70861FE
:1019D00EE5F5270EE3633C642CF144305A960AD5A4
:1019E00E86F24FBB68D2A21D4E17D8073D220A6A57
:1019F00E09B1B2977442811C109EE2C09D01C232A1
:101A000E32EC15405A4DEED3A5DEAC8733200AFEDC
:101A100EA82924A6319AE8E5299AF6F412237274BD
:101A200E3B3385EE14836C7D04A884E7D985A6BB71
:101A300E5BC823FC94F52E1289D03C9DC0FC6D7FB3
:101A400E868A6BE56B88A9C768972C93215BCB5A66
:101A500E354F47106B4A4097B71A9C9BEF910099F0
:101A600EA47DE6883B81086F3001820657CE0205C1
:101A700E487AB6EF3CFAEECA88E305114C2D24A73E
:101A800E572CF05824FFD7033FAC490866495BE456
:101A900E9AEEF68E78B0B5A5EAB81F927D158DFC3C
:101AA00E6959DD94AC8BE7FA46A2812BE5217A26A3
:101AB00EC47EC6EE3948248B7CF7D0B6640A5C3FF0
:101AC00E97D7B1CEDCD0F1FD1EB2F3272004186CEF
:101AD00E787900A67BACAC672CFB93D61C4E92603B
:101AE00E026D4F4B6A7776E267B7DC351C4F456463
:101AF00E74917C1AEA7275E135F7AC78F35732615E
:101B000EFEA2F662F60C75E9F5729C8730731AD454
:101B100E048EB671062F9524E62B3D51B2ED5D1164
:101B200E7CECC06008D3A11AFCCC8FD14BD12D5ABE
:101B300EFB2A07117F3315FBBC56E7F5F1F5AF0015
:101B400EC0434A408EA4B5F2467656C78975A0EAC0
:101B500E8B147508AF267321910CF7C7694F43FE9E
:101B600ED046696C72ED11B22989852AA3F73E2AF7
:101B700E35CDE44CA873028308907BBE1AC97A4215
:101B800EFC1F5AEDF0EDA95BEBC396A9BA15D8E888
:101B900EE1841FFE19EAD4D375EB2D32CC56D2BE9A
:101BA00E627995C1074AB7219364A01E9AD343FF69
:101BB00E03411D6D3CB33CE27F589BA1AD68AFAFB6
:101BC00EB0033EE874251BB97EBEB503F123554123
:101BD00E8CE4B30133B286D40792BBEB863584B660
:101BE00E001A916A9ACFB5E6034BEF01CED96B6B13
:101BF00EB173552012B211E2D2FE9A3245AC04EC0A
:101C000E1B95AD9EF79F75F28218F392D5F960FB86
:101C100EB3BB3A85DDA33A944A7D69AF08DD648A89
:101C200EFB35813E3E0DFFCD1BCD6EEC6AE5825A33
:101C300E3C04D32BD1080F3246444BF1B37A8B06BA
:101C400EFA84EBC2DE1EE6AF3A8AB835184F20E9A9
:101C500EDE2FA0C5BDE5CDB07C2BDF53F24C5AFC78
:101C600E89DCA501894EB1629058B1BDAA151F66D7
:101C700E053B16C11DA87E015EB4860DB5AEDFEF25
:101C800EC0E247BDA2CC12736F0AAD3A3E7386F521
:101C900EBDBA0A6FB2285E9C3901990BAF2391CD64
:101CA00EE7CEBF2FFCE95CEB83667AE410E986BDD4
:101CB00E1EA4E0E0CC1FFB180B351C32A59F690457
:101CC00EBA636F1D4DF6DC77668DF2908BC29A94D7
:101CD00E1D166B92E71E9BE6B5A077F1B1B746E7EE
:101CE00EDAFFDC2C106735C5871DF8CC48D253833C
:101CF00E45E40DC729F4A3AB47B4A00D094FB65365
:101D000E5CD02D1CFF0F13B222C8B1B8FE220D12EB
:101D100E706E8D28895C38E8CD4DB4A8E25E7B06E6
:101D200E94C2D8CDF8200F1773A4337CCC2CB125D8
:101D300E7477BC21EF844B0E604933BAD2CC1B6B47
:101D400E91054BB79A8E2267DD4B0BA8438446EA6A
:101D500EAE85E5616AD481018C5ADBC34D862E2F88
:101D600EFC061F0D950A83E02D62F137C93E42270E
:101D700E7A7D585DD01B0F60CED9F36BA9014E76DC
:101D800E75AED133EF88E6FEFF98E959ABA56284B4
:101D900ECA19DEC5A6ABC64C7DE1951532AB7024D3
:101DA00EE4DA6AFE3B6A3956A72CC02809B6CF433F
:101DB00E946034E59FDC5E05D79245875977AD6B0D
:101DC00EE9CEE32E68F8DB70EB4EB7CF1AFA79A4A2
:101DD00EEB4511FEF712FA5F9F29709B5EF8F31820
:101DE00EAB69187F16908BC9D14248FE4E88060308
:101DF00E9AB9CAB66E1A919A7517A0BED7EBEA5564
:101E000E6B6C31B7060630923A49CC13D5BBC31C66
:101E100E5591226422762A37DF4AA7E84873B9A182
:101E200E96F75BC7E088735001CF0842ABD1C374FD
:101E300EED7F4E81564041270493B2FA34BD616D59
:101E400EABCAF3FDE28707DFC3758A7477573F2667
:101E500E5B4FC0D7D65A99AE11F61C684722FF4881
:101E600E0120D7310FF730393E15B679C025A6556A
:101E700E1727D1DF4C7A87977C1A8707D9A2AA70C9
:101E800E39495771F3049681ECFBAE0992C0805A22
:101E900E51F7FF2F175CEA07531B0059A0E0E6919C
:101EA00EDDF3683635A33467722849BA5ACA709082
:101EB00E13E91A6B1642D151CA6C674F1269D2EDF3
:101EC00E6C3F78AE7F6C2C74C337CD8FDDCEAA8479
:101ED00E76B595C45166793B6E108EB1A9E62D3458
:101EE00ECA086DA5BC93A68DDF15FE74194A6AB19A
:101EF00E21F896AE4D8F18C8F43F7559C42499F445
:101F000E6238174029CFA40ACC3D5B4E6BE16207C5
:101F100EB68AC4CEBCDE517B4B5CDFFFA62DC5233B
:101F200E1AFEBB67F2C3A5BDE7C30498E263ADEA30
:101F300E28DA3DA422DA0D1A5021B4E7C05C9F13B3
:101F400E128D9A60BF5AD2B489240170C3C11A058A
:101F500EC5915FB712CC7FF541930721154A1BA59A
:101F600EB3B606B7AB2C89E23E1B09C8A4B05ABC67
:101F700EE6C513171AA3697DE634AF2BD672B5D119
:101F800E479F780BADEABD0BFC2865FD69BE9BF63D
:101F900E743CA7D257DCA1F74EFD8C9956C4E0E5F0
:101FA00E257CD415435BD539C92D83014DBD421B0C
:101FB00E07794C3EEDD40D5D09DC54CCF7F427EED9
:101FC00EAB5A5DB52A7C5A6B58171C2E17FFBA6D8B
:101FD00EA597C592A5E7391A9BB7D5110F99261A61
:101FE00E318885F6CD8B8CD7E0FB60D02575ED9CC6
:101FF00E9066A33C10842D5DDBDF37AC0FC67DA849
:1020000E985195F7011719964D41060E2D53137CD5
:1020100E780044C63010ECF1D9821042FA274B51A9
:1020200EBE8ED40D393C50B7A9C897AB4E37779EAC
:1020300E32FB7E4A4940A20A0876501B5FF886B1F1
:1020400EA41C82069A6E2E79A807860905E7658D6F
:1020500E893727DF35255C6C4CCC9D6E63EDF01D0A
:1020600E17A95D329FFC4E4E67AA170DB88D74B33B
:1020700E31B1A6826021A18ACF6529D17FA725CA59
:1020800E8923C936FBB8D74C1F52ECFB9A603863D4
:1020900E3107EF0038D777BA5D561657F67D72F3D3
:1020A00E3FEBEFD77547F16CBA27DC97FA80845176
:1020B00E1D7BADAD49C0A9FAB2BBD6D84520A22A28
:1020C00E1EC3B40710F7B61F2432F20910A0EC9607
:1020D00E0CD2A8C2200CCEC1BBAA746C355EA40F64
:1020E00E0150D3B00FED758F81469962B516537AB4
:1020F00E3F93459040EB911192FD1A2971E7EC56F2
:1021000E66234A5A26DB668F72544AEF1A646F0BA7
:1021100EADC36590A95EFD5EA2D92B4568EDB5B441
:1021200EACB08A5F9C78830F288B52471B014C3CC6
:1021300E58D2F303AD84B244B23D7E4744B68BCD44
:1021400E60C270D199CC8661AF16BA84214599745C
:1021500E92868822187C67E36FA7DB1F75839F9793
:1021600E20615919AB16CE5587E0CD7EABA00091FC
:1021700E44E876D294C5E71380A729F04B982A41FC
:1021800EFF687BEB029C6C4A52E95D9E3C730983AF
:1021900EC40A95141A5E49C17992215105D8A4A793
:1021A00EC0D331B2630DB0B5344D59BBC3BF968D9C
:1021B00EA6DBCE16EAE9995A8A5E21FACCF89D1B67
:1021C00EB87082D2C5ABDA5A2ADF2F442D03797349
:1021D00E6CB1483B4F1FFFB6A43C013A8A6CE7989E
:1021E00EFE1F8CAA43035B5A9CFE0E0E3CF552C09A
:1021F00EC220D9DD457AA05C520A01849144789BB5
:1022000E105E719000F94609045B7A5E0512E702D2
:1022100EFBF714E0061EC48BE7AE0CDC48E6AF3BC2
:1022200EF0AE7671FAE298AB6A838E514ACD4AA12E
:1022300E372F19504D2A5B2A49B85E42DBDF218CBD
:1022400E10CB8DD340640E0FEA60942B0ABA7ABC81
:1022500EBD680C77A3A4396A779416395A204F0FAC
:1022600EB96B4A9D94B52649E1453825BF7AB8E940
:1022700EB49513AD2FFC4B16A6F04BD0A0F35DF02A
:1022800E8E7AA15D8088C2D00C340B1FEA153DCD2D
:1022900E1D082A866950140EAF57E24704C335B4A1
:1022A00E443AE7E53B70ADA1A54973F38D30E51DCA
:1022B00E17DD09316E27887ADAB2FDF6A2B0828375
:1022C00E2DE5AF82F9168AC4899748294FA19B6DD7
:1022D00E73F66FC83CEF7AF09922BE2796A6DEDC25
:1022E00E3235D70D7F935A15B229816F62610E7FF9
:1022F00E2270A2E9AE03CC9F0498BD0DA913BC8435
:1023000EDA2C75213C72830773637337A5AD99661A
:1023100EABAA9BF616EB042CE436FEFA0991E93FC4
:1023200E078A2BC262EABDE874643D76E5FC90D262
:1023300ECBB1D0164D96B313C8FD8930A8C7B94995
:1023400E3773D257EFA943770CE2DFDCDEC29885F4
:1023500E72207DEB56BE751B5173707EDA16666D5C
:1023600E8992FF5D7E201DFE6FDD651B063EC84116
:1023700EFF41C3E174A6E7E4BDE106D4E7AFA15186
:1023800ED36197AE846B65583F73068C086CF6CBA1
:1023900E2529399595461D5382C690FD42AD73EAA7
:1023A00E382CBCAEB517A2949A8AC526C24DEBFF47
:1023B00E63BA0DEA1A5E0EF372C412974FB97781A3
:1023C00E3FC8A60A801272B8F3DEB0C5AF3E15C67E
:1023D00E83C2B93387C85C17EA6E0EE44D71732A57
:1023E00E6AE712781AD4B02E14481FFCB47CAC7075
:1023F00EBDC5CFE073C8C889E9458C6EBD74F66063
:1024000ED9402BE49CE8F1BEEF21A70E5C62E3609D
:1024100ECB189B3EFA0061F28F7692CD237030A7D7
:1024200EDCD447A0C645FF37F2B0F493C815101D93
:1024300EFA9C42DD40D821E8378ED212602FAC0EC6
:1024400ED8CB1C60ACDEC8021B2FBFC0A94F6C14CA
:1024500E218F2307EE3C84ACC2809847B0E41BCF9B
:1024600E20CF4FB65EAD7259BA4966CBE58C833B31
:1024700E127C36E1493AD084339070137C4E65C09D
:1024800E3F5BCBA8F1CB3BAFD76D9EFE87E7C49CDD
:1024900E37B06A02ED02D29F5F381CBE71EE06495C
:1024A00EAC77F35478AB7954DB6177F6A4AE7A0B44
:1024B00E0BDDB88FACB134BD975DB59F964FA05173
:1024C00EA69F56144B78D5A6A1958F77858F72BF90
:1024D00E6AF739CE8E2E7544CB68067FF8CCEE9116
:1024E00E8BE6549E6A0B33ED785B975ADB7815D6E4
:1024F00ED19EFC75D52C86EED3C4C3C7182BDCD663
:1025000E4301EFDB84F1867259810C4297C1D92BBE
:1025100E719F75F11414703ED5B9CA6798FA584D6B
:1025200E4535A83404C4114C35AB3EAA2910458B51
:1025300E0809760D6B45560EA08C1B30AFB0566356
:1025400E9C2C308A3873FE5731D28B14DF7E648810
:1025500EBC58F0BE6319F06DDC4556030124C8ABC0
:1025600E621AB48F894DC501D045924D5A72CA2B4D
:1025700E7F760DBC82D375EB836415521585570C8F
:1025800E5861FD9A34DBDC9C9B70861BA15D67D67F
:1025900E580754BD20BE891B8EBAE9AED22CE4EF8B
:1025A00E813EC2B1BEB9E12F8A15F1D54A1C2DFE6E
:1025B00EFE72E570884B7C748362FE54C474E673BD
:1025C00E76681D797115EFAFDC442707BBA071014A
:1025D00E7FBB3E6CD1AA3DE1767A4A3357941652B0
:1025E00E7CBDAFC1562D7F15FFC217541DF48BB2A3
:1025F00E484D0D64F9C98CDD81C83C9426D27062B9
:1026000E83D23D653410522442F62D0782E965656A
:1026100E857A1E8B39F3D20D0953B1ABED02A6B2FA
:1026200E543C6E575FAE528955BB4EF98B23C10297
:1026300E1D223DCD025CD4D12F9180FB0363461B3E
:1026400EB3344AC478080C6253F4072055F82617A1
:1026500EA7B9E04D96119E746DF3F5685A16993D23
:1026600E6C0961151CB8D0110187462F32FAB26C75
:1026700EAB3E9AC80CEF4415F78C73A59BBC37B5CF
:1026800E132E2BC1C8EC2783409E0E05085C175BEA
:1026900ED51FB92D7D1FBB4A7A469B5CD4BD90D306
:1026A00EEEEE086772A70EAC7AF4A28436DD3DE337
:1026B00EA12B5840F2FF0B29DF8AE84F42BAB1B87E
:1026C00EA71865A69CBEFD112D9BC942F945D4B431
:1026D00E32FCC2883D50CFF1181FFD893FBBB56853
:1026E00E55CBAAC65BDF0FCA6E51AF67B70626DDA4
:1026F00E642C2A55038D68E271E244D4B69C14F220
:1027000EC1F88E1A5A64D8EA2827CEA558380288FE
:1027100E1DF0F3A6E94505FFB660AB9ED9261ACB90
:1027200E5D10669A3F9460DA049B79322EE9164169
:1027300E61B54C81CD4E2FF9A6A268BA14BA993B59
:1027400E68A89CFC6973156746AF1847CC62C5A68E
:1027500EDA17A2EA9B41A5796054BD2E636CB6646C
:1027600E9C34EC6F8B0D875AA445DCDBFCD6A5841C
:1027700E744B958A307B8459B162D8F4E8A878CC32
:1027800E085C53C9CE78AE44741E0872D7C99488BB
:1027900E7E50D48C5ECC1F794CC598121600A25E6A
:1027A00ECC8853DD1BEB14CC75C622280B2B58B4EA
:1027B00E156DC3BCAB38A77FB1E5602803FE80D191
:1027C00EEB387614EDFC1E2E0D21E7FF60BFCDFB1E
:1027D00EDEC7241D07EB972AB3CA8E16B5AF604924
:1027E00E2E6BE517F42611D47AC4054AC8A242A36B
:1027F00E5993AD33D19768396077BEF6BED6657101
:1028000E6A69BE1FE6FC7CBF07747BC97EB7653262
:1028100E595BB2A74C2B938A00245DDB24737B801B
:1028200E1D210C21170D28EAC4C02D67FD9A75E0F5
:1028300E60DA900B423855442EC01FC9AA3B48BDE2
:1028400E04CFF8B10FF29DAFE93C065B38B98F00AB
:1028500EE2A146739E8E88E4EAF6B24C871615FF07
:1028600E6819431FE560BB705B97513F3919E2D77A
:1028700E714796D5AD662E601C57DF525BC1B40B07
:1028800E9FAE622588AFBCD05CD1CE0AAA3F0ED7D0
:1028900EE8C2D949D21F380F8AD0A5193140F11C90
:1028A00EA7FAF90C820AAEBCCAFEBB4EDF6D91557B
:1028B00E093D3F190AE146FFFCDE7540D1E1E1F02A
:1028C00E07427B4BEB52DB199C0D0FA99142A19055
:1028D00E9845ED3C5F7AC98BBC97F4FD045D0DC73E
:1028E00EE65EBA99A54F45B00948A913BB8C992449
:1028F00E9BCC6280BE457533C920C412D9D6928E48
:1029000EF0E3F13C8306E2BC02BF312A6F1D890958
:1029100EC3F2D5BCAD6F927CB087F4EE999C62ADDC
:1029200E37B4D65B8331D0DEB1C52DC2F35EE9215B
:1029300E446FAF0684EB2CDD5F5389F2EE3FAB1F85
:1029400E939ACDA4EEC04CAD63D8DA713EDA038F04
:1029500EEF4D00DAED5B1A271E6A7426A755C36485
:1029600EBAF0011E9CB2B0AC403321D240C917E878
:1029700EC8E77B711E125149F96925F49FF10A00CF
:1029800E7F396064E2828C3AB79BCB319281FBC275
:1029900E480A1A2861BC4E27D470733DDE192FE801
:1029A00EE7E029FB2EDFE872AE4F779E5EC2C0E0F5
:1029B00E4947AD8AC3D8B4FA2A97F826A4B1011DA7
:1029C00E5F836FBA18D5360D7CE4C2400093CE1DDE
:1029D00ECD92E5D877476654E8149ABB83C34DC4AD
:1029E00E5487E1A9A9D3F1F13D9678283C792D4978
:1029F00E07FA561EBC48EAE7BB8D830A68E8996061
:102A000E00EAB424DF0D8542195331AE97E68CDF10
:102A100EE15209607B86FFFF6C3A9C0000000000CB
